   0  0  0 14   0 1 1   0
   1  0  0 13   0 0 1   1
   2  0  0 12   0 0 1   1
   3  0  0 11   1 1 1   2
   4  0  0 10   1 0 1   2
   5  0  0  9   1 0 1   3
   6  0  0  8   1 0 1   3
   7  0  0  7   2 1 0   4
   8  0  0  6   2 0 1   4
   9  0  0  5   2 0 0   5
  10  0  0  4   2 0 1   5
  11  0  0  3   3 0 0   6
  12  0  0  2   3 0 1   6
  13  0  0  1   3 0 1   7
  14  0  0  0   3 1 0   7
  15  0  1 15   0 1 1   0
  16  0  1 14   0 0 1   0
  17  0  1 13   0 1 1   1
  18  0  1 12   0 0 1   1
  19  0  1 11   1 1 1   2
  20  0  1 10   1 1 1   2
  21  0  1  9   1 0 1   3
  22  0  1  8   2 1 0   3
  23  0  1  7   2 0 1   4
  24  0  1  6   2 1 0   4
  25  0  1  5   2 0 1   5
  26  0  1  4   3 1 0   5
  27  0  1  3   3 1 0   6
  28  0  1  2   3 0 0   6
  29  0  1  1   3 0 1   7
  30  0  1  0   3 0 1   7
  31  0  2 15   0 1 0   0
  32  0  2 14   0 1 0   0
  33  0  2 13   0 1 0   1
  34  0  2 12   0 0 1   1
  35  0  2 11   1 0 0   2
  36  0  2 10   1 1 0   2
  37  0  2  9   1 0 0   3
  38  0  2  8   2 1 0   3
  39  0  2  7   2 1 0   4
  40  0  2  6   2 0 1   4
  41  0  2  5   3 1 0   5
  42  0  2  4   3 1 1   5
  43  0  2  3   3 1 0   6
  44  0  2  2   3 0 1   6
  45  0  2  1  20 1 0   7
  46  0  2  0  20 1 1   7
  47  0  3 15   0 1 0   0
  48  0  3 14   0 0 0   0
  49  0  3 13   0 0 0   1
  50  0  3 12   0 0 0   1
  51  0  3 11   1 1 0   2
  52  0  3 10   1 0 0   2
  53  0  3  9   2 1 0   3
  54  0  3  8   2 0 1   3
  55  0  3  7   2 1 0   4
  56  0  3  6   2 0 1   4
  57  0  3  5   3 1 0   5
  58  0  3  4   3 0 1   5
  59  0  3  3   3 1 1   6
  60  0  3  2  20 1 0   6
  61  0  3  1  20 0 1   7
  62  0  3  0  20 0 1   7
  63  0  4 15   0 1 0   0
  64  0  4 14   6 1 0   8
  65  0  4 13   6 0 1   9
  66  0  4 12   6 0 0   9
  67  0  4 11   6 0 1  10
  68  0  4 10   5 0 0  10
  69  0  4  9   5 1 0  11
  70  0  4  8   5 0 1  11
  71  0  4  7   4 1 0  12
  72  0  4  6   4 0 1  12
  73  0  4  5   4 1 0  13
  74  0  4  4   4 0 1  13
  75  0  4  3   4 0 1  14
  76  0  4  2  20 0 1  14
  77  0  4  1  20 1 0  15
  78  0  4  0  20 0 1  15
  79  0  5 16   6 1 0   8
  80  0  5 15   6 0 1   8
  81  0  5 14   6 1 0   9
  82  0  5 13   6 0 1   9
  83  0  5 12   5 1 0  10
  84  0  5 11   5 0 1  10
  85  0  5 10   5 0 0  11
  86  0  5  9   5 0 1  11
  87  0  5  8   4 1 0  12
  88  0  5  7   4 0 0  12
  89  0  5  6   4 0 0  13
  90  0  5  5   4 1 1  13
  91  0  5  4  20 1 0  14
  92  0  5  3  20 1 0  14
  93  0  5  2  20 0 0  15
  94  0  5  1  20 1 0  15
  95  0  5  0  20 0 1  15
  96  0  6 16   6 1 0   8
  97  0  6 15   6 1 1   8
  98  0  6 14   6 1 0   9
  99  0  6 13   6 0 1   9
 100  0  6 12   5 1 0  10
 101  0  6 11   5 1 1  10
 102  0  6 10   5 0 1  11
 103  0  6  9   5 0 1  11
 104  0  6  8   4 1 0  12
 105  0  6  7   4 0 1  12
 106  0  6  6   4 0 1  13
 107  0  6  5  19 1 0  13
 108  0  6  4  19 0 1  14
 109  0  6  3  20 0 1  14
 110  0  6  2  20 1 0  15
 111  0  6  1  20 0 1  15
 112  0  6  0  18 1 1  23
 113  0  7 16   6 1 0   8
 114  0  7 15   6 0 1   8
 115  0  7 14   6 1 0   9
 116  0  7 13   6 0 1   9
 117  0  7 12   5 1 0  10
 118  0  7 11   5 0 1  10
 119  0  7 10   5 1 1  11
 120  0  7  9   4 1 0  11
 121  0  7  8   4 1 1  12
 122  0  7  7   4 0 1  12
 123  0  7  6  19 0 1  13
 124  0  7  5  19 1 1  13
 125  0  7  4  19 1 0  14
 126  0  7  3  19 1 0  14
 127  0  7  2  18 0 1  15
 128  0  7  1  18 1 0  23
 129  0  7  0  18 1 0  23
 130  0  8 16   7 1 0   8
 131  0  8 15   7 0 1  16
 132  0  8 14   7 0 0  17
 133  0  8 13   7 0 1  17
 134  0  8 12   8 0 0  18
 135  0  8 11   8 0 1  18
 136  0  8 10   8 1 0  19
 137  0  8  9   8 0 1  19
 138  0  8  8   4 1 0  20
 139  0  8  7  19 0 1  20
 140  0  8  6  19 0 1  21
 141  0  8  5  19 0 1  21
 142  0  8  4  19 1 0  21
 143  0  8  3  18 0 1  22
 144  0  8  2  18 1 0  22
 145  0  8  1  18 0 1  23
 146  0  8  0  18 1 0  23
 147  0  9 16   7 1 0  16
 148  0  9 15   7 1 0  16
 149  0  9 14   7 0 1  17
 150  0  9 13   8 1 0  17
 151  0  9 12   8 1 0  18
 152  0  9 11   8 1 0  18
 153  0  9 10   8 0 1  19
 154  0  9  9  19 0 1  19
 155  0  9  8  19 0 1  20
 156  0  9  7  19 1 0  20
 157  0  9  6  19 0 0  21
 158  0  9  5  19 1 0  21
 159  0  9  4  18 0 1  22
 160  0  9  3  18 0 0  22
 161  0  9  2  18 0 1  22
 162  0  9  1  18 0 1  23
 163  0  9  0  18 1 0  23
 164  0 10 17   7 0 1  16
 165  0 10 16   7 1 1  16
 166  0 10 15   7 1 0  17
 167  0 10 14   8 1 0  17
 168  0 10 13   8 0 1  18
 169  0 10 12   8 1 1  18
 170  0 10 11   8 0 1  19
 171  0 10 10  15 1 0  19
 172  0 10  9  15 1 1  20
 173  0 10  8  19 1 0  20
 174  0 10  7  15 1 0  21
 175  0 10  6  16 0 1  21
 176  0 10  5  16 1 0  21
 177  0 10  4  18 0 1  22
 178  0 10  3  18 1 0  22
 179  0 10  2  18 1 0  22
 180  0 10  1  17 0 1  23
 181  0 10  0  17 1 1  31
 182  0 11 17   7 1 0  16
 183  0 11 16   7 0 1  16
 184  0 11 15   7 0 1  17
 185  0 11 14   8 1 0  17
 186  0 11 13   8 0 1  18
 187  0 11 12   8 1 0  18
 188  0 11 11   8 0 1  19
 189  0 11 10  15 1 1  19
 190  0 11  9  15 0 1  20
 191  0 11  8  15 1 0  20
 192  0 11  7  16 0 1  28
 193  0 11  6  16 1 1  28
 194  0 11  5  16 0 1  29
 195  0 11  4  16 1 0  29
 196  0 11  3  17 0 1  30
 197  0 11  2  17 1 0  30
 198  0 11  1  17 0 1  31
 199  0 11  0  17 1 0  31
 200  0 12 17   7 1 0  16
 201  0 12 16   7 1 0  24
 202  0 12 15   7 0 1  25
 203  0 12 14   9 0 1  25
 204  0 12 13   9 1 0  25
 205  0 12 12  15 0 1  26
 206  0 12 11  15 0 1  26
 207  0 12 10  15 1 0  26
 208  0 12  9  15 1 0  27
 209  0 12  8  15 1 0  27
 210  0 12  7  16 0 1  28
 211  0 12  6  16 0 0  28
 212  0 12  5  16 1 1  29
 213  0 12  4  16 1 0  29
 214  0 12  3  17 0 1  30
 215  0 12  2  17 1 0  30
 216  0 12  1  17 1 0  31
 217  0 12  0  17 1 0  31
 218  0 13 17   9 0 1  24
 219  0 13 16   9 0 1  24
 220  0 13 15   9 1 0  25
 221  0 13 14   9 1 0  25
 222  0 13 13  14 1 0  25
 223  0 13 12  13 1 0  26
 224  0 13 11  15 0 1  26
 225  0 13 10  15 0 1  27
 226  0 13  9  15 0 0  27
 227  0 13  8  16 0 1  27
 228  0 13  7  16 1 0  28
 229  0 13  6  16 0 1  28
 230  0 13  5  16 0 0  29
 231  0 13  4  16 1 0  29
 232  0 13  3  17 0 0  30
 233  0 13  2  17 0 1  30
 234  0 13  1  17 1 0  31
 235  0 13  0  17 1 0  31
 236  0 14 17   9 0 1  24
 237  0 14 16   9 1 0  24
 238  0 14 15   9 0 1  25
 239  0 14 14  14 1 0  25
 240  0 14 13  14 1 0  26
 241  0 14 12  15 0 1  26
 242  0 14 11  15 0 0  26
 243  0 14 10  13 1 1  27
 244  0 14  9  13 1 0  27
 245  0 14  8  12 0 1  27
 246  0 14  7  12 0 1  28
 247  0 14  6  12 1 0  28
 248  0 14  5  16 1 0  29
 249  0 14  4  17 0 1  29
 250  0 14  3  17 0 1  30
 251  0 14  2  10 0 0  30
 252  0 14  1  10 1 0  40
 253  0 14  0  10 1 0  40
 254  0 15 18   9 1 0  24
 255  0 15 17   9 1 0  24
 256  0 15 16   9 1 0  32
 257  0 15 15  14 0 1  34
 258  0 15 14  14 0 1  34
 259  0 15 13  13 0 1  34
 260  0 15 12  13 0 1  34
 261  0 15 11  13 0 1  35
 262  0 15 10  13 1 0  36
 263  0 15  9  12 0 1  36
 264  0 15  8  12 1 0  37
 265  0 15  7  12 1 1  37
 266  0 15  6  11 0 0  38
 267  0 15  5  11 1 0  38
 268  0 15  4  11 0 0  39
 269  0 15  3  11 1 0  39
 270  0 15  2  10 0 0  40
 271  0 15  1  10 1 0  40
 272  0 15  0  10 1 0  40
 273  0 16 18   9 0 1  32
 274  0 16 17   9 0 1  32
 275  0 16 16  14 0 1  32
 276  0 16 15  14 1 1  34
 277  0 16 14  14 1 1  34
 278  0 16 13  13 0 1  34
 279  0 16 12  13 1 0  35
 280  0 16 11  13 0 1  35
 281  0 16 10  13 1 0  36
 282  0 16  9  12 0 0  36
 283  0 16  8  12 1 0  37
 284  0 16  7  12 1 0  37
 285  0 16  6  11 0 0  38
 286  0 16  5  11 1 0  38
 287  0 16  4  11 1 0  39
 288  0 16  3  11 1 0  39
 289  0 16  2  10 0 0  40
 290  0 16  1  10 0 1  40
 291  0 16  0  10 1 0  40
 292  0 17 18   9 0 1  32
 293  0 17 17  14 0 1  33
 294  0 17 16  14 0 0  33
 295  0 17 15  14 0 1  32
 296  0 17 14  14 1 0  33
 297  0 17 13  13 0 1  35
 298  0 17 12  13 1 0  35
 299  0 17 11  13 1 0  36
 300  0 17 10  12 0 1  36
 301  0 17  9  12 0 1  37
 302  0 17  8  12 1 0  37
 303  0 17  7  11 0 1  38
 304  0 17  6  11 0 1  38
 305  0 17  5  11 0 1  39
 306  0 17  4  11 1 1  39
 307  0 17  3  10 0 1  41
 308  0 17  2  10 0 1  41
 309  0 17  1  10 1 1  41
 310  0 17  0  10 1 1  41
 311  0 18 17   9 1 0  32
 312  0 18 16  14 1 0  33
 313  0 18 15  14 0 1  33
 314  0 18 14  14 0 0  33
 315  0 18 13  14 1 0  33
 316  0 18 12  13 0 0  35
 317  0 18 11  13 0 1  35
 318  0 18 10  12 0 1  36
 319  0 18  9  12 1 0  36
 320  0 18  8  12 0 1  37
 321  0 18  7  12 1 0  37
 322  0 18  6  11 0 1  38
 323  0 18  5  11 1 1  38
 324  0 18  4  11 0 1  39
 325  0 18  3  11 1 1  39
 326  0 18  2  10 0 1  41
 327  0 18  1  10 0 1  41
 328  0 18  0  10 1 1  41
 329  1  0 18  25 1 0  42
 330  1  0 17  25 1 0  42
 331  1  0 16  25 1 0  43
 332  1  0 15  25 0 1  43
 333  1  0 14  24 1 0  44
 334  1  0 13  24 0 1  44
 335  1  0 12  24 1 0  45
 336  1  0 11  24 0 1  45
 337  1  0 10  23 1 0  46
 338  1  0  9  23 0 1  46
 339  1  0  8  23 1 0  47
 340  1  0  7  23 0 1  47
 341  1  0  6  22 0 0  48
 342  1  0  5  22 1 0  48
 343  1  0  4  22 0 0  49
 344  1  0  3  21 1 0  49
 345  1  0  2  21 0 0  50
 346  1  0  1  21 1 0  51
 347  1  0  0  21 1 0  51
 348  1  1 19  25 0 1  42
 349  1  1 18  25 0 1  42
 350  1  1 17  25 0 1  43
 351  1  1 16  25 1 0  43
 352  1  1 15  24 0 1  44
 353  1  1 14  24 1 0  44
 354  1  1 13  24 1 0  45
 355  1  1 12  24 0 1  45
 356  1  1 11  23 1 0  46
 357  1  1 10  23 0 1  46
 358  1  1  9  23 1 0  47
 359  1  1  8  23 0 1  47
 360  1  1  7  22 1 0  48
 361  1  1  6  22 0 1  48
 362  1  1  5  22 0 1  49
 363  1  1  4  22 0 1  49
 364  1  1  3  21 1 0  50
 365  1  1  2  21 1 0  50
 366  1  1  1  21 0 1  51
 367  1  1  0  21 0 1  51
 368  1  2 19  53 0 1  42
 369  1  2 18  25 1 0  42
 370  1  2 17  25 1 0  43
 371  1  2 16  24 1 0  43
 372  1  2 15  24 1 0  44
 373  1  2 14  24 0 1  44
 374  1  2 13  24 0 1  45
 375  1  2 12  24 0 1  45
 376  1  2 11  23 1 0  46
 377  1  2 10  23 0 1  46
 378  1  2  9  23 1 0  47
 379  1  2  8  23 0 1  47
 380  1  2  7  22 1 0  48
 381  1  2  6  22 1 1  48
 382  1  2  5  22 1 0  49
 383  1  2  4  22 0 1  49
 384  1  2  3  21 1 0  50
 385  1  2  2  21 0 1  50
 386  1  2  1  21 1 1  51
 387  1  2  0  21 0 1  51
 388  1  3 19  53 1 0  42
 389  1  3 18  53 0 0  42
 390  1  3 17  53 0 1  43
 391  1  3 16  25 0 1  43
 392  1  3 15  25 0 1  44
 393  1  3 14  25 1 0  44
 394  1  3 13  24 0 1  45
 395  1  3 12  24 1 0  45
 396  1  3 11  24 1 0  46
 397  1  3 10  23 1 0  46
 398  1  3  9  23 1 0  47
 399  1  3  8  23 0 1  47
 400  1  3  7  22 1 0  48
 401  1  3  6  22 1 0  48
 402  1  3  5  22 0 1  49
 403  1  3  4  22 0 1  49
 404  1  3  3  22 1 1  50
 405  1  3  2  21 1 0  50
 406  1  3  1  21 0 1  51
 407  1  3  0  21 0 1  51
 408  1  4 19  53 1 0  52
 409  1  4 18  53 0 1  52
 410  1  4 17  53 1 0  53
 411  1  4 16  53 0 1  53
 412  1  4 15  25 1 0  54
 413  1  4 14  26 0 1  54
 414  1  4 13  27 0 1  55
 415  1  4 12  27 1 0  55
 416  1  4 11  23 0 1  56
 417  1  4 10  27 1 0  56
 418  1  4  9  27 0 1  57
 419  1  4  8  28 1 0  57
 420  1  4  7  28 0 1  58
 421  1  4  6  28 1 0  59
 422  1  4  5  28 0 1  59
 423  1  4  4  29 1 0  60
 424  1  4  3  29 0 1  60
 425  1  4  2  29 1 0  50
 426  1  4  1  29 1 0  61
 427  1  4  0  21 0 1  61
 428  1  5 19  53 1 1  52
 429  1  5 18  53 0 1  52
 430  1  5 17  53 1 0  53
 431  1  5 16  25 0 1  53
 432  1  5 15  25 0 1  54
 433  1  5 14  26 1 0  54
 434  1  5 13  26 0 1  55
 435  1  5 12  26 1 1  55
 436  1  5 11  26 0 1  56
 437  1  5 10  27 0 1  56
 438  1  5  9  27 1 0  57
 439  1  5  8  27 0 1  57
 440  1  5  7  28 1 0  58
 441  1  5  6  28 0 1  58
 442  1  5  5  28 1 0  59
 443  1  5  4  28 0 1  59
 444  1  5  3  29 1 0  60
 445  1  5  2  29 0 1  60
 446  1  5  1  29 0 1  61
 447  1  5  0  29 0 1  61
 448  1  6 20  53 1 0  52
 449  1  6 19  53 1 0  52
 450  1  6 18  53 1 0  53
 451  1  6 17  53 0 1  53
 452  1  6 16  53 0 1  54
 453  1  6 15  26 1 0  54
 454  1  6 14  26 0 1  55
 455  1  6 13  26 1 0  55
 456  1  6 12  27 1 0  56
 457  1  6 11  27 1 0  56
 458  1  6 10  27 0 1  57
 459  1  6  9  27 1 0  57
 460  1  6  8  27 0 1  58
 461  1  6  7  28 1 0  58
 462  1  6  6  28 0 1  58
 463  1  6  5  28 1 0  59
 464  1  6  4  28 0 1  59
 465  1  6  3  29 1 0  60
 466  1  6  2  29 0 1  60
 467  1  6  1  29 1 0  61
 468  1  6  0  29 0 1  61
 469  1  7 20  52 0 1  52
 470  1  7 19  52 1 0  52
 471  1  7 18  51 0 1  53
 472  1  7 17  51 0 1  53
 473  1  7 16  51 1 0  54
 474  1  7 15  26 1 0  54
 475  1  7 14  26 0 1  55
 476  1  7 13  26 1 0  55
 477  1  7 12  26 0 0  56
 478  1  7 11  26 1 0  56
 479  1  7 10  27 1 0  57
 480  1  7  9  27 1 0  57
 481  1  7  8  27 0 1  68
 482  1  7  7  28 1 0  58
 483  1  7  6  28 0 1  58
 484  1  7  5  28 1 0  59
 485  1  7  4  28 0 1  59
 486  1  7  3  29 1 0  60
 487  1  7  2  29 0 1  60
 488  1  7  1  29 1 0  61
 489  1  7  0  29 0 1  61
 490  1  8 20  52 0 1  62
 491  1  8 19  52 0 0  62
 492  1  8 18  52 0 1  63
 493  1  8 17  51 1 0  63
 494  1  8 16  51 0 1  64
 495  1  8 15  51 0 1  64
 496  1  8 14  51 1 0  65
 497  1  8 13  26 1 0  65
 498  1  8 12  26 0 1  66
 499  1  8 11  27 0 1  66
 500  1  8 10  32 1 0  67
 501  1  8  9  32 1 0  67
 502  1  8  8  32 0 1  68
 503  1  8  7  31 0 1  68
 504  1  8  6  31 0 1  68
 505  1  8  5  31 1 0  69
 506  1  8  4  31 0 1  69
 507  1  8  3  30 1 0  70
 508  1  8  2  30 0 1  70
 509  1  8  1  30 1 0  71
 510  1  8  0  30 0 1  71
 511  1  9 20  52 1 1  62
 512  1  9 19  52 0 1  62
 513  1  9 18  52 0 0  63
 514  1  9 17  52 1 0  63
 515  1  9 16  51 1 0  64
 516  1  9 15  51 1 0  64
 517  1  9 14  51 1 0  65
 518  1  9 13  51 1 0  65
 519  1  9 12  26 0 1  66
 520  1  9 11  32 1 0  66
 521  1  9 10  32 0 1  67
 522  1  9  9  32 1 0  67
 523  1  9  8  32 0 1  67
 524  1  9  7  31 1 0  68
 525  1  9  6  31 1 0  68
 526  1  9  5  31 1 0  69
 527  1  9  4  31 0 1  69
 528  1  9  3  30 1 0  70
 529  1  9  2  30 0 1  70
 530  1  9  1  30 1 0  71
 531  1  9  0  30 0 1  71
 532  1 10 20  52 0 1  62
 533  1 10 19  52 1 0  62
 534  1 10 18  52 1 0  63
 535  1 10 17  52 1 0  63
 536  1 10 16  51 0 1  64
 537  1 10 15  51 1 0  64
 538  1 10 14  51 0 1  65
 539  1 10 13  51 0 1  65
 540  1 10 12  49 0 1  66
 541  1 10 11  32 0 1  66
 542  1 10 10  32 1 0  67
 543  1 10  9  32 1 0  67
 544  1 10  8  32 0 1  67
 545  1 10  7  31 1 0  68
 546  1 10  6  31 0 1  68
 547  1 10  5  31 1 0  69
 548  1 10  4  31 0 1  69
 549  1 10  3  30 1 0  70
 550  1 10  2  30 0 1  70
 551  1 10  1  30 1 0  71
 552  1 10  0  30 0 1  71
 553  1 11 21  47 1 1  62
 554  1 11 20  47 1 1  62
 555  1 11 19  52 0 1  63
 556  1 11 18  52 1 1  63
 557  1 11 17  52 1 0  64
 558  1 11 16  51 0 1  64
 559  1 11 15  49 0 1  65
 560  1 11 14  49 1 0  65
 561  1 11 13  49 0 1  66
 562  1 11 12  49 1 0  66
 563  1 11 11  49 1 0  78
 564  1 11 10  32 0 1  78
 565  1 11  9  32 0 1  78
 566  1 11  8  32 1 0  80
 567  1 11  7  31 1 0  80
 568  1 11  6  31 0 1  80
 569  1 11  5  31 1 0  69
 570  1 11  4  31 0 1  69
 571  1 11  3  30 1 0  70
 572  1 11  2  30 0 1  70
 573  1 11  1  30 1 0  71
 574  1 11  0  30 0 1  71
 575  1 12 21  47 0 1  72
 576  1 12 20  47 0 1  72
 577  1 12 19  47 1 0  73
 578  1 12 18  48 0 1  73
 579  1 12 17  48 0 0  74
 580  1 12 16  48 0 1  74
 581  1 12 15  48 1 0  75
 582  1 12 14  49 0 1  75
 583  1 12 13  49 1 0  76
 584  1 12 12  49 1 0  76
 585  1 12 11  50 0 1  78
 586  1 12 10  50 0 0  78
 587  1 12  9  32 1 0  78
 588  1 12  8  32 0 1  80
 589  1 12  7  33 1 0  80
 590  1 12  6  33 0 1  80
 591  1 12  5  33 1 0  81
 592  1 12  4  33 0 1  81
 593  1 12  3  34 1 0  82
 594  1 12  2  34 0 1  82
 595  1 12  1  34 1 1  83
 596  1 12  0  34 0 1  83
 597  1 13 21  47 0 1  72
 598  1 13 20  47 1 1  72
 599  1 13 19  47 0 1  73
 600  1 13 18  48 0 1  73
 601  1 13 17  48 1 0  74
 602  1 13 16  48 0 1  74
 603  1 13 15  48 1 0  75
 604  1 13 14  49 0 1  75
 605  1 13 13  49 0 1  76
 606  1 13 12  49 1 0  76
 607  1 13 11  50 0 1  77
 608  1 13 10  50 1 0  77
 609  1 13  9  50 0 0  78
 610  1 13  8  50 1 0  78
 611  1 13  7  33 1 0  80
 612  1 13  6  33 0 1  80
 613  1 13  5  33 1 1  81
 614  1 13  4  33 0 1  81
 615  1 13  3  34 1 0  82
 616  1 13  2  34 0 1  82
 617  1 13  1  34 1 0  83
 618  1 13  0  34 0 1  83
 619  1 14 21  47 0 0  72
 620  1 14 20  47 1 0  72
 621  1 14 19  47 0 0  73
 622  1 14 18  47 1 0  73
 623  1 14 17  48 0 1  74
 624  1 14 16  48 1 0  74
 625  1 14 15  48 0 1  75
 626  1 14 14  48 1 0  75
 627  1 14 13  49 1 0  76
 628  1 14 12  49 0 1  76
 629  1 14 11  50 0 1  77
 630  1 14 10  50 1 1  77
 631  1 14  9  50 1 0  79
 632  1 14  8  50 1 0  79
 633  1 14  7  50 1 0  79
 634  1 14  6  33 1 0  79
 635  1 14  5  33 1 0  81
 636  1 14  4  33 0 1  81
 637  1 14  3  34 1 0  82
 638  1 14  2  34 0 0  82
 639  1 14  1  34 1 0  83
 640  1 14  0  34 0 1  83
 641  1 15 21  47 1 0  72
 642  1 15 20  47 0 1  72
 643  1 15 19  47 0 0  73
 644  1 15 18  47 1 0  73
 645  1 15 17  48 0 1  74
 646  1 15 16  48 1 0  74
 647  1 15 15  48 1 1  75
 648  1 15 14  48 1 0  75
 649  1 15 13  49 0 1  76
 650  1 15 12  49 1 0  76
 651  1 15 11  50 0 1  77
 652  1 15 10  50 1 1  77
 653  1 15  9  50 0 1  79
 654  1 15  8  50 0 1  79
 655  1 15  7  50 1 0  79
 656  1 15  6  33 1 0  79
 657  1 15  5  33 0 0  81
 658  1 15  4  33 0 1  81
 659  1 15  3  34 1 0  82
 660  1 15  2  34 0 1  82
 661  1 15  1  34 1 0  83
 662  1 15  0  34 0 1  83
 663  1 16 22  46 0 1  84
 664  1 16 21  46 1 0  84
 665  1 16 20  46 0 1  85
 666  1 16 19  46 1 0  85
 667  1 16 18  45 0 1  86
 668  1 16 17  45 1 0  86
 669  1 16 16  45 0 1  87
 670  1 16 15  44 1 0  88
 671  1 16 14  44 0 1  88
 672  1 16 13  44 0 1  89
 673  1 16 12  43 0 1  89
 674  1 16 11  43 1 0  77
 675  1 16 10  43 0 1  77
 676  1 16  9  43 1 0  90
 677  1 16  8  42 0 1  90
 678  1 16  7  42 1 0  91
 679  1 16  6  42 0 0  91
 680  1 16  5  33 0 1  92
 681  1 16  4  33 1 0  92
 682  1 16  3  35 0 1  93
 683  1 16  2  35 1 0  93
 684  1 16  1  35 0 1  94
 685  1 16  0  35 1 0  94
 686  1 17 22  46 0 1  84
 687  1 17 21  46 1 1  84
 688  1 17 20  46 0 1  85
 689  1 17 19  46 1 0  85
 690  1 17 18  45 0 1  86
 691  1 17 17  45 1 0  86
 692  1 17 16  45 0 1  87
 693  1 17 15  45 1 0  87
 694  1 17 14  44 0 1  88
 695  1 17 13  44 1 0  88
 696  1 17 12  44 0 1  89
 697  1 17 11  43 0 1  89
 698  1 17 10  43 1 0  90
 699  1 17  9  43 0 1  90
 700  1 17  8  43 1 0  90
 701  1 17  7  42 0 1  91
 702  1 17  6  42 1 0  91
 703  1 17  5  42 1 0  92
 704  1 17  4  42 0 0  92
 705  1 17  3  35 0 1  93
 706  1 17  2  35 1 1  93
 707  1 17  1  35 0 1  94
 708  1 17  0  35 1 0  94
 709  1 18 22  46 1 0  84
 710  1 18 21  46 0 1  84
 711  1 18 20  46 0 0  85
 712  1 18 19  46 1 0  85
 713  1 18 18  45 0 1  86
 714  1 18 17  45 1 0  86
 715  1 18 16  45 0 1  87
 716  1 18 15  45 1 0  87
 717  1 18 14  45 1 0  87
 718  1 18 13  44 0 1  88
 719  1 18 12  44 0 1  88
 720  1 18 11  43 0 1  89
 721  1 18 10  43 1 0  89
 722  1 18  9  43 0 1  90
 723  1 18  8  43 1 0  90
 724  1 18  7  42 0 1  91
 725  1 18  6  42 1 1  91
 726  1 18  5  42 0 1  92
 727  1 18  4  42 1 0  92
 728  1 18  3  42 1 0  93
 729  1 18  2  35 1 0  93
 730  1 18  1  35 0 1  94
 731  1 18  0  35 1 0  94
 732  1 19 22  36 0 1  95
 733  1 19 21  46 0 1  84
 734  1 19 20  46 1 0  84
 735  1 19 19  46 0 1  85
 736  1 19 18  46 1 0  85
 737  1 19 17  45 0 1  86
 738  1 19 16  45 1 0  86
 739  1 19 15  45 0 1  87
 740  1 19 14  45 1 0  87
 741  1 19 13  44 0 1  88
 742  1 19 12  44 1 0  88
 743  1 19 11  43 0 1  89
 744  1 19 10  43 1 0  89
 745  1 19  9  43 0 1 102
 746  1 19  8  43 1 0  90
 747  1 19  7  42 0 1  91
 748  1 19  6  42 1 1  91
 749  1 19  5  40 1 0  92
 750  1 19  4  42 0 1  92
 751  1 19  3  42 1 0  93
 752  1 19  2  35 0 1  93
 753  1 19  1  35 1 0  94
 754  1 19  0  35 1 0  94
 755  1 20 22  36 0 1  95
 756  1 20 21  36 0 1  95
 757  1 20 20  36 1 1  96
 758  1 20 19  36 1 0  96
 759  1 20 18  37 0 1  97
 760  1 20 17  37 1 0  97
 761  1 20 16  37 0 1  98
 762  1 20 15  37 1 0  98
 763  1 20 14  38 0 1  99
 764  1 20 13  38 0 1  99
 765  1 20 12  38 1 0 100
 766  1 20 11  39 0 1 101
 767  1 20 10  39 1 0 101
 768  1 20  9  39 0 1 102
 769  1 20  8  39 1 0 102
 770  1 20  7  40 0 1 103
 771  1 20  6  40 0 1 103
 772  1 20  5  40 1 0 104
 773  1 20  4  41 0 1 104
 774  1 20  3  41 0 1 105
 775  1 20  2  41 1 0 105
 776  1 20  1  35 0 1 106
 777  1 20  0  35 0 0 106
 778  1 21 23  36 0 1  95
 779  1 21 22  36 0 1  95
 780  1 21 21  36 0 1  96
 781  1 21 20  36 1 0  96
 782  1 21 19  37 0 1  97
 783  1 21 18  37 1 0  97
 784  1 21 17  37 0 1  98
 785  1 21 16  37 1 0  98
 786  1 21 15  38 0 1  99
 787  1 21 14  38 1 0  99
 788  1 21 13  38 0 1 100
 789  1 21 12  38 1 0 100
 790  1 21 11  39 0 1 101
 791  1 21 10  39 0 1 101
 792  1 21  9  39 1 0 102
 793  1 21  8  40 0 1 102
 794  1 21  7  40 1 0 103
 795  1 21  6  40 0 1 103
 796  1 21  5  40 1 0 104
 797  1 21  4  41 1 0 104
 798  1 21  3  41 1 1 105
 799  1 21  2  41 1 0 105
 800  1 21  1  41 1 0 106
 801  1 21  0  41 1 1 106
 802  1 22 23  36 0 1  95
 803  1 22 22  36 1 0  95
 804  1 22 21  36 1 0  96
 805  1 22 20  36 1 0  96
 806  1 22 19  37 0 1  97
 807  1 22 18  37 1 0  97
 808  1 22 17  37 0 1  98
 809  1 22 16  37 1 0  98
 810  1 22 15  38 0 1  99
 811  1 22 14  38 1 0  99
 812  1 22 13  38 1 0 100
 813  1 22 12  38 1 0 100
 814  1 22 11  39 0 1 101
 815  1 22 10  39 1 0 101
 816  1 22  9  39 0 1 102
 817  1 22  8  39 1 0 102
 818  1 22  7  40 0 1 103
 819  1 22  6  40 1 0 103
 820  1 22  5  40 0 1 104
 821  1 22  4  40 1 0 104
 822  1 22  3  41 0 1 105
 823  1 22  2  41 0 0 105
 824  1 22  1  41 0 1 106
 825  1 22  0  41 1 0 106
 826  1 23 22  36 0 0  95
 827  1 23 21  36 1 0  96
 828  1 23 20  36 1 0  96
 829  1 23 19  37 0 1  97
 830  1 23 18  37 1 0  97
 831  1 23 17  37 0 1  98
 832  1 23 16  37 1 0  98
 833  1 23 15  38 0 1  99
 834  1 23 14  38 1 0  99
 835  1 23 13  38 0 1 100
 836  1 23 12  38 0 1 100
 837  1 23 11  38 1 0 100
 838  1 23 10  39 1 0 101
 839  1 23  9  39 0 1 101
 840  1 23  8  39 1 0 102
 841  1 23  7  40 0 1 103
 842  1 23  6  40 1 0 103
 843  1 23  5  40 0 1 104
 844  1 23  4  40 1 0 104
 845  1 23  3  41 0 1 105
 846  1 23  2  41 0 1 105
 847  1 23  1  41 0 0 106
 848  1 23  0  41 1 0 106
 849  2  0 22  54 0 1 107
 850  2  0 21  54 0 1 108
 851  2  0 20  54 1 0 108
 852  2  0 19  54 0 1 109
 853  2  0 18  55 1 0 109
 854  2  0 17  55 0 1 110
 855  2  0 16  55 1 0 110
 856  2  0 15  55 0 1 111
 857  2  0 14  56 1 0 111
 858  2  0 13  56 0 1 112
 859  2  0 12  56 1 0 112
 860  2  0 11  56 0 1 113
 861  2  0 10  57 1 0 113
 862  2  0  9  57 0 1 114
 863  2  0  8  57 0 1 114
 864  2  0  7  58 1 0 115
 865  2  0  6  58 0 1 115
 866  2  0  5  58 1 0 116
 867  2  0  4  58 0 1 116
 868  2  0  3  59 0 0 117
 869  2  0  2  59 1 0 117
 870  2  0  1  59 0 1 118
 871  2  0  0  59 0 1 118
 872  2  1 23  54 1 0 107
 873  2  1 22  54 1 0 107
 874  2  1 21  54 1 1 108
 875  2  1 20  54 0 1 108
 876  2  1 19  55 1 0 109
 877  2  1 18  55 0 1 109
 878  2  1 17  55 1 0 110
 879  2  1 16  55 0 1 110
 880  2  1 15  56 1 0 111
 881  2  1 14  56 0 0 111
 882  2  1 13  56 1 0 112
 883  2  1 12  56 0 1 112
 884  2  1 11  57 1 0 113
 885  2  1 10  57 0 1 113
 886  2  1  9  57 1 1 114
 887  2  1  8  57 0 1 114
 888  2  1  7  58 1 0 115
 889  2  1  6  58 0 1 115
 890  2  1  5  58 1 0 116
 891  2  1  4  58 0 1 116
 892  2  1  3  59 1 0 117
 893  2  1  2  59 0 1 117
 894  2  1  1  59 1 0 118
 895  2  1  0  59 1 0 118
 896  2  2 23  54 1 0 107
 897  2  2 22  54 0 1 107
 898  2  2 21  54 1 0 108
 899  2  2 20  54 0 1 108
 900  2  2 19  55 1 0 109
 901  2  2 18  55 0 1 109
 902  2  2 17  55 1 0 110
 903  2  2 16  55 0 1 110
 904  2  2 15  56 1 0 111
 905  2  2 14  56 0 1 111
 906  2  2 13  56 1 1 112
 907  2  2 12  56 0 1 112
 908  2  2 11  57 1 0 113
 909  2  2 10  57 0 0 113
 910  2  2  9  57 1 0 114
 911  2  2  8  58 1 0 114
 912  2  2  7  58 0 1 115
 913  2  2  6  58 1 0 115
 914  2  2  5  58 0 1 116
 915  2  2  4  59 1 0 116
 916  2  2  3  59 0 1 117
 917  2  2  2  59 0 1 117
 918  2  2  1 103 1 0 118
 919  2  2  0 103 0 1 118
 920  2  3 23  54 1 0 107
 921  2  3 22  54 0 0 107
 922  2  3 21  54 0 1 108
 923  2  3 20  55 1 0 108
 924  2  3 19  55 0 1 109
 925  2  3 18  55 1 0 109
 926  2  3 17  55 0 1 110
 927  2  3 16  56 1 0 110
 928  2  3 15  56 0 1 111
 929  2  3 14  56 1 0 111
 930  2  3 13  56 0 1 112
 931  2  3 12  57 1 0 112
 932  2  3 11  57 0 0 113
 933  2  3 10  57 1 0 113
 934  2  3  9  57 0 1 114
 935  2  3  8  58 1 0 114
 936  2  3  7  58 0 1 115
 937  2  3  6  58 0 1 115
 938  2  3  5  59 1 0 116
 939  2  3  4  59 1 0 116
 940  2  3  3  59 0 1 117
 941  2  3  2 103 1 0 117
 942  2  3  1 103 0 1 118
 943  2  3  0 103 0 1 118
 944  2  4 23  54 1 0 107
 945  2  4 22  64 0 1 119
 946  2  4 21  64 0 1 120
 947  2  4 20  64 1 0 120
 948  2  4 19  64 0 1 121
 949  2  4 18  63 1 0 121
 950  2  4 17  63 1 0 122
 951  2  4 16  63 1 0 122
 952  2  4 15  62 1 0 123
 953  2  4 14  62 1 0 123
 954  2  4 13  62 1 0 124
 955  2  4 12  62 0 1 124
 956  2  4 11  61 1 0 125
 957  2  4 10  61 0 1 125
 958  2  4  9  61 0 1 126
 959  2  4  8  60 1 0 126
 960  2  4  7  60 1 0 127
 961  2  4  6  58 1 0 127
 962  2  4  5  60 1 0 128
 963  2  4  4  59 0 1 128
 964  2  4  3  59 1 1 129
 965  2  4  2 103 1 0 129
 966  2  4  1 103 1 0 130
 967  2  4  0 103 0 1 130
 968  2  5 24  64 1 0 119
 969  2  5 23  64 1 0 119
 970  2  5 22  64 1 0 120
 971  2  5 21  64 0 1 120
 972  2  5 20  63 1 0 121
 973  2  5 19  63 0 1 121
 974  2  5 18  63 0 1 122
 975  2  5 17  63 0 1 122
 976  2  5 16  63 0 1 123
 977  2  5 15  62 0 1 123
 978  2  5 14  62 0 1 124
 979  2  5 13  62 0 1 124
 980  2  5 12  61 1 0 125
 981  2  5 11  61 0 1 125
 982  2  5 10  61 1 0 126
 983  2  5  9  61 0 1 126
 984  2  5  8  60 0 1 126
 985  2  5  7  60 1 0 127
 986  2  5  6  60 0 1 127
 987  2  5  5  60 0 1 128
 988  2  5  4 103 1 0 128
 989  2  5  3 103 0 1 129
 990  2  5  2 103 1 0 129
 991  2  5  1 103 0 1 130
 992  2  5  0 103 0 1 130
 993  2  6 24  64 1 0 119
 994  2  6 23  64 1 0 119
 995  2  6 22  64 1 0 120
 996  2  6 21  64 0 1 120
 997  2  6 20  63 1 0 121
 998  2  6 19  63 0 1 121
 999  2  6 18  63 1 0 122
1000  2  6 17  63 0 1 122
1001  2  6 16  62 1 0 123
1002  2  6 15  62 0 1 123
1003  2  6 14  62 1 0 124
1004  2  6 13  62 0 1 124
1005  2  6 12  61 1 0 125
1006  2  6 11  61 0 1 125
1007  2  6 10  61 0 1 126
1008  2  6  9  61 1 0 126
1009  2  6  8  60 0 1 126
1010  2  6  7  60 0 1 127
1011  2  6  6  60 1 0 127
1012  2  6  5  60 1 0 128
1013  2  6  4 103 1 0 128
1014  2  6  3 103 1 0 129
1015  2  6  2 102 0 0 129
1016  2  6  1 102 1 0 130
1017  2  6  0 102 0 1 130
1018  2  7 24  64 0 1 119
1019  2  7 23  64 0 1 119
1020  2  7 22  64 1 0 120
1021  2  7 21  64 0 1 120
1022  2  7 20  63 1 0 121
1023  2  7 19  63 0 1 121
1024  2  7 18  63 1 0 122
1025  2  7 17  63 0 1 122
1026  2  7 16  62 1 0 123
1027  2  7 15  62 0 1 123
1028  2  7 14  62 1 0 124
1029  2  7 13  62 0 1 124
1030  2  7 12  61 1 0 125
1031  2  7 11  61 1 0 125
1032  2  7 10  61 0 1 137
1033  2  7  9  60 0 1 138
1034  2  7  8  60 1 0 138
1035  2  7  7  60 1 0 127
1036  2  7  6  60 0 1 127
1037  2  7  5 103 0 1 128
1038  2  7  4 102 1 0 128
1039  2  7  3 102 1 0 129
1040  2  7  2 102 0 1 129
1041  2  7  1 102 1 0 130
1042  2  7  0 102 0 1 130
1043  2  8 24  65 1 0 119
1044  2  8 23  65 0 1 131
1045  2  8 22  65 1 0 132
1046  2  8 21  65 0 1 132
1047  2  8 20  66 0 1 133
1048  2  8 19  66 1 0 133
1049  2  8 18  66 1 0 134
1050  2  8 17  66 0 1 134
1051  2  8 16  67 1 0 135
1052  2  8 15  67 0 1 135
1053  2  8 14  67 1 0 136
1054  2  8 13  67 0 1 136
1055  2  8 12  68 0 1 136
1056  2  8 11  68 1 0 137
1057  2  8 10  68 0 1 137
1058  2  8  9  68 1 0 138
1059  2  8  8  61 0 1 138
1060  2  8  7  60 0 1 139
1061  2  8  6 101 0 1 139
1062  2  8  5 100 1 0 140
1063  2  8  4 102 1 0 140
1064  2  8  3 102 1 0 141
1065  2  8  2 102 0 1 141
1066  2  8  1 102 1 1 142
1067  2  8  0 102 0 1 142
1068  2  9 24  65 1 0 131
1069  2  9 23  65 0 1 131
1070  2  9 22  65 1 0 132
1071  2  9 21  65 0 1 132
1072  2  9 20  66 1 0 133
1073  2  9 19  66 0 1 133
1074  2  9 18  66 1 0 134
1075  2  9 17  66 0 1 134
1076  2  9 16  67 1 0 135
1077  2  9 15  67 0 1 135
1078  2  9 14  67 1 0 136
1079  2  9 13  67 0 1 136
1080  2  9 12  68 1 0 136
1081  2  9 11  68 1 0 137
1082  2  9 10  68 0 1 137
1083  2  9  9  68 0 1 138
1084  2  9  8  68 1 0 138
1085  2  9  7 101 0 1 139
1086  2  9  6 101 1 0 139
1087  2  9  5 100 0 1 140
1088  2  9  4 100 1 0 140
1089  2  9  3 102 0 1 141
1090  2  9  2 102 1 0 141
1091  2  9  1 102 0 1 142
1092  2  9  0  99 0 0 142
1093  2 10 25  65 1 0 131
1094  2 10 24  65 0 1 131
1095  2 10 23  65 1 0 132
1096  2 10 22  65 0 1 132
1097  2 10 21  66 1 0 133
1098  2 10 20  66 0 1 133
1099  2 10 19  66 1 0 134
1100  2 10 18  66 0 1 134
1101  2 10 17  67 1 0 135
1102  2 10 16  67 0 1 135
1103  2 10 15  67 1 0 136
1104  2 10 14  68 1 0 136
1105  2 10 13  68 0 1 148
1106  2 10 12  68 1 0 148
1107  2 10 11  68 0 1 137
1108  2 10 10  68 0 1 137
1109  2 10  9  68 0 1 138
1110  2 10  8 101 1 1 138
1111  2 10  7 101 0 1 139
1112  2 10  6 100 1 0 139
1113  2 10  5 100 0 1 140
1114  2 10  4 100 1 0 140
1115  2 10  3 100 0 1 141
1116  2 10  2  99 0 1 141
1117  2 10  1  99 1 0 142
1118  2 10  0  99 1 0 142
1119  2 11 25  65 1 0 131
1120  2 11 24  65 0 1 131
1121  2 11 23  65 1 0 132
1122  2 11 22  65 0 1 132
1123  2 11 21  66 1 0 133
1124  2 11 20  66 0 1 133
1125  2 11 19  66 1 0 134
1126  2 11 18  66 0 1 134
1127  2 11 17  67 0 1 135
1128  2 11 16  67 1 0 135
1129  2 11 15  67 0 1 147
1130  2 11 14  67 0 1 147
1131  2 11 13  68 1 0 148
1132  2 11 12  69 0 1 148
1133  2 11 11  69 0 1 137
1134  2 11 10 101 0 1 149
1135  2 11  9 101 0 1 149
1136  2 11  8 101 1 0 149
1137  2 11  7 101 1 0 139
1138  2 11  6 100 0 1 139
1139  2 11  5 100 1 0 140
1140  2 11  4 100 0 1 140
1141  2 11  3  99 0 1 141
1142  2 11  2  99 1 0 141
1143  2 11  1  99 0 1 142
1144  2 11  0  99 1 0 142
1145  2 12 25  71 1 1 131
1146  2 12 24  71 0 0 143
1147  2 12 23  71 1 1 144
1148  2 12 22  71 0 0 144
1149  2 12 21  71 0 0 144
1150  2 12 20  70 1 0 145
1151  2 12 19  70 0 1 145
1152  2 12 18  70 1 0 145
1153  2 12 17  70 0 1 146
1154  2 12 16  69 1 0 146
1155  2 12 15  69 1 0 147
1156  2 12 14  69 1 0 147
1157  2 12 13  69 0 1 148
1158  2 12 12  69 0 1 148
1159  2 12 11  69 1 0 149
1160  2 12 10 101 1 0 149
1161  2 12  9 101 0 1 149
1162  2 12  8 101 1 0 150
1163  2 12  7 100 1 0 151
1164  2 12  6 100 0 1 151
1165  2 12  5 100 0 1 152
1166  2 12  4 100 0 1 152
1167  2 12  3  99 0 1 153
1168  2 12  2  99 1 1 153
1169  2 12  1  99 0 1 154
1170  2 12  0  99 1 0 154
1171  2 13 25  71 1 1 143
1172  2 13 24  71 0 0 143
1173  2 13 23  71 1 1 144
1174  2 13 22  71 1 1 144
1175  2 13 21  71 0 0 144
1176  2 13 20  70 1 0 145
1177  2 13 19  70 0 1 145
1178  2 13 18  70 1 0 146
1179  2 13 17  70 0 1 146
1180  2 13 16  69 1 0 146
1181  2 13 15  69 0 1 147
1182  2 13 14  69 1 0 147
1183  2 13 13  69 0 1 148
1184  2 13 12  95 1 1 148
1185  2 13 11 101 0 1 149
1186  2 13 10 101 1 0 149
1187  2 13  9 101 0 0 150
1188  2 13  8 101 1 0 150
1189  2 13  7 100 1 0 151
1190  2 13  6 100 1 0 151
1191  2 13  5  97 0 1 152
1192  2 13  4  99 0 1 152
1193  2 13  3  99 1 0 153
1194  2 13  2  99 0 1 153
1195  2 13  1  98 1 0 154
1196  2 13  0  99 1 0 154
1197  2 14 25  71 1 1 143
1198  2 14 24  71 0 0 143
1199  2 14 23  71 1 1 144
1200  2 14 22  71 0 0 144
1201  2 14 21  70 1 0 145
1202  2 14 20  70 1 0 145
1203  2 14 19  70 0 1 145
1204  2 14 18  70 1 0 146
1205  2 14 17  70 0 1 146
1206  2 14 16  69 1 0 146
1207  2 14 15  69 0 1 147
1208  2 14 14  69 0 1 147
1209  2 14 13  95 0 1 159
1210  2 14 12  95 0 1 159
1211  2 14 11  95 1 0 160
1212  2 14 10  96 0 1 160
1213  2 14  9  96 0 1 150
1214  2 14  8  96 1 0 150
1215  2 14  7  96 1 0 151
1216  2 14  6  96 1 0 151
1217  2 14  5  97 1 0 152
1218  2 14  4  97 0 1 152
1219  2 14  3  97 1 0 153
1220  2 14  2  98 0 1 153
1221  2 14  1  98 0 0 154
1222  2 14  0  98 1 0 154
1223  2 15 26  71 1 1 143
1224  2 15 25  71 0 0 143
1225  2 15 24  72 0 0 155
1226  2 15 23  72 0 0 155
1227  2 15 22  72 1 1 156
1228  2 15 21  70 0 1 156
1229  2 15 20  70 1 0 156
1230  2 15 19  70 0 1 157
1231  2 15 18  73 0 1 157
1232  2 15 17  73 1 0 157
1233  2 15 16  73 0 1 158
1234  2 15 15  69 1 0 158
1235  2 15 14  95 0 1 159
1236  2 15 13  95 1 0 159
1237  2 15 12  95 0 1 160
1238  2 15 11  95 1 0 160
1239  2 15 10  96 1 0 150
1240  2 15  9  96 1 0 150
1241  2 15  8  96 0 1 150
1242  2 15  7  96 0 1 151
1243  2 15  6  97 0 1 151
1244  2 15  5  97 0 1 152
1245  2 15  4  97 1 0 152
1246  2 15  3  98 0 1 153
1247  2 15  2  98 1 0 153
1248  2 15  1  98 0 1 154
1249  2 15  0  98 1 0 154
1250  2 16 26  72 1 1 143
1251  2 16 25  72 1 1 155
1252  2 16 24  72 0 0 155
1253  2 16 23  72 1 1 155
1254  2 16 22  72 0 0 156
1255  2 16 21  72 0 0 156
1256  2 16 20  73 1 0 157
1257  2 16 19  73 1 0 157
1258  2 16 18  73 0 1 157
1259  2 16 17  73 0 1 158
1260  2 16 16  73 1 0 158
1261  2 16 15  95 0 1 158
1262  2 16 14  95 1 0 159
1263  2 16 13  95 0 1 159
1264  2 16 12  95 1 0 160
1265  2 16 11  96 0 1 160
1266  2 16 10  96 1 0 161
1267  2 16  9  96 0 1 162
1268  2 16  8  96 1 0 162
1269  2 16  7  97 0 1 163
1270  2 16  6  97 1 0 163
1271  2 16  5  97 0 1 164
1272  2 16  4  97 0 1 164
1273  2 16  3  98 0 1 165
1274  2 16  2  98 1 1 165
1275  2 16  1  98 0 1 166
1276  2 16  0  98 1 0 166
1277  2 17 26  72 1 1 155
1278  2 17 25  72 1 1 155
1279  2 17 24  72 0 0 155
1280  2 17 23  72 1 1 156
1281  2 17 22  72 0 0 156
1282  2 17 21  73 1 0 156
1283  2 17 20  73 1 0 157
1284  2 17 19  73 0 1 157
1285  2 17 18  73 1 0 158
1286  2 17 17  73 0 1 158
1287  2 17 16  73 0 1 158
1288  2 17 15  95 0 1 159
1289  2 17 14  95 1 0 159
1290  2 17 13  95 0 0 160
1291  2 17 12  95 1 0 160
1292  2 17 11  96 0 1 161
1293  2 17 10  96 0 1 161
1294  2 17  9  96 1 0 162
1295  2 17  8  97 0 1 162
1296  2 17  7  97 1 0 163
1297  2 17  6  97 1 0 163
1298  2 17  5  97 1 0 164
1299  2 17  4  97 1 0 164
1300  2 17  3  98 1 0 165
1301  2 17  2  98 0 1 165
1302  2 17  1  98 1 0 166
1303  2 17  0  98 0 1 166
1304  2 18 26  75 1 0 167
1305  2 18 25  75 0 1 167
1306  2 18 24  75 1 0 168
1307  2 18 23  72 1 1 168
1308  2 18 22  72 0 0 169
1309  2 18 21  74 1 0 169
1310  2 18 20  74 1 0 170
1311  2 18 19  73 0 1 170
1312  2 18 18  73 1 0 171
1313  2 18 17  94 0 1 171
1314  2 18 16  94 1 0 172
1315  2 18 15  94 0 1 172
1316  2 18 14  94 1 0 173
1317  2 18 13  93 0 1 173
1318  2 18 12  93 1 0 161
1319  2 18 11  93 0 1 161
1320  2 18 10  93 1 0 161
1321  2 18  9  92 0 1 162
1322  2 18  8  92 1 0 162
1323  2 18  7  92 0 1 163
1324  2 18  6  92 1 0 163
1325  2 18  5  91 0 1 164
1326  2 18  4  91 1 0 164
1327  2 18  3  91 1 0 165
1328  2 18  2  90 0 1 165
1329  2 18  1  90 1 0 166
1330  2 18  0  90 1 0 166
1331  2 19 26  75 1 0 167
1332  2 19 25  75 0 1 167
1333  2 19 24  75 1 0 168
1334  2 19 23  75 0 1 168
1335  2 19 22  74 1 0 169
1336  2 19 21  74 0 0 169
1337  2 19 20  74 1 0 170
1338  2 19 19  74 0 1 170
1339  2 19 18  74 0 1 171
1340  2 19 17  94 0 1 171
1341  2 19 16  94 1 0 172
1342  2 19 15  94 0 1 172
1343  2 19 14  94 1 0 173
1344  2 19 13  93 0 1 173
1345  2 19 12  93 1 0 174
1346  2 19 11  93 1 0 161
1347  2 19 10  92 0 1 161
1348  2 19  9  92 1 0 162
1349  2 19  8  92 1 0 162
1350  2 19  7  92 1 0 163
1351  2 19  6  92 0 1 163
1352  2 19  5  91 0 1 164
1353  2 19  4  91 1 0 164
1354  2 19  3  91 0 1 165
1355  2 19  2  91 1 0 178
1356  2 19  1  90 1 0 166
1357  2 19  0  90 1 0 166
1358  2 20 27  75 1 0 167
1359  2 20 26  75 0 1 167
1360  2 20 25  75 1 0 168
1361  2 20 24  75 0 1 168
1362  2 20 23  74 1 0 169
1363  2 20 22  74 0 1 169
1364  2 20 21  74 0 1 170
1365  2 20 20  74 1 1 170
1366  2 20 19  94 0 1 171
1367  2 20 18  94 0 1 171
1368  2 20 17  94 1 0 172
1369  2 20 16  94 0 1 172
1370  2 20 15  94 1 0 173
1371  2 20 14  93 0 1 173
1372  2 20 13  93 1 0 174
1373  2 20 12  93 0 1 174
1374  2 20 11  93 1 0 174
1375  2 20 10  92 0 1 175
1376  2 20  9  92 0 1 175
1377  2 20  8  92 1 0 175
1378  2 20  7  91 0 1 176
1379  2 20  6  91 1 0 176
1380  2 20  5  91 0 1 177
1381  2 20  4  91 1 0 177
1382  2 20  3  91 0 1 178
1383  2 20  2  90 0 1 178
1384  2 20  1  90 0 0 179
1385  2 20  0  90 0 1 179
1386  2 21 27  75 1 0 167
1387  2 21 26  75 1 0 167
1388  2 21 25  75 0 1 168
1389  2 21 24  75 0 1 168
1390  2 21 23  74 1 0 169
1391  2 21 22  74 1 0 169
1392  2 21 21  74 0 1 170
1393  2 21 20  84 1 1 170
1394  2 21 19  85 0 1 171
1395  2 21 18  85 1 0 171
1396  2 21 17  94 1 0 172
1397  2 21 16  94 0 1 172
1398  2 21 15  94 1 0 173
1399  2 21 14  93 0 1 174
1400  2 21 13  93 0 1 174
1401  2 21 12  93 1 0 174
1402  2 21 11  92 0 1 175
1403  2 21 10  92 1 0 175
1404  2 21  9  92 0 1 175
1405  2 21  8  92 1 0 175
1406  2 21  7  91 0 1 176
1407  2 21  6  91 0 1 176
1408  2 21  5  91 1 0 177
1409  2 21  4  88 0 1 177
1410  2 21  3  90 0 1 178
1411  2 21  2  90 1 1 178
1412  2 21  1  90 1 0 179
1413  2 21  0  90 1 0 179
1414  2 22 27  75 0 1 180
1415  2 22 26  76 1 0 180
1416  2 22 25  76 0 1 181
1417  2 22 24  76 1 0 181
1418  2 22 23  74 0 1 182
1419  2 22 22  74 0 1 182
1420  2 22 21  84 0 1 183
1421  2 22 20  84 0 1 183
1422  2 22 19  84 1 0 184
1423  2 22 18  85 0 1 184
1424  2 22 17  85 0 1 185
1425  2 22 16  85 1 0 185
1426  2 22 15  86 0 1 186
1427  2 22 14  86 1 0 186
1428  2 22 13  86 0 1 187
1429  2 22 12  86 1 0 187
1430  2 22 11  87 1 0 188
1431  2 22 10  87 0 1 188
1432  2 22  9  87 0 1 189
1433  2 22  8  87 1 0 189
1434  2 22  7  91 1 0 176
1435  2 22  6  88 0 1 176
1436  2 22  5  88 1 0 177
1437  2 22  4  88 1 0 177
1438  2 22  3  90 0 1 178
1439  2 22  2  90 1 0 178
1440  2 22  1  90 0 1 179
1441  2 22  0  90 0 1 179
1442  2 23 27  76 1 0 180
1443  2 23 26  76 0 0 180
1444  2 23 25  76 1 0 181
1445  2 23 24  76 0 1 181
1446  2 23 23  76 0 1 182
1447  2 23 22  84 0 1 182
1448  2 23 21  84 1 0 183
1449  2 23 20  84 0 1 183
1450  2 23 19  84 1 0 184
1451  2 23 18  85 1 0 184
1452  2 23 17  85 0 1 185
1453  2 23 16  85 1 0 185
1454  2 23 15  86 0 1 186
1455  2 23 14  86 1 0 186
1456  2 23 13  86 0 1 187
1457  2 23 12  86 1 0 187
1458  2 23 11  87 0 1 188
1459  2 23 10  87 1 0 188
1460  2 23  9  87 0 1 189
1461  2 23  8  87 1 0 189
1462  2 23  7  88 0 1 176
1463  2 23  6  88 1 0 190
1464  2 23  5  88 0 1 177
1465  2 23  4  88 1 0 191
1466  2 23  3  89 0 1 191
1467  2 23  2  89 0 1 191
1468  2 23  1  89 0 0 179
1469  2 23  0  89 1 0 179
1470  2 24 27  76 1 0 180
1471  2 24 26  76 0 1 180
1472  2 24 25  76 1 1 181
1473  2 24 24  76 0 1 181
1474  2 24 23  84 0 1 182
1475  2 24 22  84 1 0 182
1476  2 24 21  84 0 0 183
1477  2 24 20  84 1 0 183
1478  2 24 19  85 0 1 184
1479  2 24 18  85 1 0 184
1480  2 24 17  85 0 1 185
1481  2 24 16  85 1 0 185
1482  2 24 15  86 0 1 186
1483  2 24 14  86 1 0 186
1484  2 24 13  86 0 1 187
1485  2 24 12  86 1 0 187
1486  2 24 11  87 0 1 188
1487  2 24 10  87 1 0 188
1488  2 24  9  87 0 1 189
1489  2 24  8  87 1 0 189
1490  2 24  7  88 0 1 190
1491  2 24  6  88 0 1 190
1492  2 24  5  88 1 0 191
1493  2 24  4  89 1 1 191
1494  2 24  3  89 1 0 191
1495  2 24  2  89 1 0 192
1496  2 24  1  89 0 0 192
1497  2 24  0  89 1 0 192
1498  2 25 28  76 1 0 180
1499  2 25 27  76 1 0 180
1500  2 25 26  76 0 1 181
1501  2 25 25  84 0 1 181
1502  2 25 24  84 1 0 182
1503  2 25 23  84 0 1 182
1504  2 25 22  82 1 0 183
1505  2 25 21  84 1 0 183
1506  2 25 20  85 0 1 184
1507  2 25 19  85 1 0 184
1508  2 25 18  85 0 1 185
1509  2 25 17  85 1 0 185
1510  2 25 16  86 0 1 186
1511  2 25 15  86 1 0 186
1512  2 25 14  86 0 1 187
1513  2 25 13  86 1 0 187
1514  2 25 12  87 0 1 188
1515  2 25 11  87 1 0 188
1516  2 25 10  87 0 1 189
1517  2 25  9  87 1 0 189
1518  2 25  8  88 0 1 190
1519  2 25  7  88 1 0 190
1520  2 25  6  88 1 0 190
1521  2 25  5  89 1 1 191
1522  2 25  4  89 0 1 191
1523  2 25  3  89 0 1 192
1524  2 25  2  89 0 1 192
1525  2 25  1  89 1 0 192
1526  2 25  0  77 1 0 206
1527  2 26 28  76 0 1 193
1528  2 26 27  83 0 1 193
1529  2 26 26  83 1 0 194
1530  2 26 25  83 0 1 194
1531  2 26 24  82 0 1 195
1532  2 26 23  82 1 0 195
1533  2 26 22  82 0 1 196
1534  2 26 21  82 0 1 196
1535  2 26 20  81 0 1 197
1536  2 26 19  81 0 1 197
1537  2 26 18  81 0 1 198
1538  2 26 17  81 1 0 198
1539  2 26 16  80 0 1 199
1540  2 26 15  80 0 1 199
1541  2 26 14  80 0 1 200
1542  2 26 13  80 1 0 200
1543  2 26 12  79 0 1 201
1544  2 26 11  79 0 1 201
1545  2 26 10  79 0 1 202
1546  2 26  9  79 1 0 202
1547  2 26  8  88 1 0 190
1548  2 26  7  88 0 1 190
1549  2 26  6  78 1 0 203
1550  2 26  5  78 0 1 204
1551  2 26  4  78 1 0 204
1552  2 26  3  89 0 1 192
1553  2 26  2  89 1 0 192
1554  2 26  1  77 1 0 206
1555  2 26  0  77 1 0 206
1556  2 27 28  83 1 0 193
1557  2 27 27  83 0 1 193
1558  2 27 26  83 1 0 194
1559  2 27 25  83 0 1 194
1560  2 27 24  83 1 0 195
1561  2 27 23  82 0 1 195
1562  2 27 22  82 1 0 196
1563  2 27 21  82 1 0 196
1564  2 27 20  81 1 0 197
1565  2 27 19  81 1 0 197
1566  2 27 18  81 0 1 198
1567  2 27 17  81 1 0 198
1568  2 27 16  80 1 1 199
1569  2 27 15  80 1 0 199
1570  2 27 14  80 0 1 200
1571  2 27 13  80 1 0 200
1572  2 27 12  79 1 0 201
1573  2 27 11  79 1 0 201
1574  2 27 10  79 0 1 202
1575  2 27  9  79 1 0 202
1576  2 27  8  78 0 1 203
1577  2 27  7  78 0 1 203
1578  2 27  6  78 1 0 203
1579  2 27  5  78 0 1 204
1580  2 27  4  78 1 0 204
1581  2 27  3  77 0 1 205
1582  2 27  2  77 1 0 205
1583  2 27  1  77 0 0 206
1584  2 27  0  77 1 0 206
1585  2 28 28  83 1 0 193
1586  2 28 27  83 1 0 193
1587  2 28 26  83 0 1 194
1588  2 28 25  83 0 1 194
1589  2 28 24  82 0 1 195
1590  2 28 23  82 0 1 195
1591  2 28 22  82 0 1 196
1592  2 28 21  82 1 0 196
1593  2 28 20  81 0 1 197
1594  2 28 19  81 1 0 197
1595  2 28 18  81 0 1 198
1596  2 28 17  81 1 0 198
1597  2 28 16  80 0 1 199
1598  2 28 15  80 1 0 199
1599  2 28 14  80 0 1 200
1600  2 28 13  80 1 0 200
1601  2 28 12  79 0 1 201
1602  2 28 11  79 1 0 201
1603  2 28 10  79 0 1 202
1604  2 28  9  79 1 0 202
1605  2 28  8  78 0 1 203
1606  2 28  7  78 1 0 203
1607  2 28  6  78 0 1 204
1608  2 28  5  78 1 0 204
1609  2 28  4  77 0 1 205
1610  2 28  3  77 0 1 205
1611  2 28  2  77 0 1 205
1612  2 28  1  77 1 0 206
1613  2 28  0  77 0 1 206
1614  2 29 27  83 0 1 193
1615  2 29 26  83 1 0 193
1616  2 29 25  83 0 1 194
1617  2 29 24  83 1 0 194
1618  2 29 23  82 1 0 195
1619  2 29 22  82 1 0 195
1620  2 29 21  82 0 1 196
1621  2 29 20  82 1 0 196
1622  2 29 19  81 0 1 197
1623  2 29 18  81 1 0 197
1624  2 29 17  81 0 1 198
1625  2 29 16  81 1 0 198
1626  2 29 15  80 0 1 199
1627  2 29 14  80 1 0 199
1628  2 29 13  80 0 0 200
1629  2 29 12  80 1 0 200
1630  2 29 11  79 0 1 201
1631  2 29 10  79 1 0 201
1632  2 29  9  79 0 1 202
1633  2 29  8  79 1 0 202
1634  2 29  7  78 0 1 203
1635  2 29  6  78 1 0 203
1636  2 29  5  78 0 1 204
1637  2 29  4  78 1 0 204
1638  2 29  3  77 0 1 205
1639  2 29  2  77 0 1 205
1640  2 29  1  77 1 1 205
1641  2 29  0  77 1 0 206
1642  0  0  0 112 0 1 224
1643  0  1  0 112 0 1 224
1644  0  2  0 112 0 1 224
1645  0  3  0 112 0 1 224
1646  0  4  0 115 1 0 231
1647  0  5  0 115 1 0 231
1648  0  6  0 115 1 0 231
1649  0  7  0 115 1 0 231
1650  0  0  1 112 0 1 224
1651  0  1  1 112 0 1 224
1652  0  2  1 112 0 1 224
1653  0  3  1 112 0 1 224
1654  0  4  1 115 1 0 231
1655  0  5  1 115 1 0 231
1656  0  6  1 115 1 0 231
1657  0  7  1 115 1 0 231
1658  0  0  2 112 1 0 225
1659  0  1  2 112 1 0 225
1660  0  2  2 112 1 0 225
1661  0  3  2 112 1 0 225
1662  0  4  2 115 0 1 230
1663  0  5  2 115 0 1 230
1664  0  6  2 115 0 1 230
1665  0  7  2 115 0 1 230
1666  0  0  3 112 1 0 225
1667  0  1  3 112 1 0 225
1668  0  2  3 112 1 0 225
1669  0  3  3 112 1 0 225
1670  0  4  3 115 0 1 230
1671  0  5  3 115 0 1 230
1672  0  6  3 115 0 1 230
1673  0  7  3 115 0 1 230
1674  0  0  4 113 0 1 226
1675  0  1  4 113 0 1 226
1676  0  2  4 113 0 1 226
1677  0  3  4 113 0 1 226
1678  0  4  4 114 1 0 229
1679  0  5  4 114 1 0 229
1680  0  6  4 114 1 0 229
1681  0  7  4 114 1 0 229
1682  0  0  5 113 0 1 226
1683  0  1  5 113 0 1 226
1684  0  2  5 113 0 1 226
1685  0  3  5 113 0 1 226
1686  0  4  5 114 1 0 229
1687  0  5  5 114 1 0 229
1688  0  6  5 114 1 0 229
1689  0  7  5 114 1 0 229
1690  0  0  6 113 1 0 227
1691  0  1  6 113 1 0 227
1692  0  2  6 113 1 0 227
1693  0  3  6 113 1 0 227
1694  0  4  6 114 0 1 228
1695  0  5  6 114 0 1 228
1696  0  6  6 114 0 1 228
1697  0  7  6 114 0 1 228
1698  0  0  7 113 1 0 227
1699  0  1  7 113 1 0 227
1700  0  2  7 113 1 0 227
1701  0  3  7 113 1 0 227
1702  0  4  7 114 0 1 228
1703  0  5  7 114 0 1 228
1704  0  6  7 114 0 1 228
1705  0  7  7 114 0 1 228
1706  0  0  8 108 0 1 216
1707  0  1  8 108 0 1 216
1708  0  2  8 108 0 1 216
1709  0  3  8 108 0 1 216
1710  0  4  8 111 1 0 223
1711  0  5  8 111 1 0 223
1712  0  6  8 111 1 0 223
1713  0  7  8 111 1 0 223
1714  0  0  9 108 0 1 216
1715  0  1  9 108 0 1 216
1716  0  2  9 108 0 1 216
1717  0  3  9 108 0 1 216
1718  0  4  9 111 1 0 223
1719  0  5  9 111 1 0 223
1720  0  6  9 111 1 0 223
1721  0  7  9 111 1 0 223
1722  0  0 10 108 1 0 217
1723  0  1 10 108 1 0 217
1724  0  2 10 108 1 0 217
1725  0  3 10 108 1 0 217
1726  0  4 10 111 0 1 222
1727  0  5 10 111 0 1 222
1728  0  6 10 111 0 1 222
1729  0  7 10 111 0 1 222
1730  0  0 11 108 1 0 217
1731  0  1 11 108 1 0 217
1732  0  2 11 108 1 0 217
1733  0  3 11 108 1 0 217
1734  0  4 11 111 0 1 222
1735  0  5 11 111 0 1 222
1736  0  6 11 111 0 1 222
1737  0  7 11 111 0 1 222
1738  0  0 12 109 0 1 218
1739  0  1 12 109 0 1 218
1740  0  2 12 109 0 1 218
1741  0  3 12 109 0 1 218
1742  0  4 12 110 1 0 221
1743  0  5 12 110 1 0 221
1744  0  6 12 110 1 0 221
1745  0  7 12 110 1 0 221
1746  0  0 13 109 0 1 218
1747  0  1 13 109 0 1 218
1748  0  2 13 109 0 1 218
1749  0  3 13 109 0 1 218
1750  0  4 13 110 1 0 221
1751  0  5 13 110 1 0 221
1752  0  6 13 110 1 0 221
1753  0  7 13 110 1 0 221
1754  0  0 14 109 1 0 219
1755  0  1 14 109 1 0 219
1756  0  2 14 109 1 0 219
1757  0  3 14 109 1 0 219
1758  0  4 14 110 0 1 220
1759  0  5 14 110 0 1 220
1760  0  6 14 110 0 1 220
1761  0  7 14 110 0 1 220
1762  0  0 15 109 1 0 219
1763  0  1 15 109 1 0 219
1764  0  2 15 109 1 0 219
1765  0  3 15 109 1 0 219
1766  0  4 15 110 0 1 220
1767  0  5 15 110 0 1 220
1768  0  6 15 110 0 1 220
1769  0  7 15 110 0 1 220
1770  0  0 16 104 0 1 208
1771  0  1 16 104 0 1 208
1772  0  2 16 104 0 1 208
1773  0  3 16 104 0 1 208
1774  0  4 16 107 1 0 215
1775  0  5 16 107 1 0 215
1776  0  6 16 107 1 0 215
1777  0  7 16 107 1 0 215
1778  0  0 17 104 0 1 208
1779  0  1 17 104 0 1 208
1780  0  2 17 104 0 1 208
1781  0  3 17 104 0 1 208
1782  0  4 17 107 1 0 215
1783  0  5 17 107 1 0 215
1784  0  6 17 107 1 0 215
1785  0  7 17 107 1 0 215
1786  0  0 18 104 1 0 209
1787  0  1 18 104 1 0 209
1788  0  2 18 104 1 0 209
1789  0  3 18 104 1 0 209
1790  0  4 18 107 0 1 214
1791  0  5 18 107 0 1 214
1792  0  6 18 107 0 1 214
1793  0  7 18 107 0 1 214
1794  0  0 19 104 1 0 209
1795  0  1 19 104 1 0 209
1796  0  2 19 104 1 0 209
1797  0  3 19 104 1 0 209
1798  0  4 19 107 0 1 214
1799  0  5 19 107 0 1 214
1800  0  6 19 107 0 1 214
1801  0  7 19 107 0 1 214
1802  0  0 20 105 0 1 210
1803  0  1 20 105 0 1 210
1804  0  2 20 105 0 1 210
1805  0  3 20 105 0 1 210
1806  0  4 20 106 1 0 213
1807  0  5 20 106 1 0 213
1808  0  6 20 106 1 0 213
1809  0  7 20 106 1 0 213
1810  0  0 21 105 0 1 210
1811  0  1 21 105 0 1 210
1812  0  2 21 105 0 1 210
1813  0  3 21 105 0 1 210
1814  0  4 21 106 1 0 213
1815  0  5 21 106 1 0 213
1816  0  6 21 106 1 0 213
1817  0  7 21 106 1 0 213
1818  0  0 22 105 1 0 211
1819  0  1 22 105 1 0 211
1820  0  2 22 105 1 0 211
1821  0  3 22 105 1 0 211
1822  0  4 22 106 0 1 212
1823  0  5 22 106 0 1 212
1824  0  6 22 106 0 1 212
1825  0  7 22 106 0 1 212
1826  0  0 23 105 1 0 211
1827  0  1 23 105 1 0 211
1828  0  2 23 105 1 0 211
1829  0  3 23 105 1 0 211
1830  0  4 23 106 0 1 212
1831  0  5 23 106 0 1 212
1832  0  6 23 106 0 1 212
1833  0  7 23 106 0 1 212
1834  0  8  0 124 0 1 248
1835  0  9  0 124 0 1 248
1836  0 10  0 124 0 1 248
1837  0 11  0 124 0 1 248
1838  0 12  0 127 1 0 255
1839  0 13  0 127 1 0 255
1840  0 14  0 127 1 0 255
1841  0 15  0 127 1 0 255
1842  0  8  1 124 0 1 248
1843  0  9  1 124 0 1 248
1844  0 10  1 124 0 1 248
1845  0 11  1 124 0 1 248
1846  0 12  1 127 1 0 255
1847  0 13  1 127 1 0 255
1848  0 14  1 127 1 0 255
1849  0 15  1 127 1 0 255
1850  0  8  2 124 1 0 249
1851  0  9  2 124 1 0 249
1852  0 10  2 124 1 0 249
1853  0 11  2 124 1 0 249
1854  0 12  2 127 0 1 254
1855  0 13  2 127 0 1 254
1856  0 14  2 127 0 1 254
1857  0 15  2 127 0 1 254
1858  0  8  3 124 1 0 249
1859  0  9  3 124 1 0 249
1860  0 10  3 124 1 0 249
1861  0 11  3 124 1 0 249
1862  0 12  3 127 0 1 254
1863  0 13  3 127 0 1 254
1864  0 14  3 127 0 1 254
1865  0 15  3 127 0 1 254
1866  0  8  4 125 0 1 250
1867  0  9  4 125 0 1 250
1868  0 10  4 125 0 1 250
1869  0 11  4 125 0 1 250
1870  0 12  4 126 1 0 253
1871  0 13  4 126 1 0 253
1872  0 14  4 126 1 0 253
1873  0 15  4 126 1 0 253
1874  0  8  5 125 0 1 250
1875  0  9  5 125 0 1 250
1876  0 10  5 125 0 1 250
1877  0 11  5 125 0 1 250
1878  0 12  5 126 1 0 253
1879  0 13  5 126 1 0 253
1880  0 14  5 126 1 0 253
1881  0 15  5 126 1 0 253
1882  0  8  6 125 1 0 251
1883  0  9  6 125 1 0 251
1884  0 10  6 125 1 0 251
1885  0 11  6 125 1 0 251
1886  0 12  6 126 0 1 252
1887  0 13  6 126 0 1 252
1888  0 14  6 126 0 1 252
1889  0 15  6 126 0 1 252
1890  0  8  7 125 1 0 251
1891  0  9  7 125 1 0 251
1892  0 10  7 125 1 0 251
1893  0 11  7 125 1 0 251
1894  0 12  7 126 0 1 252
1895  0 13  7 126 0 1 252
1896  0 14  7 126 0 1 252
1897  0 15  7 126 0 1 252
1898  0  8  8 120 0 1 240
1899  0  9  8 120 0 1 240
1900  0 10  8 120 0 1 240
1901  0 11  8 120 0 1 240
1902  0 12  8 123 1 0 247
1903  0 13  8 123 1 0 247
1904  0 14  8 123 1 0 247
1905  0 15  8 123 1 0 247
1906  0  8  9 120 0 1 240
1907  0  9  9 120 0 1 240
1908  0 10  9 120 0 1 240
1909  0 11  9 120 0 1 240
1910  0 12  9 123 1 0 247
1911  0 13  9 123 1 0 247
1912  0 14  9 123 1 0 247
1913  0 15  9 123 1 0 247
1914  0  8 10 120 1 0 241
1915  0  9 10 120 1 0 241
1916  0 10 10 120 1 0 241
1917  0 11 10 120 1 0 241
1918  0 12 10 123 0 1 246
1919  0 13 10 123 0 1 246
1920  0 14 10 123 0 1 246
1921  0 15 10 123 0 1 246
1922  0  8 11 120 1 0 241
1923  0  9 11 120 1 0 241
1924  0 10 11 120 1 0 241
1925  0 11 11 120 1 0 241
1926  0 12 11 123 0 1 246
1927  0 13 11 123 0 1 246
1928  0 14 11 123 0 1 246
1929  0 15 11 123 0 1 246
1930  0  8 12 121 0 1 242
1931  0  9 12 121 0 1 242
1932  0 10 12 121 0 1 242
1933  0 11 12 121 0 1 242
1934  0 12 12 122 1 0 245
1935  0 13 12 122 1 0 245
1936  0 14 12 122 1 0 245
1937  0 15 12 122 1 0 245
1938  0  8 13 121 0 1 242
1939  0  9 13 121 0 1 242
1940  0 10 13 121 0 1 242
1941  0 11 13 121 0 1 242
1942  0 12 13 122 1 0 245
1943  0 13 13 122 1 0 245
1944  0 14 13 122 1 0 245
1945  0 15 13 122 1 0 245
1946  0  8 14 121 1 0 243
1947  0  9 14 121 1 0 243
1948  0 10 14 121 1 0 243
1949  0 11 14 121 1 0 243
1950  0 12 14 122 0 1 244
1951  0 13 14 122 0 1 244
1952  0 14 14 122 0 1 244
1953  0 15 14 122 0 1 244
1954  0  8 15 121 1 0 243
1955  0  9 15 121 1 0 243
1956  0 10 15 121 1 0 243
1957  0 11 15 121 1 0 243
1958  0 12 15 122 0 1 244
1959  0 13 15 122 0 1 244
1960  0 14 15 122 0 1 244
1961  0 15 15 122 0 1 244
1962  0  8 16 116 0 1 232
1963  0  9 16 116 0 1 232
1964  0 10 16 116 0 1 232
1965  0 11 16 116 0 1 232
1966  0 12 16 119 1 0 239
1967  0 13 16 119 1 0 239
1968  0 14 16 119 1 0 239
1969  0 15 16 119 1 0 239
1970  0  8 17 116 0 1 232
1971  0  9 17 116 0 1 232
1972  0 10 17 116 0 1 232
1973  0 11 17 116 0 1 232
1974  0 12 17 119 1 0 239
1975  0 13 17 119 1 0 239
1976  0 14 17 119 1 0 239
1977  0 15 17 119 1 0 239
1978  0  8 18 116 1 0 233
1979  0  9 18 116 1 0 233
1980  0 10 18 116 1 0 233
1981  0 11 18 116 1 0 233
1982  0 12 18 119 0 1 238
1983  0 13 18 119 0 1 238
1984  0 14 18 119 0 1 238
1985  0 15 18 119 0 1 238
1986  0  8 19 116 1 0 233
1987  0  9 19 116 1 0 233
1988  0 10 19 116 1 0 233
1989  0 11 19 116 1 0 233
1990  0 12 19 119 0 1 238
1991  0 13 19 119 0 1 238
1992  0 14 19 119 0 1 238
1993  0 15 19 119 0 1 238
1994  0  8 20 117 0 1 234
1995  0  9 20 117 0 1 234
1996  0 10 20 117 0 1 234
1997  0 11 20 117 0 1 234
1998  0 12 20 118 1 0 237
1999  0 13 20 118 1 0 237
2000  0 14 20 118 1 0 237
2001  0 15 20 118 1 0 237
2002  0  8 21 117 0 1 234
2003  0  9 21 117 0 1 234
2004  0 10 21 117 0 1 234
2005  0 11 21 117 0 1 234
2006  0 12 21 118 1 0 237
2007  0 13 21 118 1 0 237
2008  0 14 21 118 1 0 237
2009  0 15 21 118 1 0 237
2010  0  8 22 117 1 0 235
2011  0  9 22 117 1 0 235
2012  0 10 22 117 1 0 235
2013  0 11 22 117 1 0 235
2014  0 12 22 118 0 1 236
2015  0 13 22 118 0 1 236
2016  0 14 22 118 0 1 236
2017  0 15 22 118 0 1 236
2018  0  8 23 117 1 0 235
2019  0  9 23 117 1 0 235
2020  0 10 23 117 1 0 235
2021  0 11 23 117 1 0 235
2022  0 12 23 118 0 1 236
2023  0 13 23 118 0 1 236
2024  0 14 23 118 0 1 236
2025  0 15 23 118 0 1 236
2026  1  0  0 136 0 1 272
2027  1  1  0 136 0 1 272
2028  1  2  0 136 0 1 272
2029  1  3  0 136 0 1 272
2030  1  4  0 139 1 0 279
2031  1  5  0 139 1 0 279
2032  1  6  0 139 1 0 279
2033  1  7  0 139 1 0 279
2034  1  0  1 136 0 1 272
2035  1  1  1 136 0 1 272
2036  1  2  1 136 0 1 272
2037  1  3  1 136 0 1 272
2038  1  4  1 139 1 0 279
2039  1  5  1 139 1 0 279
2040  1  6  1 139 1 0 279
2041  1  7  1 139 1 0 279
2042  1  0  2 136 1 0 273
2043  1  1  2 136 1 0 273
2044  1  2  2 136 1 0 273
2045  1  3  2 136 1 0 273
2046  1  4  2 139 0 1 278
2047  1  5  2 139 0 1 278
2048  1  6  2 139 0 1 278
2049  1  7  2 139 0 1 278
2050  1  0  3 136 1 0 273
2051  1  1  3 136 1 0 273
2052  1  2  3 136 1 0 273
2053  1  3  3 136 1 0 273
2054  1  4  3 139 0 1 278
2055  1  5  3 139 0 1 278
2056  1  6  3 139 0 1 278
2057  1  7  3 139 0 1 278
2058  1  0  4 137 0 1 274
2059  1  1  4 137 0 1 274
2060  1  2  4 137 0 1 274
2061  1  3  4 137 0 1 274
2062  1  4  4 138 1 0 277
2063  1  5  4 138 1 0 277
2064  1  6  4 138 1 0 277
2065  1  7  4 138 1 0 277
2066  1  0  5 137 0 1 274
2067  1  1  5 137 0 1 274
2068  1  2  5 137 0 1 274
2069  1  3  5 137 0 1 274
2070  1  4  5 138 1 0 277
2071  1  5  5 138 1 0 277
2072  1  6  5 138 1 0 277
2073  1  7  5 138 1 0 277
2074  1  0  6 137 1 0 275
2075  1  1  6 137 1 0 275
2076  1  2  6 137 1 0 275
2077  1  3  6 137 1 0 275
2078  1  4  6 138 0 1 276
2079  1  5  6 138 0 1 276
2080  1  6  6 138 0 1 276
2081  1  7  6 138 0 1 276
2082  1  0  7 137 1 0 275
2083  1  1  7 137 1 0 275
2084  1  2  7 137 1 0 275
2085  1  3  7 137 1 0 275
2086  1  4  7 138 0 1 276
2087  1  5  7 138 0 1 276
2088  1  6  7 138 0 1 276
2089  1  7  7 138 0 1 276
2090  1  0  8 132 0 1 264
2091  1  1  8 132 0 1 264
2092  1  2  8 132 0 1 264
2093  1  3  8 132 0 1 264
2094  1  4  8 135 1 0 271
2095  1  5  8 135 1 0 271
2096  1  6  8 135 1 0 271
2097  1  7  8 135 1 0 271
2098  1  0  9 132 0 1 264
2099  1  1  9 132 0 1 264
2100  1  2  9 132 0 1 264
2101  1  3  9 132 0 1 264
2102  1  4  9 135 1 0 271
2103  1  5  9 135 1 0 271
2104  1  6  9 135 1 0 271
2105  1  7  9 135 1 0 271
2106  1  0 10 132 1 0 265
2107  1  1 10 132 1 0 265
2108  1  2 10 132 1 0 265
2109  1  3 10 132 1 0 265
2110  1  4 10 135 0 1 270
2111  1  5 10 135 0 1 270
2112  1  6 10 135 0 1 270
2113  1  7 10 135 0 1 270
2114  1  0 11 132 1 0 265
2115  1  1 11 132 1 0 265
2116  1  2 11 132 1 0 265
2117  1  3 11 132 1 0 265
2118  1  4 11 135 0 1 270
2119  1  5 11 135 0 1 270
2120  1  6 11 135 0 1 270
2121  1  7 11 135 0 1 270
2122  1  0 12 133 0 1 266
2123  1  1 12 133 0 1 266
2124  1  2 12 133 0 1 266
2125  1  3 12 133 0 1 266
2126  1  4 12 134 1 0 269
2127  1  5 12 134 1 0 269
2128  1  6 12 134 1 0 269
2129  1  7 12 134 1 0 269
2130  1  0 13 133 0 1 266
2131  1  1 13 133 0 1 266
2132  1  2 13 133 0 1 266
2133  1  3 13 133 0 1 266
2134  1  4 13 134 1 0 269
2135  1  5 13 134 1 0 269
2136  1  6 13 134 1 0 269
2137  1  7 13 134 1 0 269
2138  1  0 14 133 1 0 267
2139  1  1 14 133 1 0 267
2140  1  2 14 133 1 0 267
2141  1  3 14 133 1 0 267
2142  1  4 14 134 0 1 268
2143  1  5 14 134 0 1 268
2144  1  6 14 134 0 1 268
2145  1  7 14 134 0 1 268
2146  1  0 15 133 1 0 267
2147  1  1 15 133 1 0 267
2148  1  2 15 133 1 0 267
2149  1  3 15 133 1 0 267
2150  1  4 15 134 0 1 268
2151  1  5 15 134 0 1 268
2152  1  6 15 134 0 1 268
2153  1  7 15 134 0 1 268
2154  1  0 16 128 0 1 256
2155  1  1 16 128 0 1 256
2156  1  2 16 128 0 1 256
2157  1  3 16 128 0 1 256
2158  1  4 16 131 1 0 263
2159  1  5 16 131 1 0 263
2160  1  6 16 131 1 0 263
2161  1  7 16 131 1 0 263
2162  1  0 17 128 0 1 256
2163  1  1 17 128 0 1 256
2164  1  2 17 128 0 1 256
2165  1  3 17 128 0 1 256
2166  1  4 17 131 1 0 263
2167  1  5 17 131 1 0 263
2168  1  6 17 131 1 0 263
2169  1  7 17 131 1 0 263
2170  1  0 18 128 1 0 257
2171  1  1 18 128 1 0 257
2172  1  2 18 128 1 0 257
2173  1  3 18 128 1 0 257
2174  1  4 18 131 0 1 262
2175  1  5 18 131 0 1 262
2176  1  6 18 131 0 1 262
2177  1  7 18 131 0 1 262
2178  1  0 19 128 1 0 257
2179  1  1 19 128 1 0 257
2180  1  2 19 128 1 0 257
2181  1  3 19 128 1 0 257
2182  1  4 19 131 0 1 262
2183  1  5 19 131 0 1 262
2184  1  6 19 131 0 1 262
2185  1  7 19 131 0 1 262
2186  1  0 20 129 0 1 258
2187  1  1 20 129 0 1 258
2188  1  2 20 129 0 1 258
2189  1  3 20 129 0 1 258
2190  1  4 20 130 1 0 261
2191  1  5 20 130 1 0 261
2192  1  6 20 130 1 0 261
2193  1  7 20 130 1 0 261
2194  1  0 21 129 0 1 258
2195  1  1 21 129 0 1 258
2196  1  2 21 129 0 1 258
2197  1  3 21 129 0 1 258
2198  1  4 21 130 1 0 261
2199  1  5 21 130 1 0 261
2200  1  6 21 130 1 0 261
2201  1  7 21 130 1 0 261
2202  1  0 22 129 1 0 259
2203  1  1 22 129 1 0 259
2204  1  2 22 129 1 0 259
2205  1  3 22 129 1 0 259
2206  1  4 22 130 0 1 260
2207  1  5 22 130 0 1 260
2208  1  6 22 130 0 1 260
2209  1  7 22 130 0 1 260
2210  1  0 23 129 1 0 259
2211  1  1 23 129 1 0 259
2212  1  2 23 129 1 0 259
2213  1  3 23 129 1 0 259
2214  1  4 23 130 0 1 260
2215  1  5 23 130 0 1 260
2216  1  6 23 130 0 1 260
2217  1  7 23 130 0 1 260
2218  1  8  0 148 0 1 296
2219  1  9  0 148 0 1 296
2220  1 10  0 148 0 1 296
2221  1 11  0 148 0 1 296
2222  1 12  0 151 1 0 303
2223  1 13  0 151 1 0 303
2224  1 14  0 151 1 0 303
2225  1 15  0 151 1 0 303
2226  1  8  1 148 0 1 296
2227  1  9  1 148 0 1 296
2228  1 10  1 148 0 1 296
2229  1 11  1 148 0 1 296
2230  1 12  1 151 1 0 303
2231  1 13  1 151 1 0 303
2232  1 14  1 151 1 0 303
2233  1 15  1 151 1 0 303
2234  1  8  2 148 1 0 297
2235  1  9  2 148 1 0 297
2236  1 10  2 148 1 0 297
2237  1 11  2 148 1 0 297
2238  1 12  2 151 0 1 302
2239  1 13  2 151 0 1 302
2240  1 14  2 151 0 1 302
2241  1 15  2 151 0 1 302
2242  1  8  3 148 1 0 297
2243  1  9  3 148 1 0 297
2244  1 10  3 148 1 0 297
2245  1 11  3 148 1 0 297
2246  1 12  3 151 0 1 302
2247  1 13  3 151 0 1 302
2248  1 14  3 151 0 1 302
2249  1 15  3 151 0 1 302
2250  1  8  4 149 0 1 298
2251  1  9  4 149 0 1 298
2252  1 10  4 149 0 1 298
2253  1 11  4 149 0 1 298
2254  1 12  4 150 1 0 301
2255  1 13  4 150 1 0 301
2256  1 14  4 150 1 0 301
2257  1 15  4 150 1 0 301
2258  1  8  5 149 0 1 298
2259  1  9  5 149 0 1 298
2260  1 10  5 149 0 1 298
2261  1 11  5 149 0 1 298
2262  1 12  5 150 1 0 301
2263  1 13  5 150 1 0 301
2264  1 14  5 150 1 0 301
2265  1 15  5 150 1 0 301
2266  1  8  6 149 1 0 299
2267  1  9  6 149 1 0 299
2268  1 10  6 149 1 0 299
2269  1 11  6 149 1 0 299
2270  1 12  6 150 0 1 300
2271  1 13  6 150 0 1 300
2272  1 14  6 150 0 1 300
2273  1 15  6 150 0 1 300
2274  1  8  7 149 1 0 299
2275  1  9  7 149 1 0 299
2276  1 10  7 149 1 0 299
2277  1 11  7 149 1 0 299
2278  1 12  7 150 0 1 300
2279  1 13  7 150 0 1 300
2280  1 14  7 150 0 1 300
2281  1 15  7 150 0 1 300
2282  1  8  8 144 0 1 288
2283  1  9  8 144 0 1 288
2284  1 10  8 144 0 1 288
2285  1 11  8 144 0 1 288
2286  1 12  8 147 1 0 295
2287  1 13  8 147 1 0 295
2288  1 14  8 147 1 0 295
2289  1 15  8 147 1 0 295
2290  1  8  9 144 0 1 288
2291  1  9  9 144 0 1 288
2292  1 10  9 144 0 1 288
2293  1 11  9 144 0 1 288
2294  1 12  9 147 1 0 295
2295  1 13  9 147 1 0 295
2296  1 14  9 147 1 0 295
2297  1 15  9 147 1 0 295
2298  1  8 10 144 1 0 289
2299  1  9 10 144 1 0 289
2300  1 10 10 144 1 0 289
2301  1 11 10 144 1 0 289
2302  1 12 10 147 0 1 294
2303  1 13 10 147 0 1 294
2304  1 14 10 147 0 1 294
2305  1 15 10 147 0 1 294
2306  1  8 11 144 1 0 289
2307  1  9 11 144 1 0 289
2308  1 10 11 144 1 0 289
2309  1 11 11 144 1 0 289
2310  1 12 11 147 0 1 294
2311  1 13 11 147 0 1 294
2312  1 14 11 147 0 1 294
2313  1 15 11 147 0 1 294
2314  1  8 12 145 0 1 290
2315  1  9 12 145 0 1 290
2316  1 10 12 145 0 1 290
2317  1 11 12 145 0 1 290
2318  1 12 12 146 1 0 293
2319  1 13 12 146 1 0 293
2320  1 14 12 146 1 0 293
2321  1 15 12 146 1 0 293
2322  1  8 13 145 0 1 290
2323  1  9 13 145 0 1 290
2324  1 10 13 145 0 1 290
2325  1 11 13 145 0 1 290
2326  1 12 13 146 1 0 293
2327  1 13 13 146 1 0 293
2328  1 14 13 146 1 0 293
2329  1 15 13 146 1 0 293
2330  1  8 14 145 1 0 291
2331  1  9 14 145 1 0 291
2332  1 10 14 145 1 0 291
2333  1 11 14 145 1 0 291
2334  1 12 14 146 0 1 292
2335  1 13 14 146 0 1 292
2336  1 14 14 146 0 1 292
2337  1 15 14 146 0 1 292
2338  1  8 15 145 1 0 291
2339  1  9 15 145 1 0 291
2340  1 10 15 145 1 0 291
2341  1 11 15 145 1 0 291
2342  1 12 15 146 0 1 292
2343  1 13 15 146 0 1 292
2344  1 14 15 146 0 1 292
2345  1 15 15 146 0 1 292
2346  1  8 16 140 0 1 280
2347  1  9 16 140 0 1 280
2348  1 10 16 140 0 1 280
2349  1 11 16 140 0 1 280
2350  1 12 16 143 1 0 287
2351  1 13 16 143 1 0 287
2352  1 14 16 143 1 0 287
2353  1 15 16 143 1 0 287
2354  1  8 17 140 0 1 280
2355  1  9 17 140 0 1 280
2356  1 10 17 140 0 1 280
2357  1 11 17 140 0 1 280
2358  1 12 17 143 1 0 287
2359  1 13 17 143 1 0 287
2360  1 14 17 143 1 0 287
2361  1 15 17 143 1 0 287
2362  1  8 18 140 1 0 281
2363  1  9 18 140 1 0 281
2364  1 10 18 140 1 0 281
2365  1 11 18 140 1 0 281
2366  1 12 18 143 0 1 286
2367  1 13 18 143 0 1 286
2368  1 14 18 143 0 1 286
2369  1 15 18 143 0 1 286
2370  1  8 19 140 1 0 281
2371  1  9 19 140 1 0 281
2372  1 10 19 140 1 0 281
2373  1 11 19 140 1 0 281
2374  1 12 19 143 0 1 286
2375  1 13 19 143 0 1 286
2376  1 14 19 143 0 1 286
2377  1 15 19 143 0 1 286
2378  1  8 20 141 0 1 282
2379  1  9 20 141 0 1 282
2380  1 10 20 141 0 1 282
2381  1 11 20 141 0 1 282
2382  1 12 20 142 1 0 285
2383  1 13 20 142 1 0 285
2384  1 14 20 142 1 0 285
2385  1 15 20 142 1 0 285
2386  1  8 21 141 0 1 282
2387  1  9 21 141 0 1 282
2388  1 10 21 141 0 1 282
2389  1 11 21 141 0 1 282
2390  1 12 21 142 1 0 285
2391  1 13 21 142 1 0 285
2392  1 14 21 142 1 0 285
2393  1 15 21 142 1 0 285
2394  1  8 22 141 1 0 283
2395  1  9 22 141 1 0 283
2396  1 10 22 141 1 0 283
2397  1 11 22 141 1 0 283
2398  1 12 22 142 0 1 284
2399  1 13 22 142 0 1 284
2400  1 14 22 142 0 1 284
2401  1 15 22 142 0 1 284
2402  1  8 23 141 1 0 283
2403  1  9 23 141 1 0 283
2404  1 10 23 141 1 0 283
2405  1 11 23 141 1 0 283
2406  1 12 23 142 0 1 284
2407  1 13 23 142 0 1 284
2408  1 14 23 142 0 1 284
2409  1 15 23 142 0 1 284
2410  2  0  0 160 0 1 320
2411  2  1  0 160 0 1 320
2412  2  2  0 160 0 1 320
2413  2  3  0 160 0 1 320
2414  2  4  0 163 1 0 327
2415  2  5  0 163 1 0 327
2416  2  6  0 163 1 0 327
2417  2  7  0 163 1 0 327
2418  2  0  1 160 0 1 320
2419  2  1  1 160 0 1 320
2420  2  2  1 160 0 1 320
2421  2  3  1 160 0 1 320
2422  2  4  1 163 1 0 327
2423  2  5  1 163 1 0 327
2424  2  6  1 163 1 0 327
2425  2  7  1 163 1 0 327
2426  2  0  2 160 1 0 321
2427  2  1  2 160 1 0 321
2428  2  2  2 160 1 0 321
2429  2  3  2 160 1 0 321
2430  2  4  2 163 0 1 326
2431  2  5  2 163 0 1 326
2432  2  6  2 163 0 1 326
2433  2  7  2 163 0 1 326
2434  2  0  3 160 1 0 321
2435  2  1  3 160 1 0 321
2436  2  2  3 160 1 0 321
2437  2  3  3 160 1 0 321
2438  2  4  3 163 0 1 326
2439  2  5  3 163 0 1 326
2440  2  6  3 163 0 1 326
2441  2  7  3 163 0 1 326
2442  2  0  4 161 0 1 322
2443  2  1  4 161 0 1 322
2444  2  2  4 161 0 1 322
2445  2  3  4 161 0 1 322
2446  2  4  4 162 1 0 325
2447  2  5  4 162 1 0 325
2448  2  6  4 162 1 0 325
2449  2  7  4 162 1 0 325
2450  2  0  5 161 0 1 322
2451  2  1  5 161 0 1 322
2452  2  2  5 161 0 1 322
2453  2  3  5 161 0 1 322
2454  2  4  5 162 1 0 325
2455  2  5  5 162 1 0 325
2456  2  6  5 162 1 0 325
2457  2  7  5 162 1 0 325
2458  2  0  6 161 1 0 323
2459  2  1  6 161 1 0 323
2460  2  2  6 161 1 0 323
2461  2  3  6 161 1 0 323
2462  2  4  6 162 0 1 324
2463  2  5  6 162 0 1 324
2464  2  6  6 162 0 1 324
2465  2  7  6 162 0 1 324
2466  2  0  7 161 1 0 323
2467  2  1  7 161 1 0 323
2468  2  2  7 161 1 0 323
2469  2  3  7 161 1 0 323
2470  2  4  7 162 0 1 324
2471  2  5  7 162 0 1 324
2472  2  6  7 162 0 1 324
2473  2  7  7 162 0 1 324
2474  2  0  8 156 0 1 312
2475  2  1  8 156 0 1 312
2476  2  2  8 156 0 1 312
2477  2  3  8 156 0 1 312
2478  2  4  8 159 1 0 319
2479  2  5  8 159 1 0 319
2480  2  6  8 159 1 0 319
2481  2  7  8 159 1 0 319
2482  2  0  9 156 0 1 312
2483  2  1  9 156 0 1 312
2484  2  2  9 156 0 1 312
2485  2  3  9 156 0 1 312
2486  2  4  9 159 1 0 319
2487  2  5  9 159 1 0 319
2488  2  6  9 159 1 0 319
2489  2  7  9 159 1 0 319
2490  2  0 10 156 1 0 313
2491  2  1 10 156 1 0 313
2492  2  2 10 156 1 0 313
2493  2  3 10 156 1 0 313
2494  2  4 10 159 0 1 318
2495  2  5 10 159 0 1 318
2496  2  6 10 159 0 1 318
2497  2  7 10 159 0 1 318
2498  2  0 11 156 1 0 313
2499  2  1 11 156 1 0 313
2500  2  2 11 156 1 0 313
2501  2  3 11 156 1 0 313
2502  2  4 11 159 0 1 318
2503  2  5 11 159 0 1 318
2504  2  6 11 159 0 1 318
2505  2  7 11 159 0 1 318
2506  2  0 12 157 0 1 314
2507  2  1 12 157 0 1 314
2508  2  2 12 157 0 1 314
2509  2  3 12 157 0 1 314
2510  2  4 12 158 1 0 317
2511  2  5 12 158 1 0 317
2512  2  6 12 158 1 0 317
2513  2  7 12 158 1 0 317
2514  2  0 13 157 0 1 314
2515  2  1 13 157 0 1 314
2516  2  2 13 157 0 1 314
2517  2  3 13 157 0 1 314
2518  2  4 13 158 1 0 317
2519  2  5 13 158 1 0 317
2520  2  6 13 158 1 0 317
2521  2  7 13 158 1 0 317
2522  2  0 14 157 1 0 315
2523  2  1 14 157 1 0 315
2524  2  2 14 157 1 0 315
2525  2  3 14 157 1 0 315
2526  2  4 14 158 0 1 316
2527  2  5 14 158 0 1 316
2528  2  6 14 158 0 1 316
2529  2  7 14 158 0 1 316
2530  2  0 15 157 1 0 315
2531  2  1 15 157 1 0 315
2532  2  2 15 157 1 0 315
2533  2  3 15 157 1 0 315
2534  2  4 15 158 0 1 316
2535  2  5 15 158 0 1 316
2536  2  6 15 158 0 1 316
2537  2  7 15 158 0 1 316
2538  2  0 16 152 0 1 304
2539  2  1 16 152 0 1 304
2540  2  2 16 152 0 1 304
2541  2  3 16 152 0 1 304
2542  2  4 16 155 1 0 311
2543  2  5 16 155 1 0 311
2544  2  6 16 155 1 0 311
2545  2  7 16 155 1 0 311
2546  2  0 17 152 0 1 304
2547  2  1 17 152 0 1 304
2548  2  2 17 152 0 1 304
2549  2  3 17 152 0 1 304
2550  2  4 17 155 1 0 311
2551  2  5 17 155 1 0 311
2552  2  6 17 155 1 0 311
2553  2  7 17 155 1 0 311
2554  2  0 18 152 1 0 305
2555  2  1 18 152 1 0 305
2556  2  2 18 152 1 0 305
2557  2  3 18 152 1 0 305
2558  2  4 18 155 0 1 310
2559  2  5 18 155 0 1 310
2560  2  6 18 155 0 1 310
2561  2  7 18 155 0 1 310
2562  2  0 19 152 1 0 305
2563  2  1 19 152 1 0 305
2564  2  2 19 152 1 0 305
2565  2  3 19 152 1 0 305
2566  2  4 19 155 0 1 310
2567  2  5 19 155 0 1 310
2568  2  6 19 155 0 1 310
2569  2  7 19 155 0 1 310
2570  2  0 20 153 0 1 306
2571  2  1 20 153 0 1 306
2572  2  2 20 153 0 1 306
2573  2  3 20 153 0 1 306
2574  2  4 20 154 1 0 309
2575  2  5 20 154 1 0 309
2576  2  6 20 154 1 0 309
2577  2  7 20 154 1 0 309
2578  2  0 21 153 0 1 306
2579  2  1 21 153 0 1 306
2580  2  2 21 153 0 1 306
2581  2  3 21 153 0 1 306
2582  2  4 21 154 1 0 309
2583  2  5 21 154 1 0 309
2584  2  6 21 154 1 0 309
2585  2  7 21 154 1 0 309
2586  2  0 22 153 1 0 307
2587  2  1 22 153 1 0 307
2588  2  2 22 153 1 0 307
2589  2  3 22 153 1 0 307
2590  2  4 22 154 0 1 308
2591  2  5 22 154 0 1 308
2592  2  6 22 154 0 1 308
2593  2  7 22 154 0 1 308
2594  2  0 23 153 1 0 307
2595  2  1 23 153 1 0 307
2596  2  2 23 153 1 0 307
2597  2  3 23 153 1 0 307
2598  2  4 23 154 0 1 308
2599  2  5 23 154 0 1 308
2600  2  6 23 154 0 1 308
2601  2  7 23 154 0 1 308
2602  2  8  0 172 0 1 344
2603  2  9  0 172 0 1 344
2604  2 10  0 172 0 1 344
2605  2 11  0 172 0 1 344
2606  2 12  0 175 1 0 351
2607  2 13  0 175 1 0 351
2608  2 14  0 175 1 0 351
2609  2 15  0 175 1 0 351
2610  2  8  1 172 0 1 344
2611  2  9  1 172 0 1 344
2612  2 10  1 172 0 1 344
2613  2 11  1 172 0 1 344
2614  2 12  1 175 1 0 351
2615  2 13  1 175 1 0 351
2616  2 14  1 175 1 0 351
2617  2 15  1 175 1 0 351
2618  2  8  2 172 1 0 345
2619  2  9  2 172 1 0 345
2620  2 10  2 172 1 0 345
2621  2 11  2 172 1 0 345
2622  2 12  2 175 0 1 350
2623  2 13  2 175 0 1 350
2624  2 14  2 175 0 1 350
2625  2 15  2 175 0 1 350
2626  2  8  3 172 1 0 345
2627  2  9  3 172 1 0 345
2628  2 10  3 172 1 0 345
2629  2 11  3 172 1 0 345
2630  2 12  3 175 0 1 350
2631  2 13  3 175 0 1 350
2632  2 14  3 175 0 1 350
2633  2 15  3 175 0 1 350
2634  2  8  4 173 0 1 346
2635  2  9  4 173 0 1 346
2636  2 10  4 173 0 1 346
2637  2 11  4 173 0 1 346
2638  2 12  4 174 1 0 349
2639  2 13  4 174 1 0 349
2640  2 14  4 174 1 0 349
2641  2 15  4 174 1 0 349
2642  2  8  5 173 0 1 346
2643  2  9  5 173 0 1 346
2644  2 10  5 173 0 1 346
2645  2 11  5 173 0 1 346
2646  2 12  5 174 1 0 349
2647  2 13  5 174 1 0 349
2648  2 14  5 174 1 0 349
2649  2 15  5 174 1 0 349
2650  2  8  6 173 1 0 347
2651  2  9  6 173 1 0 347
2652  2 10  6 173 1 0 347
2653  2 11  6 173 1 0 347
2654  2 12  6 174 0 1 348
2655  2 13  6 174 0 1 348
2656  2 14  6 174 0 1 348
2657  2 15  6 174 0 1 348
2658  2  8  7 173 1 0 347
2659  2  9  7 173 1 0 347
2660  2 10  7 173 1 0 347
2661  2 11  7 173 1 0 347
2662  2 12  7 174 0 1 348
2663  2 13  7 174 0 1 348
2664  2 14  7 174 0 1 348
2665  2 15  7 174 0 1 348
2666  2  8  8 168 0 1 336
2667  2  9  8 168 0 1 336
2668  2 10  8 168 0 1 336
2669  2 11  8 168 0 1 336
2670  2 12  8 171 1 0 343
2671  2 13  8 171 1 0 343
2672  2 14  8 171 1 0 343
2673  2 15  8 171 1 0 343
2674  2  8  9 168 0 1 336
2675  2  9  9 168 0 1 336
2676  2 10  9 168 0 1 336
2677  2 11  9 168 0 1 336
2678  2 12  9 171 1 0 343
2679  2 13  9 171 1 0 343
2680  2 14  9 171 1 0 343
2681  2 15  9 171 1 0 343
2682  2  8 10 168 1 0 337
2683  2  9 10 168 1 0 337
2684  2 10 10 168 1 0 337
2685  2 11 10 168 1 0 337
2686  2 12 10 171 0 1 342
2687  2 13 10 171 0 1 342
2688  2 14 10 171 0 1 342
2689  2 15 10 171 0 1 342
2690  2  8 11 168 1 0 337
2691  2  9 11 168 1 0 337
2692  2 10 11 168 1 0 337
2693  2 11 11 168 1 0 337
2694  2 12 11 171 0 1 342
2695  2 13 11 171 0 1 342
2696  2 14 11 171 0 1 342
2697  2 15 11 171 0 1 342
2698  2  8 12 169 0 1 338
2699  2  9 12 169 0 1 338
2700  2 10 12 169 0 1 338
2701  2 11 12 169 0 1 338
2702  2 12 12 170 1 0 341
2703  2 13 12 170 1 0 341
2704  2 14 12 170 1 0 341
2705  2 15 12 170 1 0 341
2706  2  8 13 169 0 1 338
2707  2  9 13 169 0 1 338
2708  2 10 13 169 0 1 338
2709  2 11 13 169 0 1 338
2710  2 12 13 170 1 0 341
2711  2 13 13 170 1 0 341
2712  2 14 13 170 1 0 341
2713  2 15 13 170 1 0 341
2714  2  8 14 169 1 0 339
2715  2  9 14 169 1 0 339
2716  2 10 14 169 1 0 339
2717  2 11 14 169 1 0 339
2718  2 12 14 170 0 1 340
2719  2 13 14 170 0 1 340
2720  2 14 14 170 0 1 340
2721  2 15 14 170 0 1 340
2722  2  8 15 169 1 0 339
2723  2  9 15 169 1 0 339
2724  2 10 15 169 1 0 339
2725  2 11 15 169 1 0 339
2726  2 12 15 170 0 1 340
2727  2 13 15 170 0 1 340
2728  2 14 15 170 0 1 340
2729  2 15 15 170 0 1 340
2730  2  8 16 164 0 1 328
2731  2  9 16 164 0 1 328
2732  2 10 16 164 0 1 328
2733  2 11 16 164 0 1 328
2734  2 12 16 167 1 0 335
2735  2 13 16 167 1 0 335
2736  2 14 16 167 1 0 335
2737  2 15 16 167 1 0 335
2738  2  8 17 164 0 1 328
2739  2  9 17 164 0 1 328
2740  2 10 17 164 0 1 328
2741  2 11 17 164 0 1 328
2742  2 12 17 167 1 0 335
2743  2 13 17 167 1 0 335
2744  2 14 17 167 1 0 335
2745  2 15 17 167 1 0 335
2746  2  8 18 164 1 0 329
2747  2  9 18 164 1 0 329
2748  2 10 18 164 1 0 329
2749  2 11 18 164 1 0 329
2750  2 12 18 167 0 1 334
2751  2 13 18 167 0 1 334
2752  2 14 18 167 0 1 334
2753  2 15 18 167 0 1 334
2754  2  8 19 164 1 0 329
2755  2  9 19 164 1 0 329
2756  2 10 19 164 1 0 329
2757  2 11 19 164 1 0 329
2758  2 12 19 167 0 1 334
2759  2 13 19 167 0 1 334
2760  2 14 19 167 0 1 334
2761  2 15 19 167 0 1 334
2762  2  8 20 165 0 1 330
2763  2  9 20 165 0 1 330
2764  2 10 20 165 0 1 330
2765  2 11 20 165 0 1 330
2766  2 12 20 166 1 0 333
2767  2 13 20 166 1 0 333
2768  2 14 20 166 1 0 333
2769  2 15 20 166 1 0 333
2770  2  8 21 165 0 1 330
2771  2  9 21 165 0 1 330
2772  2 10 21 165 0 1 330
2773  2 11 21 165 0 1 330
2774  2 12 21 166 1 0 333
2775  2 13 21 166 1 0 333
2776  2 14 21 166 1 0 333
2777  2 15 21 166 1 0 333
2778  2  8 22 165 1 0 331
2779  2  9 22 165 1 0 331
2780  2 10 22 165 1 0 331
2781  2 11 22 165 1 0 331
2782  2 12 22 166 0 1 332
2783  2 13 22 166 0 1 332
2784  2 14 22 166 0 1 332
2785  2 15 22 166 0 1 332
2786  2  8 23 165 1 0 331
2787  2  9 23 165 1 0 331
2788  2 10 23 165 1 0 331
2789  2 11 23 165 1 0 331
2790  2 12 23 166 0 1 332
2791  2 13 23 166 0 1 332
2792  2 14 23 166 0 1 332
2793  2 15 23 166 0 1 332
2794  3  0  0 184 0 1 368
2795  3  1  0 184 0 1 368
2796  3  2  0 184 0 1 368
2797  3  3  0 184 0 1 368
2798  3  4  0 187 1 0 375
2799  3  5  0 187 1 0 375
2800  3  6  0 187 1 0 375
2801  3  7  0 187 1 0 375
2802  3  0  1 184 0 1 368
2803  3  1  1 184 0 1 368
2804  3  2  1 184 0 1 368
2805  3  3  1 184 0 1 368
2806  3  4  1 187 1 0 375
2807  3  5  1 187 1 0 375
2808  3  6  1 187 1 0 375
2809  3  7  1 187 1 0 375
2810  3  0  2 184 1 0 369
2811  3  1  2 184 1 0 369
2812  3  2  2 184 1 0 369
2813  3  3  2 184 1 0 369
2814  3  4  2 187 0 1 374
2815  3  5  2 187 0 1 374
2816  3  6  2 187 0 1 374
2817  3  7  2 187 0 1 374
2818  3  0  3 184 1 0 369
2819  3  1  3 184 1 0 369
2820  3  2  3 184 1 0 369
2821  3  3  3 184 1 0 369
2822  3  4  3 187 0 1 374
2823  3  5  3 187 0 1 374
2824  3  6  3 187 0 1 374
2825  3  7  3 187 0 1 374
2826  3  0  4 185 0 1 370
2827  3  1  4 185 0 1 370
2828  3  2  4 185 0 1 370
2829  3  3  4 185 0 1 370
2830  3  4  4 186 1 0 373
2831  3  5  4 186 1 0 373
2832  3  6  4 186 1 0 373
2833  3  7  4 186 1 0 373
2834  3  0  5 185 0 1 370
2835  3  1  5 185 0 1 370
2836  3  2  5 185 0 1 370
2837  3  3  5 185 0 1 370
2838  3  4  5 186 1 0 373
2839  3  5  5 186 1 0 373
2840  3  6  5 186 1 0 373
2841  3  7  5 186 1 0 373
2842  3  0  6 185 1 0 371
2843  3  1  6 185 1 0 371
2844  3  2  6 185 1 0 371
2845  3  3  6 185 1 0 371
2846  3  4  6 186 0 1 372
2847  3  5  6 186 0 1 372
2848  3  6  6 186 0 1 372
2849  3  7  6 186 0 1 372
2850  3  0  7 185 1 0 371
2851  3  1  7 185 1 0 371
2852  3  2  7 185 1 0 371
2853  3  3  7 185 1 0 371
2854  3  4  7 186 0 1 372
2855  3  5  7 186 0 1 372
2856  3  6  7 186 0 1 372
2857  3  7  7 186 0 1 372
2858  3  0  8 180 0 1 360
2859  3  1  8 180 0 1 360
2860  3  2  8 180 0 1 360
2861  3  3  8 180 0 1 360
2862  3  4  8 183 1 0 367
2863  3  5  8 183 1 0 367
2864  3  6  8 183 1 0 367
2865  3  7  8 183 1 0 367
2866  3  0  9 180 0 1 360
2867  3  1  9 180 0 1 360
2868  3  2  9 180 0 1 360
2869  3  3  9 180 0 1 360
2870  3  4  9 183 1 0 367
2871  3  5  9 183 1 0 367
2872  3  6  9 183 1 0 367
2873  3  7  9 183 1 0 367
2874  3  0 10 180 1 0 361
2875  3  1 10 180 1 0 361
2876  3  2 10 180 1 0 361
2877  3  3 10 180 1 0 361
2878  3  4 10 183 0 1 366
2879  3  5 10 183 0 1 366
2880  3  6 10 183 0 1 366
2881  3  7 10 183 0 1 366
2882  3  0 11 180 1 0 361
2883  3  1 11 180 1 0 361
2884  3  2 11 180 1 0 361
2885  3  3 11 180 1 0 361
2886  3  4 11 183 0 1 366
2887  3  5 11 183 0 1 366
2888  3  6 11 183 0 1 366
2889  3  7 11 183 0 1 366
2890  3  0 12 181 0 1 362
2891  3  1 12 181 0 1 362
2892  3  2 12 181 0 1 362
2893  3  3 12 181 0 1 362
2894  3  4 12 182 1 0 365
2895  3  5 12 182 1 0 365
2896  3  6 12 182 1 0 365
2897  3  7 12 182 1 0 365
2898  3  0 13 181 0 1 362
2899  3  1 13 181 0 1 362
2900  3  2 13 181 0 1 362
2901  3  3 13 181 0 1 362
2902  3  4 13 182 1 0 365
2903  3  5 13 182 1 0 365
2904  3  6 13 182 1 0 365
2905  3  7 13 182 1 0 365
2906  3  0 14 181 1 0 363
2907  3  1 14 181 1 0 363
2908  3  2 14 181 1 0 363
2909  3  3 14 181 1 0 363
2910  3  4 14 182 0 1 364
2911  3  5 14 182 0 1 364
2912  3  6 14 182 0 1 364
2913  3  7 14 182 0 1 364
2914  3  0 15 181 1 0 363
2915  3  1 15 181 1 0 363
2916  3  2 15 181 1 0 363
2917  3  3 15 181 1 0 363
2918  3  4 15 182 0 1 364
2919  3  5 15 182 0 1 364
2920  3  6 15 182 0 1 364
2921  3  7 15 182 0 1 364
2922  3  0 16 176 0 1 352
2923  3  1 16 176 0 1 352
2924  3  2 16 176 0 1 352
2925  3  3 16 176 0 1 352
2926  3  4 16 179 1 0 359
2927  3  5 16 179 1 0 359
2928  3  6 16 179 1 0 359
2929  3  7 16 179 1 0 359
2930  3  0 17 176 0 1 352
2931  3  1 17 176 0 1 352
2932  3  2 17 176 0 1 352
2933  3  3 17 176 0 1 352
2934  3  4 17 179 1 0 359
2935  3  5 17 179 1 0 359
2936  3  6 17 179 1 0 359
2937  3  7 17 179 1 0 359
2938  3  0 18 176 1 0 353
2939  3  1 18 176 1 0 353
2940  3  2 18 176 1 0 353
2941  3  3 18 176 1 0 353
2942  3  4 18 179 0 1 358
2943  3  5 18 179 0 1 358
2944  3  6 18 179 0 1 358
2945  3  7 18 179 0 1 358
2946  3  0 19 176 1 0 353
2947  3  1 19 176 1 0 353
2948  3  2 19 176 1 0 353
2949  3  3 19 176 1 0 353
2950  3  4 19 179 0 1 358
2951  3  5 19 179 0 1 358
2952  3  6 19 179 0 1 358
2953  3  7 19 179 0 1 358
2954  3  0 20 177 0 1 354
2955  3  1 20 177 0 1 354
2956  3  2 20 177 0 1 354
2957  3  3 20 177 0 1 354
2958  3  4 20 178 1 0 357
2959  3  5 20 178 1 0 357
2960  3  6 20 178 1 0 357
2961  3  7 20 178 1 0 357
2962  3  0 21 177 0 1 354
2963  3  1 21 177 0 1 354
2964  3  2 21 177 0 1 354
2965  3  3 21 177 0 1 354
2966  3  4 21 178 1 0 357
2967  3  5 21 178 1 0 357
2968  3  6 21 178 1 0 357
2969  3  7 21 178 1 0 357
2970  3  0 22 177 1 0 355
2971  3  1 22 177 1 0 355
2972  3  2 22 177 1 0 355
2973  3  3 22 177 1 0 355
2974  3  4 22 178 0 1 356
2975  3  5 22 178 0 1 356
2976  3  6 22 178 0 1 356
2977  3  7 22 178 0 1 356
2978  3  0 23 177 1 0 355
2979  3  1 23 177 1 0 355
2980  3  2 23 177 1 0 355
2981  3  3 23 177 1 0 355
2982  3  4 23 178 0 1 356
2983  3  5 23 178 0 1 356
2984  3  6 23 178 0 1 356
2985  3  7 23 178 0 1 356
2986  3  8  0 196 0 1 392
2987  3  9  0 196 0 1 392
2988  3 10  0 196 0 1 392
2989  3 11  0 196 0 1 392
2990  3 12  0 199 1 0 399
2991  3 13  0 199 1 0 399
2992  3 14  0 199 1 0 399
2993  3 15  0 199 1 0 399
2994  3  8  1 196 0 1 392
2995  3  9  1 196 0 1 392
2996  3 10  1 196 0 1 392
2997  3 11  1 196 0 1 392
2998  3 12  1 199 1 0 399
2999  3 13  1 199 1 0 399
3000  3 14  1 199 1 0 399
3001  3 15  1 199 1 0 399
3002  3  8  2 196 1 0 393
3003  3  9  2 196 1 0 393
3004  3 10  2 196 1 0 393
3005  3 11  2 196 1 0 393
3006  3 12  2 199 0 1 398
3007  3 13  2 199 0 1 398
3008  3 14  2 199 0 1 398
3009  3 15  2 199 0 1 398
3010  3  8  3 196 1 0 393
3011  3  9  3 196 1 0 393
3012  3 10  3 196 1 0 393
3013  3 11  3 196 1 0 393
3014  3 12  3 199 0 1 398
3015  3 13  3 199 0 1 398
3016  3 14  3 199 0 1 398
3017  3 15  3 199 0 1 398
3018  3  8  4 197 0 1 394
3019  3  9  4 197 0 1 394
3020  3 10  4 197 0 1 394
3021  3 11  4 197 0 1 394
3022  3 12  4 198 1 0 397
3023  3 13  4 198 1 0 397
3024  3 14  4 198 1 0 397
3025  3 15  4 198 1 0 397
3026  3  8  5 197 0 1 394
3027  3  9  5 197 0 1 394
3028  3 10  5 197 0 1 394
3029  3 11  5 197 0 1 394
3030  3 12  5 198 1 0 397
3031  3 13  5 198 1 0 397
3032  3 14  5 198 1 0 397
3033  3 15  5 198 1 0 397
3034  3  8  6 197 1 0 395
3035  3  9  6 197 1 0 395
3036  3 10  6 197 1 0 395
3037  3 11  6 197 1 0 395
3038  3 12  6 198 0 1 396
3039  3 13  6 198 0 1 396
3040  3 14  6 198 0 1 396
3041  3 15  6 198 0 1 396
3042  3  8  7 197 1 0 395
3043  3  9  7 197 1 0 395
3044  3 10  7 197 1 0 395
3045  3 11  7 197 1 0 395
3046  3 12  7 198 0 1 396
3047  3 13  7 198 0 1 396
3048  3 14  7 198 0 1 396
3049  3 15  7 198 0 1 396
3050  3  8  8 192 0 1 384
3051  3  9  8 192 0 1 384
3052  3 10  8 192 0 1 384
3053  3 11  8 192 0 1 384
3054  3 12  8 195 1 0 391
3055  3 13  8 195 1 0 391
3056  3 14  8 195 1 0 391
3057  3 15  8 195 1 0 391
3058  3  8  9 192 0 1 384
3059  3  9  9 192 0 1 384
3060  3 10  9 192 0 1 384
3061  3 11  9 192 0 1 384
3062  3 12  9 195 1 0 391
3063  3 13  9 195 1 0 391
3064  3 14  9 195 1 0 391
3065  3 15  9 195 1 0 391
3066  3  8 10 192 1 0 385
3067  3  9 10 192 1 0 385
3068  3 10 10 192 1 0 385
3069  3 11 10 192 1 0 385
3070  3 12 10 195 0 1 390
3071  3 13 10 195 0 1 390
3072  3 14 10 195 0 1 390
3073  3 15 10 195 0 1 390
3074  3  8 11 192 1 0 385
3075  3  9 11 192 1 0 385
3076  3 10 11 192 1 0 385
3077  3 11 11 192 1 0 385
3078  3 12 11 195 0 1 390
3079  3 13 11 195 0 1 390
3080  3 14 11 195 0 1 390
3081  3 15 11 195 0 1 390
3082  3  8 12 193 0 1 386
3083  3  9 12 193 0 1 386
3084  3 10 12 193 0 1 386
3085  3 11 12 193 0 1 386
3086  3 12 12 194 1 0 389
3087  3 13 12 194 1 0 389
3088  3 14 12 194 1 0 389
3089  3 15 12 194 1 0 389
3090  3  8 13 193 0 1 386
3091  3  9 13 193 0 1 386
3092  3 10 13 193 0 1 386
3093  3 11 13 193 0 1 386
3094  3 12 13 194 1 0 389
3095  3 13 13 194 1 0 389
3096  3 14 13 194 1 0 389
3097  3 15 13 194 1 0 389
3098  3  8 14 193 1 0 387
3099  3  9 14 193 1 0 387
3100  3 10 14 193 1 0 387
3101  3 11 14 193 1 0 387
3102  3 12 14 194 0 1 388
3103  3 13 14 194 0 1 388
3104  3 14 14 194 0 1 388
3105  3 15 14 194 0 1 388
3106  3  8 15 193 1 0 387
3107  3  9 15 193 1 0 387
3108  3 10 15 193 1 0 387
3109  3 11 15 193 1 0 387
3110  3 12 15 194 0 1 388
3111  3 13 15 194 0 1 388
3112  3 14 15 194 0 1 388
3113  3 15 15 194 0 1 388
3114  3  8 16 188 0 1 376
3115  3  9 16 188 0 1 376
3116  3 10 16 188 0 1 376
3117  3 11 16 188 0 1 376
3118  3 12 16 191 1 0 383
3119  3 13 16 191 1 0 383
3120  3 14 16 191 1 0 383
3121  3 15 16 191 1 0 383
3122  3  8 17 188 0 1 376
3123  3  9 17 188 0 1 376
3124  3 10 17 188 0 1 376
3125  3 11 17 188 0 1 376
3126  3 12 17 191 1 0 383
3127  3 13 17 191 1 0 383
3128  3 14 17 191 1 0 383
3129  3 15 17 191 1 0 383
3130  3  8 18 188 1 0 377
3131  3  9 18 188 1 0 377
3132  3 10 18 188 1 0 377
3133  3 11 18 188 1 0 377
3134  3 12 18 191 0 1 382
3135  3 13 18 191 0 1 382
3136  3 14 18 191 0 1 382
3137  3 15 18 191 0 1 382
3138  3  8 19 188 1 0 377
3139  3  9 19 188 1 0 377
3140  3 10 19 188 1 0 377
3141  3 11 19 188 1 0 377
3142  3 12 19 191 0 1 382
3143  3 13 19 191 0 1 382
3144  3 14 19 191 0 1 382
3145  3 15 19 191 0 1 382
3146  3  8 20 189 0 1 378
3147  3  9 20 189 0 1 378
3148  3 10 20 189 0 1 378
3149  3 11 20 189 0 1 378
3150  3 12 20 190 1 0 381
3151  3 13 20 190 1 0 381
3152  3 14 20 190 1 0 381
3153  3 15 20 190 1 0 381
3154  3  8 21 189 0 1 378
3155  3  9 21 189 0 1 378
3156  3 10 21 189 0 1 378
3157  3 11 21 189 0 1 378
3158  3 12 21 190 1 0 381
3159  3 13 21 190 1 0 381
3160  3 14 21 190 1 0 381
3161  3 15 21 190 1 0 381
3162  3  8 22 189 1 0 379
3163  3  9 22 189 1 0 379
3164  3 10 22 189 1 0 379
3165  3 11 22 189 1 0 379
3166  3 12 22 190 0 1 380
3167  3 13 22 190 0 1 380
3168  3 14 22 190 0 1 380
3169  3 15 22 190 0 1 380
3170  3  8 23 189 1 0 379
3171  3  9 23 189 1 0 379
3172  3 10 23 189 1 0 379
3173  3 11 23 189 1 0 379
3174  3 12 23 190 0 1 380
3175  3 13 23 190 0 1 380
3176  3 14 23 190 0 1 380
3177  3 15 23 190 0 1 380
3178  4  0  0 208 0 1 416
3179  4  1  0 208 0 1 416
3180  4  2  0 208 0 1 416
3181  4  3  0 208 0 1 416
3182  4  4  0 211 1 0 423
3183  4  5  0 211 1 0 423
3184  4  6  0 211 1 0 423
3185  4  7  0 211 1 0 423
3186  4  0  1 208 0 1 416
3187  4  1  1 208 0 1 416
3188  4  2  1 208 0 1 416
3189  4  3  1 208 0 1 416
3190  4  4  1 211 1 0 423
3191  4  5  1 211 1 0 423
3192  4  6  1 211 1 0 423
3193  4  7  1 211 1 0 423
3194  4  0  2 208 1 0 417
3195  4  1  2 208 1 0 417
3196  4  2  2 208 1 0 417
3197  4  3  2 208 1 0 417
3198  4  4  2 211 0 1 422
3199  4  5  2 211 0 1 422
3200  4  6  2 211 0 1 422
3201  4  7  2 211 0 1 422
3202  4  0  3 208 1 0 417
3203  4  1  3 208 1 0 417
3204  4  2  3 208 1 0 417
3205  4  3  3 208 1 0 417
3206  4  4  3 211 0 1 422
3207  4  5  3 211 0 1 422
3208  4  6  3 211 0 1 422
3209  4  7  3 211 0 1 422
3210  4  0  4 209 0 1 418
3211  4  1  4 209 0 1 418
3212  4  2  4 209 0 1 418
3213  4  3  4 209 0 1 418
3214  4  4  4 210 1 0 421
3215  4  5  4 210 1 0 421
3216  4  6  4 210 1 0 421
3217  4  7  4 210 1 0 421
3218  4  0  5 209 0 1 418
3219  4  1  5 209 0 1 418
3220  4  2  5 209 0 1 418
3221  4  3  5 209 0 1 418
3222  4  4  5 210 1 0 421
3223  4  5  5 210 1 0 421
3224  4  6  5 210 1 0 421
3225  4  7  5 210 1 0 421
3226  4  0  6 209 1 0 419
3227  4  1  6 209 1 0 419
3228  4  2  6 209 1 0 419
3229  4  3  6 209 1 0 419
3230  4  4  6 210 0 1 420
3231  4  5  6 210 0 1 420
3232  4  6  6 210 0 1 420
3233  4  7  6 210 0 1 420
3234  4  0  7 209 1 0 419
3235  4  1  7 209 1 0 419
3236  4  2  7 209 1 0 419
3237  4  3  7 209 1 0 419
3238  4  4  7 210 0 1 420
3239  4  5  7 210 0 1 420
3240  4  6  7 210 0 1 420
3241  4  7  7 210 0 1 420
3242  4  0  8 204 0 1 408
3243  4  1  8 204 0 1 408
3244  4  2  8 204 0 1 408
3245  4  3  8 204 0 1 408
3246  4  4  8 207 1 0 415
3247  4  5  8 207 1 0 415
3248  4  6  8 207 1 0 415
3249  4  7  8 207 1 0 415
3250  4  0  9 204 0 1 408
3251  4  1  9 204 0 1 408
3252  4  2  9 204 0 1 408
3253  4  3  9 204 0 1 408
3254  4  4  9 207 1 0 415
3255  4  5  9 207 1 0 415
3256  4  6  9 207 1 0 415
3257  4  7  9 207 1 0 415
3258  4  0 10 204 1 0 409
3259  4  1 10 204 1 0 409
3260  4  2 10 204 1 0 409
3261  4  3 10 204 1 0 409
3262  4  4 10 207 0 1 414
3263  4  5 10 207 0 1 414
3264  4  6 10 207 0 1 414
3265  4  7 10 207 0 1 414
3266  4  0 11 204 1 0 409
3267  4  1 11 204 1 0 409
3268  4  2 11 204 1 0 409
3269  4  3 11 204 1 0 409
3270  4  4 11 207 0 1 414
3271  4  5 11 207 0 1 414
3272  4  6 11 207 0 1 414
3273  4  7 11 207 0 1 414
3274  4  0 12 205 0 1 410
3275  4  1 12 205 0 1 410
3276  4  2 12 205 0 1 410
3277  4  3 12 205 0 1 410
3278  4  4 12 206 1 0 413
3279  4  5 12 206 1 0 413
3280  4  6 12 206 1 0 413
3281  4  7 12 206 1 0 413
3282  4  0 13 205 0 1 410
3283  4  1 13 205 0 1 410
3284  4  2 13 205 0 1 410
3285  4  3 13 205 0 1 410
3286  4  4 13 206 1 0 413
3287  4  5 13 206 1 0 413
3288  4  6 13 206 1 0 413
3289  4  7 13 206 1 0 413
3290  4  0 14 205 1 0 411
3291  4  1 14 205 1 0 411
3292  4  2 14 205 1 0 411
3293  4  3 14 205 1 0 411
3294  4  4 14 206 0 1 412
3295  4  5 14 206 0 1 412
3296  4  6 14 206 0 1 412
3297  4  7 14 206 0 1 412
3298  4  0 15 205 1 0 411
3299  4  1 15 205 1 0 411
3300  4  2 15 205 1 0 411
3301  4  3 15 205 1 0 411
3302  4  4 15 206 0 1 412
3303  4  5 15 206 0 1 412
3304  4  6 15 206 0 1 412
3305  4  7 15 206 0 1 412
3306  4  0 16 200 0 1 400
3307  4  1 16 200 0 1 400
3308  4  2 16 200 0 1 400
3309  4  3 16 200 0 1 400
3310  4  4 16 203 1 0 407
3311  4  5 16 203 1 0 407
3312  4  6 16 203 1 0 407
3313  4  7 16 203 1 0 407
3314  4  0 17 200 0 1 400
3315  4  1 17 200 0 1 400
3316  4  2 17 200 0 1 400
3317  4  3 17 200 0 1 400
3318  4  4 17 203 1 0 407
3319  4  5 17 203 1 0 407
3320  4  6 17 203 1 0 407
3321  4  7 17 203 1 0 407
3322  4  0 18 200 1 0 401
3323  4  1 18 200 1 0 401
3324  4  2 18 200 1 0 401
3325  4  3 18 200 1 0 401
3326  4  4 18 203 0 1 406
3327  4  5 18 203 0 1 406
3328  4  6 18 203 0 1 406
3329  4  7 18 203 0 1 406
3330  4  0 19 200 1 0 401
3331  4  1 19 200 1 0 401
3332  4  2 19 200 1 0 401
3333  4  3 19 200 1 0 401
3334  4  4 19 203 0 1 406
3335  4  5 19 203 0 1 406
3336  4  6 19 203 0 1 406
3337  4  7 19 203 0 1 406
3338  4  0 20 201 0 1 402
3339  4  1 20 201 0 1 402
3340  4  2 20 201 0 1 402
3341  4  3 20 201 0 1 402
3342  4  4 20 202 1 0 405
3343  4  5 20 202 1 0 405
3344  4  6 20 202 1 0 405
3345  4  7 20 202 1 0 405
3346  4  0 21 201 0 1 402
3347  4  1 21 201 0 1 402
3348  4  2 21 201 0 1 402
3349  4  3 21 201 0 1 402
3350  4  4 21 202 1 0 405
3351  4  5 21 202 1 0 405
3352  4  6 21 202 1 0 405
3353  4  7 21 202 1 0 405
3354  4  0 22 201 1 0 403
3355  4  1 22 201 1 0 403
3356  4  2 22 201 1 0 403
3357  4  3 22 201 1 0 403
3358  4  4 22 202 0 1 404
3359  4  5 22 202 0 1 404
3360  4  6 22 202 0 1 404
3361  4  7 22 202 0 1 404
3362  4  0 23 201 1 0 403
3363  4  1 23 201 1 0 403
3364  4  2 23 201 1 0 403
3365  4  3 23 201 1 0 403
3366  4  4 23 202 0 1 404
3367  4  5 23 202 0 1 404
3368  4  6 23 202 0 1 404
3369  4  7 23 202 0 1 404
3370  4  8  0 220 0 1 440
3371  4  9  0 220 0 1 440
3372  4 10  0 220 0 1 440
3373  4 11  0 220 0 1 440
3374  4 12  0 223 1 0 447
3375  4 13  0 223 1 0 447
3376  4 14  0 223 1 0 447
3377  4 15  0 223 1 0 447
3378  4  8  1 220 0 1 440
3379  4  9  1 220 0 1 440
3380  4 10  1 220 0 1 440
3381  4 11  1 220 0 1 440
3382  4 12  1 223 1 0 447
3383  4 13  1 223 1 0 447
3384  4 14  1 223 1 0 447
3385  4 15  1 223 1 0 447
3386  4  8  2 220 1 0 441
3387  4  9  2 220 1 0 441
3388  4 10  2 220 1 0 441
3389  4 11  2 220 1 0 441
3390  4 12  2 223 0 1 446
3391  4 13  2 223 0 1 446
3392  4 14  2 223 0 1 446
3393  4 15  2 223 0 1 446
3394  4  8  3 220 1 0 441
3395  4  9  3 220 1 0 441
3396  4 10  3 220 1 0 441
3397  4 11  3 220 1 0 441
3398  4 12  3 223 0 1 446
3399  4 13  3 223 0 1 446
3400  4 14  3 223 0 1 446
3401  4 15  3 223 0 1 446
3402  4  8  4 221 0 1 442
3403  4  9  4 221 0 1 442
3404  4 10  4 221 0 1 442
3405  4 11  4 221 0 1 442
3406  4 12  4 222 1 0 445
3407  4 13  4 222 1 0 445
3408  4 14  4 222 1 0 445
3409  4 15  4 222 1 0 445
3410  4  8  5 221 0 1 442
3411  4  9  5 221 0 1 442
3412  4 10  5 221 0 1 442
3413  4 11  5 221 0 1 442
3414  4 12  5 222 1 0 445
3415  4 13  5 222 1 0 445
3416  4 14  5 222 1 0 445
3417  4 15  5 222 1 0 445
3418  4  8  6 221 1 0 443
3419  4  9  6 221 1 0 443
3420  4 10  6 221 1 0 443
3421  4 11  6 221 1 0 443
3422  4 12  6 222 0 1 444
3423  4 13  6 222 0 1 444
3424  4 14  6 222 0 1 444
3425  4 15  6 222 0 1 444
3426  4  8  7 221 1 0 443
3427  4  9  7 221 1 0 443
3428  4 10  7 221 1 0 443
3429  4 11  7 221 1 0 443
3430  4 12  7 222 0 1 444
3431  4 13  7 222 0 1 444
3432  4 14  7 222 0 1 444
3433  4 15  7 222 0 1 444
3434  4  8  8 216 0 1 432
3435  4  9  8 216 0 1 432
3436  4 10  8 216 0 1 432
3437  4 11  8 216 0 1 432
3438  4 12  8 219 1 0 439
3439  4 13  8 219 1 0 439
3440  4 14  8 219 1 0 439
3441  4 15  8 219 1 0 439
3442  4  8  9 216 0 1 432
3443  4  9  9 216 0 1 432
3444  4 10  9 216 0 1 432
3445  4 11  9 216 0 1 432
3446  4 12  9 219 1 0 439
3447  4 13  9 219 1 0 439
3448  4 14  9 219 1 0 439
3449  4 15  9 219 1 0 439
3450  4  8 10 216 1 0 433
3451  4  9 10 216 1 0 433
3452  4 10 10 216 1 0 433
3453  4 11 10 216 1 0 433
3454  4 12 10 219 0 1 438
3455  4 13 10 219 0 1 438
3456  4 14 10 219 0 1 438
3457  4 15 10 219 0 1 438
3458  4  8 11 216 1 0 433
3459  4  9 11 216 1 0 433
3460  4 10 11 216 1 0 433
3461  4 11 11 216 1 0 433
3462  4 12 11 219 0 1 438
3463  4 13 11 219 0 1 438
3464  4 14 11 219 0 1 438
3465  4 15 11 219 0 1 438
3466  4  8 12 217 0 1 434
3467  4  9 12 217 0 1 434
3468  4 10 12 217 0 1 434
3469  4 11 12 217 0 1 434
3470  4 12 12 218 1 0 437
3471  4 13 12 218 1 0 437
3472  4 14 12 218 1 0 437
3473  4 15 12 218 1 0 437
3474  4  8 13 217 0 1 434
3475  4  9 13 217 0 1 434
3476  4 10 13 217 0 1 434
3477  4 11 13 217 0 1 434
3478  4 12 13 218 1 0 437
3479  4 13 13 218 1 0 437
3480  4 14 13 218 1 0 437
3481  4 15 13 218 1 0 437
3482  4  8 14 217 1 0 435
3483  4  9 14 217 1 0 435
3484  4 10 14 217 1 0 435
3485  4 11 14 217 1 0 435
3486  4 12 14 218 0 1 436
3487  4 13 14 218 0 1 436
3488  4 14 14 218 0 1 436
3489  4 15 14 218 0 1 436
3490  4  8 15 217 1 0 435
3491  4  9 15 217 1 0 435
3492  4 10 15 217 1 0 435
3493  4 11 15 217 1 0 435
3494  4 12 15 218 0 1 436
3495  4 13 15 218 0 1 436
3496  4 14 15 218 0 1 436
3497  4 15 15 218 0 1 436
3498  4  8 16 212 0 1 424
3499  4  9 16 212 0 1 424
3500  4 10 16 212 0 1 424
3501  4 11 16 212 0 1 424
3502  4 12 16 215 1 0 431
3503  4 13 16 215 1 0 431
3504  4 14 16 215 1 0 431
3505  4 15 16 215 1 0 431
3506  4  8 17 212 0 1 424
3507  4  9 17 212 0 1 424
3508  4 10 17 212 0 1 424
3509  4 11 17 212 0 1 424
3510  4 12 17 215 1 0 431
3511  4 13 17 215 1 0 431
3512  4 14 17 215 1 0 431
3513  4 15 17 215 1 0 431
3514  4  8 18 212 1 0 425
3515  4  9 18 212 1 0 425
3516  4 10 18 212 1 0 425
3517  4 11 18 212 1 0 425
3518  4 12 18 215 0 1 430
3519  4 13 18 215 0 1 430
3520  4 14 18 215 0 1 430
3521  4 15 18 215 0 1 430
3522  4  8 19 212 1 0 425
3523  4  9 19 212 1 0 425
3524  4 10 19 212 1 0 425
3525  4 11 19 212 1 0 425
3526  4 12 19 215 0 1 430
3527  4 13 19 215 0 1 430
3528  4 14 19 215 0 1 430
3529  4 15 19 215 0 1 430
3530  4  8 20 213 0 1 426
3531  4  9 20 213 0 1 426
3532  4 10 20 213 0 1 426
3533  4 11 20 213 0 1 426
3534  4 12 20 214 1 0 429
3535  4 13 20 214 1 0 429
3536  4 14 20 214 1 0 429
3537  4 15 20 214 1 0 429
3538  4  8 21 213 0 1 426
3539  4  9 21 213 0 1 426
3540  4 10 21 213 0 1 426
3541  4 11 21 213 0 1 426
3542  4 12 21 214 1 0 429
3543  4 13 21 214 1 0 429
3544  4 14 21 214 1 0 429
3545  4 15 21 214 1 0 429
3546  4  8 22 213 1 0 427
3547  4  9 22 213 1 0 427
3548  4 10 22 213 1 0 427
3549  4 11 22 213 1 0 427
3550  4 12 22 214 0 1 428
3551  4 13 22 214 0 1 428
3552  4 14 22 214 0 1 428
3553  4 15 22 214 0 1 428
3554  4  8 23 213 1 0 427
3555  4  9 23 213 1 0 427
3556  4 10 23 213 1 0 427
3557  4 11 23 213 1 0 427
3558  4 12 23 214 0 1 428
3559  4 13 23 214 0 1 428
3560  4 14 23 214 0 1 428
3561  4 15 23 214 0 1 428
3562  5  0  0 232 0 1 464
3563  5  1  0 232 0 1 464
3564  5  2  0 232 0 1 464
3565  5  3  0 232 0 1 464
3566  5  4  0 235 1 0 471
3567  5  5  0 235 1 0 471
3568  5  6  0 235 1 0 471
3569  5  7  0 235 1 0 471
3570  5  0  1 232 0 1 464
3571  5  1  1 232 0 1 464
3572  5  2  1 232 0 1 464
3573  5  3  1 232 0 1 464
3574  5  4  1 235 1 0 471
3575  5  5  1 235 1 0 471
3576  5  6  1 235 1 0 471
3577  5  7  1 235 1 0 471
3578  5  0  2 232 1 0 465
3579  5  1  2 232 1 0 465
3580  5  2  2 232 1 0 465
3581  5  3  2 232 1 0 465
3582  5  4  2 235 0 1 470
3583  5  5  2 235 0 1 470
3584  5  6  2 235 0 1 470
3585  5  7  2 235 0 1 470
3586  5  0  3 232 1 0 465
3587  5  1  3 232 1 0 465
3588  5  2  3 232 1 0 465
3589  5  3  3 232 1 0 465
3590  5  4  3 235 0 1 470
3591  5  5  3 235 0 1 470
3592  5  6  3 235 0 1 470
3593  5  7  3 235 0 1 470
3594  5  0  4 233 0 1 466
3595  5  1  4 233 0 1 466
3596  5  2  4 233 0 1 466
3597  5  3  4 233 0 1 466
3598  5  4  4 234 1 0 469
3599  5  5  4 234 1 0 469
3600  5  6  4 234 1 0 469
3601  5  7  4 234 1 0 469
3602  5  0  5 233 0 1 466
3603  5  1  5 233 0 1 466
3604  5  2  5 233 0 1 466
3605  5  3  5 233 0 1 466
3606  5  4  5 234 1 0 469
3607  5  5  5 234 1 0 469
3608  5  6  5 234 1 0 469
3609  5  7  5 234 1 0 469
3610  5  0  6 233 1 0 467
3611  5  1  6 233 1 0 467
3612  5  2  6 233 1 0 467
3613  5  3  6 233 1 0 467
3614  5  4  6 234 0 1 468
3615  5  5  6 234 0 1 468
3616  5  6  6 234 0 1 468
3617  5  7  6 234 0 1 468
3618  5  0  7 233 1 0 467
3619  5  1  7 233 1 0 467
3620  5  2  7 233 1 0 467
3621  5  3  7 233 1 0 467
3622  5  4  7 234 0 1 468
3623  5  5  7 234 0 1 468
3624  5  6  7 234 0 1 468
3625  5  7  7 234 0 1 468
3626  5  0  8 228 0 1 456
3627  5  1  8 228 0 1 456
3628  5  2  8 228 0 1 456
3629  5  3  8 228 0 1 456
3630  5  4  8 231 1 0 463
3631  5  5  8 231 1 0 463
3632  5  6  8 231 1 0 463
3633  5  7  8 231 1 0 463
3634  5  0  9 228 0 1 456
3635  5  1  9 228 0 1 456
3636  5  2  9 228 0 1 456
3637  5  3  9 228 0 1 456
3638  5  4  9 231 1 0 463
3639  5  5  9 231 1 0 463
3640  5  6  9 231 1 0 463
3641  5  7  9 231 1 0 463
3642  5  0 10 228 1 0 457
3643  5  1 10 228 1 0 457
3644  5  2 10 228 1 0 457
3645  5  3 10 228 1 0 457
3646  5  4 10 231 0 1 462
3647  5  5 10 231 0 1 462
3648  5  6 10 231 0 1 462
3649  5  7 10 231 0 1 462
3650  5  0 11 228 1 0 457
3651  5  1 11 228 1 0 457
3652  5  2 11 228 1 0 457
3653  5  3 11 228 1 0 457
3654  5  4 11 231 0 1 462
3655  5  5 11 231 0 1 462
3656  5  6 11 231 0 1 462
3657  5  7 11 231 0 1 462
3658  5  0 12 229 0 1 458
3659  5  1 12 229 0 1 458
3660  5  2 12 229 0 1 458
3661  5  3 12 229 0 1 458
3662  5  4 12 230 1 0 461
3663  5  5 12 230 1 0 461
3664  5  6 12 230 1 0 461
3665  5  7 12 230 1 0 461
3666  5  0 13 229 0 1 458
3667  5  1 13 229 0 1 458
3668  5  2 13 229 0 1 458
3669  5  3 13 229 0 1 458
3670  5  4 13 230 1 0 461
3671  5  5 13 230 1 0 461
3672  5  6 13 230 1 0 461
3673  5  7 13 230 1 0 461
3674  5  0 14 229 1 0 459
3675  5  1 14 229 1 0 459
3676  5  2 14 229 1 0 459
3677  5  3 14 229 1 0 459
3678  5  4 14 230 0 1 460
3679  5  5 14 230 0 1 460
3680  5  6 14 230 0 1 460
3681  5  7 14 230 0 1 460
3682  5  0 15 229 1 0 459
3683  5  1 15 229 1 0 459
3684  5  2 15 229 1 0 459
3685  5  3 15 229 1 0 459
3686  5  4 15 230 0 1 460
3687  5  5 15 230 0 1 460
3688  5  6 15 230 0 1 460
3689  5  7 15 230 0 1 460
3690  5  0 16 224 0 1 448
3691  5  1 16 224 0 1 448
3692  5  2 16 224 0 1 448
3693  5  3 16 224 0 1 448
3694  5  4 16 227 1 0 455
3695  5  5 16 227 1 0 455
3696  5  6 16 227 1 0 455
3697  5  7 16 227 1 0 455
3698  5  0 17 224 0 1 448
3699  5  1 17 224 0 1 448
3700  5  2 17 224 0 1 448
3701  5  3 17 224 0 1 448
3702  5  4 17 227 1 0 455
3703  5  5 17 227 1 0 455
3704  5  6 17 227 1 0 455
3705  5  7 17 227 1 0 455
3706  5  0 18 224 1 0 449
3707  5  1 18 224 1 0 449
3708  5  2 18 224 1 0 449
3709  5  3 18 224 1 0 449
3710  5  4 18 227 0 1 454
3711  5  5 18 227 0 1 454
3712  5  6 18 227 0 1 454
3713  5  7 18 227 0 1 454
3714  5  0 19 224 1 0 449
3715  5  1 19 224 1 0 449
3716  5  2 19 224 1 0 449
3717  5  3 19 224 1 0 449
3718  5  4 19 227 0 1 454
3719  5  5 19 227 0 1 454
3720  5  6 19 227 0 1 454
3721  5  7 19 227 0 1 454
3722  5  0 20 225 0 1 450
3723  5  1 20 225 0 1 450
3724  5  2 20 225 0 1 450
3725  5  3 20 225 0 1 450
3726  5  4 20 226 1 0 453
3727  5  5 20 226 1 0 453
3728  5  6 20 226 1 0 453
3729  5  7 20 226 1 0 453
3730  5  0 21 225 0 1 450
3731  5  1 21 225 0 1 450
3732  5  2 21 225 0 1 450
3733  5  3 21 225 0 1 450
3734  5  4 21 226 1 0 453
3735  5  5 21 226 1 0 453
3736  5  6 21 226 1 0 453
3737  5  7 21 226 1 0 453
3738  5  0 22 225 1 0 451
3739  5  1 22 225 1 0 451
3740  5  2 22 225 1 0 451
3741  5  3 22 225 1 0 451
3742  5  4 22 226 0 1 452
3743  5  5 22 226 0 1 452
3744  5  6 22 226 0 1 452
3745  5  7 22 226 0 1 452
3746  5  0 23 225 1 0 451
3747  5  1 23 225 1 0 451
3748  5  2 23 225 1 0 451
3749  5  3 23 225 1 0 451
3750  5  4 23 226 0 1 452
3751  5  5 23 226 0 1 452
3752  5  6 23 226 0 1 452
3753  5  7 23 226 0 1 452
3754  5  8  0 244 0 1 488
3755  5  9  0 244 0 1 488
3756  5 10  0 244 0 1 488
3757  5 11  0 244 0 1 488
3758  5 12  0 247 1 0 495
3759  5 13  0 247 1 0 495
3760  5 14  0 247 1 0 495
3761  5 15  0 247 1 0 495
3762  5  8  1 244 0 1 488
3763  5  9  1 244 0 1 488
3764  5 10  1 244 0 1 488
3765  5 11  1 244 0 1 488
3766  5 12  1 247 1 0 495
3767  5 13  1 247 1 0 495
3768  5 14  1 247 1 0 495
3769  5 15  1 247 1 0 495
3770  5  8  2 244 1 0 489
3771  5  9  2 244 1 0 489
3772  5 10  2 244 1 0 489
3773  5 11  2 244 1 0 489
3774  5 12  2 247 0 1 494
3775  5 13  2 247 0 1 494
3776  5 14  2 247 0 1 494
3777  5 15  2 247 0 1 494
3778  5  8  3 244 1 0 489
3779  5  9  3 244 1 0 489
3780  5 10  3 244 1 0 489
3781  5 11  3 244 1 0 489
3782  5 12  3 247 0 1 494
3783  5 13  3 247 0 1 494
3784  5 14  3 247 0 1 494
3785  5 15  3 247 0 1 494
3786  5  8  4 245 0 1 490
3787  5  9  4 245 0 1 490
3788  5 10  4 245 0 1 490
3789  5 11  4 245 0 1 490
3790  5 12  4 246 1 0 493
3791  5 13  4 246 1 0 493
3792  5 14  4 246 1 0 493
3793  5 15  4 246 1 0 493
3794  5  8  5 245 0 1 490
3795  5  9  5 245 0 1 490
3796  5 10  5 245 0 1 490
3797  5 11  5 245 0 1 490
3798  5 12  5 246 1 0 493
3799  5 13  5 246 1 0 493
3800  5 14  5 246 1 0 493
3801  5 15  5 246 1 0 493
3802  5  8  6 245 1 0 491
3803  5  9  6 245 1 0 491
3804  5 10  6 245 1 0 491
3805  5 11  6 245 1 0 491
3806  5 12  6 246 0 1 492
3807  5 13  6 246 0 1 492
3808  5 14  6 246 0 1 492
3809  5 15  6 246 0 1 492
3810  5  8  7 245 1 0 491
3811  5  9  7 245 1 0 491
3812  5 10  7 245 1 0 491
3813  5 11  7 245 1 0 491
3814  5 12  7 246 0 1 492
3815  5 13  7 246 0 1 492
3816  5 14  7 246 0 1 492
3817  5 15  7 246 0 1 492
3818  5  8  8 240 0 1 480
3819  5  9  8 240 0 1 480
3820  5 10  8 240 0 1 480
3821  5 11  8 240 0 1 480
3822  5 12  8 243 1 0 487
3823  5 13  8 243 1 0 487
3824  5 14  8 243 1 0 487
3825  5 15  8 243 1 0 487
3826  5  8  9 240 0 1 480
3827  5  9  9 240 0 1 480
3828  5 10  9 240 0 1 480
3829  5 11  9 240 0 1 480
3830  5 12  9 243 1 0 487
3831  5 13  9 243 1 0 487
3832  5 14  9 243 1 0 487
3833  5 15  9 243 1 0 487
3834  5  8 10 240 1 0 481
3835  5  9 10 240 1 0 481
3836  5 10 10 240 1 0 481
3837  5 11 10 240 1 0 481
3838  5 12 10 243 0 1 486
3839  5 13 10 243 0 1 486
3840  5 14 10 243 0 1 486
3841  5 15 10 243 0 1 486
3842  5  8 11 240 1 0 481
3843  5  9 11 240 1 0 481
3844  5 10 11 240 1 0 481
3845  5 11 11 240 1 0 481
3846  5 12 11 243 0 1 486
3847  5 13 11 243 0 1 486
3848  5 14 11 243 0 1 486
3849  5 15 11 243 0 1 486
3850  5  8 12 241 0 1 482
3851  5  9 12 241 0 1 482
3852  5 10 12 241 0 1 482
3853  5 11 12 241 0 1 482
3854  5 12 12 242 1 0 485
3855  5 13 12 242 1 0 485
3856  5 14 12 242 1 0 485
3857  5 15 12 242 1 0 485
3858  5  8 13 241 0 1 482
3859  5  9 13 241 0 1 482
3860  5 10 13 241 0 1 482
3861  5 11 13 241 0 1 482
3862  5 12 13 242 1 0 485
3863  5 13 13 242 1 0 485
3864  5 14 13 242 1 0 485
3865  5 15 13 242 1 0 485
3866  5  8 14 241 1 0 483
3867  5  9 14 241 1 0 483
3868  5 10 14 241 1 0 483
3869  5 11 14 241 1 0 483
3870  5 12 14 242 0 1 484
3871  5 13 14 242 0 1 484
3872  5 14 14 242 0 1 484
3873  5 15 14 242 0 1 484
3874  5  8 15 241 1 0 483
3875  5  9 15 241 1 0 483
3876  5 10 15 241 1 0 483
3877  5 11 15 241 1 0 483
3878  5 12 15 242 0 1 484
3879  5 13 15 242 0 1 484
3880  5 14 15 242 0 1 484
3881  5 15 15 242 0 1 484
3882  5  8 16 236 0 1 472
3883  5  9 16 236 0 1 472
3884  5 10 16 236 0 1 472
3885  5 11 16 236 0 1 472
3886  5 12 16 239 1 0 479
3887  5 13 16 239 1 0 479
3888  5 14 16 239 1 0 479
3889  5 15 16 239 1 0 479
3890  5  8 17 236 0 1 472
3891  5  9 17 236 0 1 472
3892  5 10 17 236 0 1 472
3893  5 11 17 236 0 1 472
3894  5 12 17 239 1 0 479
3895  5 13 17 239 1 0 479
3896  5 14 17 239 1 0 479
3897  5 15 17 239 1 0 479
3898  5  8 18 236 1 0 473
3899  5  9 18 236 1 0 473
3900  5 10 18 236 1 0 473
3901  5 11 18 236 1 0 473
3902  5 12 18 239 0 1 478
3903  5 13 18 239 0 1 478
3904  5 14 18 239 0 1 478
3905  5 15 18 239 0 1 478
3906  5  8 19 236 1 0 473
3907  5  9 19 236 1 0 473
3908  5 10 19 236 1 0 473
3909  5 11 19 236 1 0 473
3910  5 12 19 239 0 1 478
3911  5 13 19 239 0 1 478
3912  5 14 19 239 0 1 478
3913  5 15 19 239 0 1 478
3914  5  8 20 237 0 1 474
3915  5  9 20 237 0 1 474
3916  5 10 20 237 0 1 474
3917  5 11 20 237 0 1 474
3918  5 12 20 238 1 0 477
3919  5 13 20 238 1 0 477
3920  5 14 20 238 1 0 477
3921  5 15 20 238 1 0 477
3922  5  8 21 237 0 1 474
3923  5  9 21 237 0 1 474
3924  5 10 21 237 0 1 474
3925  5 11 21 237 0 1 474
3926  5 12 21 238 1 0 477
3927  5 13 21 238 1 0 477
3928  5 14 21 238 1 0 477
3929  5 15 21 238 1 0 477
3930  5  8 22 237 1 0 475
3931  5  9 22 237 1 0 475
3932  5 10 22 237 1 0 475
3933  5 11 22 237 1 0 475
3934  5 12 22 238 0 1 476
3935  5 13 22 238 0 1 476
3936  5 14 22 238 0 1 476
3937  5 15 22 238 0 1 476
3938  5  8 23 237 1 0 475
3939  5  9 23 237 1 0 475
3940  5 10 23 237 1 0 475
3941  5 11 23 237 1 0 475
3942  5 12 23 238 0 1 476
3943  5 13 23 238 0 1 476
3944  5 14 23 238 0 1 476
3945  5 15 23 238 0 1 476
3946  6  0  0 256 0 1 512
3947  6  1  0 256 0 1 512
3948  6  2  0 256 0 1 512
3949  6  3  0 256 0 1 512
3950  6  4  0 259 1 0 519
3951  6  5  0 259 1 0 519
3952  6  6  0 259 1 0 519
3953  6  7  0 259 1 0 519
3954  6  0  1 256 0 1 512
3955  6  1  1 256 0 1 512
3956  6  2  1 256 0 1 512
3957  6  3  1 256 0 1 512
3958  6  4  1 259 1 0 519
3959  6  5  1 259 1 0 519
3960  6  6  1 259 1 0 519
3961  6  7  1 259 1 0 519
3962  6  0  2 256 1 0 513
3963  6  1  2 256 1 0 513
3964  6  2  2 256 1 0 513
3965  6  3  2 256 1 0 513
3966  6  4  2 259 0 1 518
3967  6  5  2 259 0 1 518
3968  6  6  2 259 0 1 518
3969  6  7  2 259 0 1 518
3970  6  0  3 256 1 0 513
3971  6  1  3 256 1 0 513
3972  6  2  3 256 1 0 513
3973  6  3  3 256 1 0 513
3974  6  4  3 259 0 1 518
3975  6  5  3 259 0 1 518
3976  6  6  3 259 0 1 518
3977  6  7  3 259 0 1 518
3978  6  0  4 257 0 1 514
3979  6  1  4 257 0 1 514
3980  6  2  4 257 0 1 514
3981  6  3  4 257 0 1 514
3982  6  4  4 258 1 0 517
3983  6  5  4 258 1 0 517
3984  6  6  4 258 1 0 517
3985  6  7  4 258 1 0 517
3986  6  0  5 257 0 1 514
3987  6  1  5 257 0 1 514
3988  6  2  5 257 0 1 514
3989  6  3  5 257 0 1 514
3990  6  4  5 258 1 0 517
3991  6  5  5 258 1 0 517
3992  6  6  5 258 1 0 517
3993  6  7  5 258 1 0 517
3994  6  0  6 257 1 0 515
3995  6  1  6 257 1 0 515
3996  6  2  6 257 1 0 515
3997  6  3  6 257 1 0 515
3998  6  4  6 258 0 1 516
3999  6  5  6 258 0 1 516
4000  6  6  6 258 0 1 516
4001  6  7  6 258 0 1 516
4002  6  0  7 257 1 0 515
4003  6  1  7 257 1 0 515
4004  6  2  7 257 1 0 515
4005  6  3  7 257 1 0 515
4006  6  4  7 258 0 1 516
4007  6  5  7 258 0 1 516
4008  6  6  7 258 0 1 516
4009  6  7  7 258 0 1 516
4010  6  0  8 252 0 1 504
4011  6  1  8 252 0 1 504
4012  6  2  8 252 0 1 504
4013  6  3  8 252 0 1 504
4014  6  4  8 255 1 0 511
4015  6  5  8 255 1 0 511
4016  6  6  8 255 1 0 511
4017  6  7  8 255 1 0 511
4018  6  0  9 252 0 1 504
4019  6  1  9 252 0 1 504
4020  6  2  9 252 0 1 504
4021  6  3  9 252 0 1 504
4022  6  4  9 255 1 0 511
4023  6  5  9 255 1 0 511
4024  6  6  9 255 1 0 511
4025  6  7  9 255 1 0 511
4026  6  0 10 252 1 0 505
4027  6  1 10 252 1 0 505
4028  6  2 10 252 1 0 505
4029  6  3 10 252 1 0 505
4030  6  4 10 255 0 1 510
4031  6  5 10 255 0 1 510
4032  6  6 10 255 0 1 510
4033  6  7 10 255 0 1 510
4034  6  0 11 252 1 0 505
4035  6  1 11 252 1 0 505
4036  6  2 11 252 1 0 505
4037  6  3 11 252 1 0 505
4038  6  4 11 255 0 1 510
4039  6  5 11 255 0 1 510
4040  6  6 11 255 0 1 510
4041  6  7 11 255 0 1 510
4042  6  0 12 253 0 1 506
4043  6  1 12 253 0 1 506
4044  6  2 12 253 0 1 506
4045  6  3 12 253 0 1 506
4046  6  4 12 254 1 0 509
4047  6  5 12 254 1 0 509
4048  6  6 12 254 1 0 509
4049  6  7 12 254 1 0 509
4050  6  0 13 253 0 1 506
4051  6  1 13 253 0 1 506
4052  6  2 13 253 0 1 506
4053  6  3 13 253 0 1 506
4054  6  4 13 254 1 0 509
4055  6  5 13 254 1 0 509
4056  6  6 13 254 1 0 509
4057  6  7 13 254 1 0 509
4058  6  0 14 253 1 0 507
4059  6  1 14 253 1 0 507
4060  6  2 14 253 1 0 507
4061  6  3 14 253 1 0 507
4062  6  4 14 254 0 1 508
4063  6  5 14 254 0 1 508
4064  6  6 14 254 0 1 508
4065  6  7 14 254 0 1 508
4066  6  0 15 253 1 0 507
4067  6  1 15 253 1 0 507
4068  6  2 15 253 1 0 507
4069  6  3 15 253 1 0 507
4070  6  4 15 254 0 1 508
4071  6  5 15 254 0 1 508
4072  6  6 15 254 0 1 508
4073  6  7 15 254 0 1 508
4074  6  0 16 248 0 1 496
4075  6  1 16 248 0 1 496
4076  6  2 16 248 0 1 496
4077  6  3 16 248 0 1 496
4078  6  4 16 251 1 0 503
4079  6  5 16 251 1 0 503
4080  6  6 16 251 1 0 503
4081  6  7 16 251 1 0 503
4082  6  0 17 248 0 1 496
4083  6  1 17 248 0 1 496
4084  6  2 17 248 0 1 496
4085  6  3 17 248 0 1 496
4086  6  4 17 251 1 0 503
4087  6  5 17 251 1 0 503
4088  6  6 17 251 1 0 503
4089  6  7 17 251 1 0 503
4090  6  0 18 248 1 0 497
4091  6  1 18 248 1 0 497
4092  6  2 18 248 1 0 497
4093  6  3 18 248 1 0 497
4094  6  4 18 251 0 1 502
4095  6  5 18 251 0 1 502
4096  6  6 18 251 0 1 502
4097  6  7 18 251 0 1 502
4098  6  0 19 248 1 0 497
4099  6  1 19 248 1 0 497
4100  6  2 19 248 1 0 497
4101  6  3 19 248 1 0 497
4102  6  4 19 251 0 1 502
4103  6  5 19 251 0 1 502
4104  6  6 19 251 0 1 502
4105  6  7 19 251 0 1 502
4106  6  0 20 249 0 1 498
4107  6  1 20 249 0 1 498
4108  6  2 20 249 0 1 498
4109  6  3 20 249 0 1 498
4110  6  4 20 250 1 0 501
4111  6  5 20 250 1 0 501
4112  6  6 20 250 1 0 501
4113  6  7 20 250 1 0 501
4114  6  0 21 249 0 1 498
4115  6  1 21 249 0 1 498
4116  6  2 21 249 0 1 498
4117  6  3 21 249 0 1 498
4118  6  4 21 250 1 0 501
4119  6  5 21 250 1 0 501
4120  6  6 21 250 1 0 501
4121  6  7 21 250 1 0 501
4122  6  0 22 249 1 0 499
4123  6  1 22 249 1 0 499
4124  6  2 22 249 1 0 499
4125  6  3 22 249 1 0 499
4126  6  4 22 250 0 1 500
4127  6  5 22 250 0 1 500
4128  6  6 22 250 0 1 500
4129  6  7 22 250 0 1 500
4130  6  0 23 249 1 0 499
4131  6  1 23 249 1 0 499
4132  6  2 23 249 1 0 499
4133  6  3 23 249 1 0 499
4134  6  4 23 250 0 1 500
4135  6  5 23 250 0 1 500
4136  6  6 23 250 0 1 500
4137  6  7 23 250 0 1 500
4138  7  0  0 268 0 1 536
4139  7  1  0 268 0 1 536
4140  7  2  0 268 0 1 536
4141  7  3  0 268 0 1 536
4142  7  4  0 271 1 0 543
4143  7  5  0 271 1 0 543
4144  7  6  0 271 1 0 543
4145  7  7  0 271 1 0 543
4146  7  0  1 268 0 1 536
4147  7  1  1 268 0 1 536
4148  7  2  1 268 0 1 536
4149  7  3  1 268 0 1 536
4150  7  4  1 271 1 0 543
4151  7  5  1 271 1 0 543
4152  7  6  1 271 1 0 543
4153  7  7  1 271 1 0 543
4154  7  0  2 268 1 0 537
4155  7  1  2 268 1 0 537
4156  7  2  2 268 1 0 537
4157  7  3  2 268 1 0 537
4158  7  4  2 271 0 1 542
4159  7  5  2 271 0 1 542
4160  7  6  2 271 0 1 542
4161  7  7  2 271 0 1 542
4162  7  0  3 268 1 0 537
4163  7  1  3 268 1 0 537
4164  7  2  3 268 1 0 537
4165  7  3  3 268 1 0 537
4166  7  4  3 271 0 1 542
4167  7  5  3 271 0 1 542
4168  7  6  3 271 0 1 542
4169  7  7  3 271 0 1 542
4170  7  0  4 269 0 1 538
4171  7  1  4 269 0 1 538
4172  7  2  4 269 0 1 538
4173  7  3  4 269 0 1 538
4174  7  4  4 270 1 0 541
4175  7  5  4 270 1 0 541
4176  7  6  4 270 1 0 541
4177  7  7  4 270 1 0 541
4178  7  0  5 269 0 1 538
4179  7  1  5 269 0 1 538
4180  7  2  5 269 0 1 538
4181  7  3  5 269 0 1 538
4182  7  4  5 270 1 0 541
4183  7  5  5 270 1 0 541
4184  7  6  5 270 1 0 541
4185  7  7  5 270 1 0 541
4186  7  0  6 269 1 0 539
4187  7  1  6 269 1 0 539
4188  7  2  6 269 1 0 539
4189  7  3  6 269 1 0 539
4190  7  4  6 270 0 1 540
4191  7  5  6 270 0 1 540
4192  7  6  6 270 0 1 540
4193  7  7  6 270 0 1 540
4194  7  0  7 269 1 0 539
4195  7  1  7 269 1 0 539
4196  7  2  7 269 1 0 539
4197  7  3  7 269 1 0 539
4198  7  4  7 270 0 1 540
4199  7  5  7 270 0 1 540
4200  7  6  7 270 0 1 540
4201  7  7  7 270 0 1 540
4202  7  0  8 264 0 1 528
4203  7  1  8 264 0 1 528
4204  7  2  8 264 0 1 528
4205  7  3  8 264 0 1 528
4206  7  4  8 267 1 0 535
4207  7  5  8 267 1 0 535
4208  7  6  8 267 1 0 535
4209  7  7  8 267 1 0 535
4210  7  0  9 264 0 1 528
4211  7  1  9 264 0 1 528
4212  7  2  9 264 0 1 528
4213  7  3  9 264 0 1 528
4214  7  4  9 267 1 0 535
4215  7  5  9 267 1 0 535
4216  7  6  9 267 1 0 535
4217  7  7  9 267 1 0 535
4218  7  0 10 264 1 0 529
4219  7  1 10 264 1 0 529
4220  7  2 10 264 1 0 529
4221  7  3 10 264 1 0 529
4222  7  4 10 267 0 1 534
4223  7  5 10 267 0 1 534
4224  7  6 10 267 0 1 534
4225  7  7 10 267 0 1 534
4226  7  0 11 264 1 0 529
4227  7  1 11 264 1 0 529
4228  7  2 11 264 1 0 529
4229  7  3 11 264 1 0 529
4230  7  4 11 267 0 1 534
4231  7  5 11 267 0 1 534
4232  7  6 11 267 0 1 534
4233  7  7 11 267 0 1 534
4234  7  0 12 265 0 1 530
4235  7  1 12 265 0 1 530
4236  7  2 12 265 0 1 530
4237  7  3 12 265 0 1 530
4238  7  4 12 266 1 0 533
4239  7  5 12 266 1 0 533
4240  7  6 12 266 1 0 533
4241  7  7 12 266 1 0 533
4242  7  0 13 265 0 1 530
4243  7  1 13 265 0 1 530
4244  7  2 13 265 0 1 530
4245  7  3 13 265 0 1 530
4246  7  4 13 266 1 0 533
4247  7  5 13 266 1 0 533
4248  7  6 13 266 1 0 533
4249  7  7 13 266 1 0 533
4250  7  0 14 265 1 0 531
4251  7  1 14 265 1 0 531
4252  7  2 14 265 1 0 531
4253  7  3 14 265 1 0 531
4254  7  4 14 266 0 1 532
4255  7  5 14 266 0 1 532
4256  7  6 14 266 0 1 532
4257  7  7 14 266 0 1 532
4258  7  0 15 265 1 0 531
4259  7  1 15 265 1 0 531
4260  7  2 15 265 1 0 531
4261  7  3 15 265 1 0 531
4262  7  4 15 266 0 1 532
4263  7  5 15 266 0 1 532
4264  7  6 15 266 0 1 532
4265  7  7 15 266 0 1 532
4266  7  0 16 260 0 1 520
4267  7  1 16 260 0 1 520
4268  7  2 16 260 0 1 520
4269  7  3 16 260 0 1 520
4270  7  4 16 263 1 0 527
4271  7  5 16 263 1 0 527
4272  7  6 16 263 1 0 527
4273  7  7 16 263 1 0 527
4274  7  0 17 260 0 1 520
4275  7  1 17 260 0 1 520
4276  7  2 17 260 0 1 520
4277  7  3 17 260 0 1 520
4278  7  4 17 263 1 0 527
4279  7  5 17 263 1 0 527
4280  7  6 17 263 1 0 527
4281  7  7 17 263 1 0 527
4282  7  0 18 260 1 0 521
4283  7  1 18 260 1 0 521
4284  7  2 18 260 1 0 521
4285  7  3 18 260 1 0 521
4286  7  4 18 263 0 1 526
4287  7  5 18 263 0 1 526
4288  7  6 18 263 0 1 526
4289  7  7 18 263 0 1 526
4290  7  0 19 260 1 0 521
4291  7  1 19 260 1 0 521
4292  7  2 19 260 1 0 521
4293  7  3 19 260 1 0 521
4294  7  4 19 263 0 1 526
4295  7  5 19 263 0 1 526
4296  7  6 19 263 0 1 526
4297  7  7 19 263 0 1 526
4298  7  0 20 261 0 1 522
4299  7  1 20 261 0 1 522
4300  7  2 20 261 0 1 522
4301  7  3 20 261 0 1 522
4302  7  4 20 262 1 0 525
4303  7  5 20 262 1 0 525
4304  7  6 20 262 1 0 525
4305  7  7 20 262 1 0 525
4306  7  0 21 261 0 1 522
4307  7  1 21 261 0 1 522
4308  7  2 21 261 0 1 522
4309  7  3 21 261 0 1 522
4310  7  4 21 262 1 0 525
4311  7  5 21 262 1 0 525
4312  7  6 21 262 1 0 525
4313  7  7 21 262 1 0 525
4314  7  0 22 261 1 0 523
4315  7  1 22 261 1 0 523
4316  7  2 22 261 1 0 523
4317  7  3 22 261 1 0 523
4318  7  4 22 262 0 1 524
4319  7  5 22 262 0 1 524
4320  7  6 22 262 0 1 524
4321  7  7 22 262 0 1 524
4322  7  0 23 261 1 0 523
4323  7  1 23 261 1 0 523
4324  7  2 23 261 1 0 523
4325  7  3 23 261 1 0 523
4326  7  4 23 262 0 1 524
4327  7  5 23 262 0 1 524
4328  7  6 23 262 0 1 524
4329  7  7 23 262 0 1 524
4330  8  0  0 280 0 1 560
4331  8  1  0 280 0 1 560
4332  8  2  0 280 0 1 560
4333  8  3  0 280 0 1 560
4334  8  4  0 283 1 0 567
4335  8  5  0 283 1 0 567
4336  8  6  0 283 1 0 567
4337  8  7  0 283 1 0 567
4338  8  0  1 280 0 1 560
4339  8  1  1 280 0 1 560
4340  8  2  1 280 0 1 560
4341  8  3  1 280 0 1 560
4342  8  4  1 283 1 0 567
4343  8  5  1 283 1 0 567
4344  8  6  1 283 1 0 567
4345  8  7  1 283 1 0 567
4346  8  0  2 280 1 0 561
4347  8  1  2 280 1 0 561
4348  8  2  2 280 1 0 561
4349  8  3  2 280 1 0 561
4350  8  4  2 283 0 1 566
4351  8  5  2 283 0 1 566
4352  8  6  2 283 0 1 566
4353  8  7  2 283 0 1 566
4354  8  0  3 280 1 0 561
4355  8  1  3 280 1 0 561
4356  8  2  3 280 1 0 561
4357  8  3  3 280 1 0 561
4358  8  4  3 283 0 1 566
4359  8  5  3 283 0 1 566
4360  8  6  3 283 0 1 566
4361  8  7  3 283 0 1 566
4362  8  0  4 281 0 1 562
4363  8  1  4 281 0 1 562
4364  8  2  4 281 0 1 562
4365  8  3  4 281 0 1 562
4366  8  4  4 282 1 0 565
4367  8  5  4 282 1 0 565
4368  8  6  4 282 1 0 565
4369  8  7  4 282 1 0 565
4370  8  0  5 281 0 1 562
4371  8  1  5 281 0 1 562
4372  8  2  5 281 0 1 562
4373  8  3  5 281 0 1 562
4374  8  4  5 282 1 0 565
4375  8  5  5 282 1 0 565
4376  8  6  5 282 1 0 565
4377  8  7  5 282 1 0 565
4378  8  0  6 281 1 0 563
4379  8  1  6 281 1 0 563
4380  8  2  6 281 1 0 563
4381  8  3  6 281 1 0 563
4382  8  4  6 282 0 1 564
4383  8  5  6 282 0 1 564
4384  8  6  6 282 0 1 564
4385  8  7  6 282 0 1 564
4386  8  0  7 281 1 0 563
4387  8  1  7 281 1 0 563
4388  8  2  7 281 1 0 563
4389  8  3  7 281 1 0 563
4390  8  4  7 282 0 1 564
4391  8  5  7 282 0 1 564
4392  8  6  7 282 0 1 564
4393  8  7  7 282 0 1 564
4394  8  0  8 276 0 1 552
4395  8  1  8 276 0 1 552
4396  8  2  8 276 0 1 552
4397  8  3  8 276 0 1 552
4398  8  4  8 279 1 0 559
4399  8  5  8 279 1 0 559
4400  8  6  8 279 1 0 559
4401  8  7  8 279 1 0 559
4402  8  0  9 276 0 1 552
4403  8  1  9 276 0 1 552
4404  8  2  9 276 0 1 552
4405  8  3  9 276 0 1 552
4406  8  4  9 279 1 0 559
4407  8  5  9 279 1 0 559
4408  8  6  9 279 1 0 559
4409  8  7  9 279 1 0 559
4410  8  0 10 276 1 0 553
4411  8  1 10 276 1 0 553
4412  8  2 10 276 1 0 553
4413  8  3 10 276 1 0 553
4414  8  4 10 279 0 1 558
4415  8  5 10 279 0 1 558
4416  8  6 10 279 0 1 558
4417  8  7 10 279 0 1 558
4418  8  0 11 276 1 0 553
4419  8  1 11 276 1 0 553
4420  8  2 11 276 1 0 553
4421  8  3 11 276 1 0 553
4422  8  4 11 279 0 1 558
4423  8  5 11 279 0 1 558
4424  8  6 11 279 0 1 558
4425  8  7 11 279 0 1 558
4426  8  0 12 277 0 1 554
4427  8  1 12 277 0 1 554
4428  8  2 12 277 0 1 554
4429  8  3 12 277 0 1 554
4430  8  4 12 278 1 0 557
4431  8  5 12 278 1 0 557
4432  8  6 12 278 1 0 557
4433  8  7 12 278 1 0 557
4434  8  0 13 277 0 1 554
4435  8  1 13 277 0 1 554
4436  8  2 13 277 0 1 554
4437  8  3 13 277 0 1 554
4438  8  4 13 278 1 0 557
4439  8  5 13 278 1 0 557
4440  8  6 13 278 1 0 557
4441  8  7 13 278 1 0 557
4442  8  0 14 277 1 0 555
4443  8  1 14 277 1 0 555
4444  8  2 14 277 1 0 555
4445  8  3 14 277 1 0 555
4446  8  4 14 278 0 1 556
4447  8  5 14 278 0 1 556
4448  8  6 14 278 0 1 556
4449  8  7 14 278 0 1 556
4450  8  0 15 277 1 0 555
4451  8  1 15 277 1 0 555
4452  8  2 15 277 1 0 555
4453  8  3 15 277 1 0 555
4454  8  4 15 278 0 1 556
4455  8  5 15 278 0 1 556
4456  8  6 15 278 0 1 556
4457  8  7 15 278 0 1 556
4458  8  0 16 272 0 1 544
4459  8  1 16 272 0 1 544
4460  8  2 16 272 0 1 544
4461  8  3 16 272 0 1 544
4462  8  4 16 275 1 0 551
4463  8  5 16 275 1 0 551
4464  8  6 16 275 1 0 551
4465  8  7 16 275 1 0 551
4466  8  0 17 272 0 1 544
4467  8  1 17 272 0 1 544
4468  8  2 17 272 0 1 544
4469  8  3 17 272 0 1 544
4470  8  4 17 275 1 0 551
4471  8  5 17 275 1 0 551
4472  8  6 17 275 1 0 551
4473  8  7 17 275 1 0 551
4474  8  0 18 272 1 0 545
4475  8  1 18 272 1 0 545
4476  8  2 18 272 1 0 545
4477  8  3 18 272 1 0 545
4478  8  4 18 275 0 1 550
4479  8  5 18 275 0 1 550
4480  8  6 18 275 0 1 550
4481  8  7 18 275 0 1 550
4482  8  0 19 272 1 0 545
4483  8  1 19 272 1 0 545
4484  8  2 19 272 1 0 545
4485  8  3 19 272 1 0 545
4486  8  4 19 275 0 1 550
4487  8  5 19 275 0 1 550
4488  8  6 19 275 0 1 550
4489  8  7 19 275 0 1 550
4490  8  0 20 273 0 1 546
4491  8  1 20 273 0 1 546
4492  8  2 20 273 0 1 546
4493  8  3 20 273 0 1 546
4494  8  4 20 274 1 0 549
4495  8  5 20 274 1 0 549
4496  8  6 20 274 1 0 549
4497  8  7 20 274 1 0 549
4498  8  0 21 273 0 1 546
4499  8  1 21 273 0 1 546
4500  8  2 21 273 0 1 546
4501  8  3 21 273 0 1 546
4502  8  4 21 274 1 0 549
4503  8  5 21 274 1 0 549
4504  8  6 21 274 1 0 549
4505  8  7 21 274 1 0 549
4506  8  0 22 273 1 0 547
4507  8  1 22 273 1 0 547
4508  8  2 22 273 1 0 547
4509  8  3 22 273 1 0 547
4510  8  4 22 274 0 1 548
4511  8  5 22 274 0 1 548
4512  8  6 22 274 0 1 548
4513  8  7 22 274 0 1 548
4514  8  0 23 273 1 0 547
4515  8  1 23 273 1 0 547
4516  8  2 23 273 1 0 547
4517  8  3 23 273 1 0 547
4518  8  4 23 274 0 1 548
4519  8  5 23 274 0 1 548
4520  8  6 23 274 0 1 548
4521  8  7 23 274 0 1 548
4522  9  0  0 292 0 1 584
4523  9  1  0 292 0 1 584
4524  9  2  0 292 0 1 584
4525  9  3  0 292 0 1 584
4526  9  4  0 295 1 0 591
4527  9  5  0 295 1 0 591
4528  9  6  0 295 1 0 591
4529  9  7  0 295 1 0 591
4530  9  0  1 292 0 1 584
4531  9  1  1 292 0 1 584
4532  9  2  1 292 0 1 584
4533  9  3  1 292 0 1 584
4534  9  4  1 295 1 0 591
4535  9  5  1 295 1 0 591
4536  9  6  1 295 1 0 591
4537  9  7  1 295 1 0 591
4538  9  0  2 292 1 0 585
4539  9  1  2 292 1 0 585
4540  9  2  2 292 1 0 585
4541  9  3  2 292 1 0 585
4542  9  4  2 295 0 1 590
4543  9  5  2 295 0 1 590
4544  9  6  2 295 0 1 590
4545  9  7  2 295 0 1 590
4546  9  0  3 292 1 0 585
4547  9  1  3 292 1 0 585
4548  9  2  3 292 1 0 585
4549  9  3  3 292 1 0 585
4550  9  4  3 295 0 1 590
4551  9  5  3 295 0 1 590
4552  9  6  3 295 0 1 590
4553  9  7  3 295 0 1 590
4554  9  0  4 293 0 1 586
4555  9  1  4 293 0 1 586
4556  9  2  4 293 0 1 586
4557  9  3  4 293 0 1 586
4558  9  4  4 294 1 0 589
4559  9  5  4 294 1 0 589
4560  9  6  4 294 1 0 589
4561  9  7  4 294 1 0 589
4562  9  0  5 293 0 1 586
4563  9  1  5 293 0 1 586
4564  9  2  5 293 0 1 586
4565  9  3  5 293 0 1 586
4566  9  4  5 294 1 0 589
4567  9  5  5 294 1 0 589
4568  9  6  5 294 1 0 589
4569  9  7  5 294 1 0 589
4570  9  0  6 293 1 0 587
4571  9  1  6 293 1 0 587
4572  9  2  6 293 1 0 587
4573  9  3  6 293 1 0 587
4574  9  4  6 294 0 1 588
4575  9  5  6 294 0 1 588
4576  9  6  6 294 0 1 588
4577  9  7  6 294 0 1 588
4578  9  0  7 293 1 0 587
4579  9  1  7 293 1 0 587
4580  9  2  7 293 1 0 587
4581  9  3  7 293 1 0 587
4582  9  4  7 294 0 1 588
4583  9  5  7 294 0 1 588
4584  9  6  7 294 0 1 588
4585  9  7  7 294 0 1 588
4586  9  0  8 288 0 1 576
4587  9  1  8 288 0 1 576
4588  9  2  8 288 0 1 576
4589  9  3  8 288 0 1 576
4590  9  4  8 291 1 0 583
4591  9  5  8 291 1 0 583
4592  9  6  8 291 1 0 583
4593  9  7  8 291 1 0 583
4594  9  0  9 288 0 1 576
4595  9  1  9 288 0 1 576
4596  9  2  9 288 0 1 576
4597  9  3  9 288 0 1 576
4598  9  4  9 291 1 0 583
4599  9  5  9 291 1 0 583
4600  9  6  9 291 1 0 583
4601  9  7  9 291 1 0 583
4602  9  0 10 288 1 0 577
4603  9  1 10 288 1 0 577
4604  9  2 10 288 1 0 577
4605  9  3 10 288 1 0 577
4606  9  4 10 291 0 1 582
4607  9  5 10 291 0 1 582
4608  9  6 10 291 0 1 582
4609  9  7 10 291 0 1 582
4610  9  0 11 288 1 0 577
4611  9  1 11 288 1 0 577
4612  9  2 11 288 1 0 577
4613  9  3 11 288 1 0 577
4614  9  4 11 291 0 1 582
4615  9  5 11 291 0 1 582
4616  9  6 11 291 0 1 582
4617  9  7 11 291 0 1 582
4618  9  0 12 289 0 1 578
4619  9  1 12 289 0 1 578
4620  9  2 12 289 0 1 578
4621  9  3 12 289 0 1 578
4622  9  4 12 290 1 0 581
4623  9  5 12 290 1 0 581
4624  9  6 12 290 1 0 581
4625  9  7 12 290 1 0 581
4626  9  0 13 289 0 1 578
4627  9  1 13 289 0 1 578
4628  9  2 13 289 0 1 578
4629  9  3 13 289 0 1 578
4630  9  4 13 290 1 0 581
4631  9  5 13 290 1 0 581
4632  9  6 13 290 1 0 581
4633  9  7 13 290 1 0 581
4634  9  0 14 289 1 0 579
4635  9  1 14 289 1 0 579
4636  9  2 14 289 1 0 579
4637  9  3 14 289 1 0 579
4638  9  4 14 290 0 1 580
4639  9  5 14 290 0 1 580
4640  9  6 14 290 0 1 580
4641  9  7 14 290 0 1 580
4642  9  0 15 289 1 0 579
4643  9  1 15 289 1 0 579
4644  9  2 15 289 1 0 579
4645  9  3 15 289 1 0 579
4646  9  4 15 290 0 1 580
4647  9  5 15 290 0 1 580
4648  9  6 15 290 0 1 580
4649  9  7 15 290 0 1 580
4650  9  0 16 284 0 1 568
4651  9  1 16 284 0 1 568
4652  9  2 16 284 0 1 568
4653  9  3 16 284 0 1 568
4654  9  4 16 287 1 0 575
4655  9  5 16 287 1 0 575
4656  9  6 16 287 1 0 575
4657  9  7 16 287 1 0 575
4658  9  0 17 284 0 1 568
4659  9  1 17 284 0 1 568
4660  9  2 17 284 0 1 568
4661  9  3 17 284 0 1 568
4662  9  4 17 287 1 0 575
4663  9  5 17 287 1 0 575
4664  9  6 17 287 1 0 575
4665  9  7 17 287 1 0 575
4666  9  0 18 284 1 0 569
4667  9  1 18 284 1 0 569
4668  9  2 18 284 1 0 569
4669  9  3 18 284 1 0 569
4670  9  4 18 287 0 1 574
4671  9  5 18 287 0 1 574
4672  9  6 18 287 0 1 574
4673  9  7 18 287 0 1 574
4674  9  0 19 284 1 0 569
4675  9  1 19 284 1 0 569
4676  9  2 19 284 1 0 569
4677  9  3 19 284 1 0 569
4678  9  4 19 287 0 1 574
4679  9  5 19 287 0 1 574
4680  9  6 19 287 0 1 574
4681  9  7 19 287 0 1 574
4682  9  0 20 285 0 1 570
4683  9  1 20 285 0 1 570
4684  9  2 20 285 0 1 570
4685  9  3 20 285 0 1 570
4686  9  4 20 286 1 0 573
4687  9  5 20 286 1 0 573
4688  9  6 20 286 1 0 573
4689  9  7 20 286 1 0 573
4690  9  0 21 285 0 1 570
4691  9  1 21 285 0 1 570
4692  9  2 21 285 0 1 570
4693  9  3 21 285 0 1 570
4694  9  4 21 286 1 0 573
4695  9  5 21 286 1 0 573
4696  9  6 21 286 1 0 573
4697  9  7 21 286 1 0 573
4698  9  0 22 285 1 0 571
4699  9  1 22 285 1 0 571
4700  9  2 22 285 1 0 571
4701  9  3 22 285 1 0 571
4702  9  4 22 286 0 1 572
4703  9  5 22 286 0 1 572
4704  9  6 22 286 0 1 572
4705  9  7 22 286 0 1 572
4706  9  0 23 285 1 0 571
4707  9  1 23 285 1 0 571
4708  9  2 23 285 1 0 571
4709  9  3 23 285 1 0 571
4710  9  4 23 286 0 1 572
4711  9  5 23 286 0 1 572
4712  9  6 23 286 0 1 572
4713  9  7 23 286 0 1 572
4714 10  0  0 304 0 1 608
4715 10  1  0 304 0 1 608
4716 10  2  0 304 0 1 608
4717 10  3  0 304 0 1 608
4718 10  4  0 307 1 0 615
4719 10  5  0 307 1 0 615
4720 10  6  0 307 1 0 615
4721 10  7  0 307 1 0 615
4722 10  0  1 304 0 1 608
4723 10  1  1 304 0 1 608
4724 10  2  1 304 0 1 608
4725 10  3  1 304 0 1 608
4726 10  4  1 307 1 0 615
4727 10  5  1 307 1 0 615
4728 10  6  1 307 1 0 615
4729 10  7  1 307 1 0 615
4730 10  0  2 304 1 0 609
4731 10  1  2 304 1 0 609
4732 10  2  2 304 1 0 609
4733 10  3  2 304 1 0 609
4734 10  4  2 307 0 1 614
4735 10  5  2 307 0 1 614
4736 10  6  2 307 0 1 614
4737 10  7  2 307 0 1 614
4738 10  0  3 304 1 0 609
4739 10  1  3 304 1 0 609
4740 10  2  3 304 1 0 609
4741 10  3  3 304 1 0 609
4742 10  4  3 307 0 1 614
4743 10  5  3 307 0 1 614
4744 10  6  3 307 0 1 614
4745 10  7  3 307 0 1 614
4746 10  0  4 305 0 1 610
4747 10  1  4 305 0 1 610
4748 10  2  4 305 0 1 610
4749 10  3  4 305 0 1 610
4750 10  4  4 306 1 0 613
4751 10  5  4 306 1 0 613
4752 10  6  4 306 1 0 613
4753 10  7  4 306 1 0 613
4754 10  0  5 305 0 1 610
4755 10  1  5 305 0 1 610
4756 10  2  5 305 0 1 610
4757 10  3  5 305 0 1 610
4758 10  4  5 306 1 0 613
4759 10  5  5 306 1 0 613
4760 10  6  5 306 1 0 613
4761 10  7  5 306 1 0 613
4762 10  0  6 305 1 0 611
4763 10  1  6 305 1 0 611
4764 10  2  6 305 1 0 611
4765 10  3  6 305 1 0 611
4766 10  4  6 306 0 1 612
4767 10  5  6 306 0 1 612
4768 10  6  6 306 0 1 612
4769 10  7  6 306 0 1 612
4770 10  0  7 305 1 0 611
4771 10  1  7 305 1 0 611
4772 10  2  7 305 1 0 611
4773 10  3  7 305 1 0 611
4774 10  4  7 306 0 1 612
4775 10  5  7 306 0 1 612
4776 10  6  7 306 0 1 612
4777 10  7  7 306 0 1 612
4778 10  0  8 300 0 1 600
4779 10  1  8 300 0 1 600
4780 10  2  8 300 0 1 600
4781 10  3  8 300 0 1 600
4782 10  4  8 303 1 0 607
4783 10  5  8 303 1 0 607
4784 10  6  8 303 1 0 607
4785 10  7  8 303 1 0 607
4786 10  0  9 300 0 1 600
4787 10  1  9 300 0 1 600
4788 10  2  9 300 0 1 600
4789 10  3  9 300 0 1 600
4790 10  4  9 303 1 0 607
4791 10  5  9 303 1 0 607
4792 10  6  9 303 1 0 607
4793 10  7  9 303 1 0 607
4794 10  0 10 300 1 0 601
4795 10  1 10 300 1 0 601
4796 10  2 10 300 1 0 601
4797 10  3 10 300 1 0 601
4798 10  4 10 303 0 1 606
4799 10  5 10 303 0 1 606
4800 10  6 10 303 0 1 606
4801 10  7 10 303 0 1 606
4802 10  0 11 300 1 0 601
4803 10  1 11 300 1 0 601
4804 10  2 11 300 1 0 601
4805 10  3 11 300 1 0 601
4806 10  4 11 303 0 1 606
4807 10  5 11 303 0 1 606
4808 10  6 11 303 0 1 606
4809 10  7 11 303 0 1 606
4810 10  0 12 301 0 1 602
4811 10  1 12 301 0 1 602
4812 10  2 12 301 0 1 602
4813 10  3 12 301 0 1 602
4814 10  4 12 302 1 0 605
4815 10  5 12 302 1 0 605
4816 10  6 12 302 1 0 605
4817 10  7 12 302 1 0 605
4818 10  0 13 301 0 1 602
4819 10  1 13 301 0 1 602
4820 10  2 13 301 0 1 602
4821 10  3 13 301 0 1 602
4822 10  4 13 302 1 0 605
4823 10  5 13 302 1 0 605
4824 10  6 13 302 1 0 605
4825 10  7 13 302 1 0 605
4826 10  0 14 301 1 0 603
4827 10  1 14 301 1 0 603
4828 10  2 14 301 1 0 603
4829 10  3 14 301 1 0 603
4830 10  4 14 302 0 1 604
4831 10  5 14 302 0 1 604
4832 10  6 14 302 0 1 604
4833 10  7 14 302 0 1 604
4834 10  0 15 301 1 0 603
4835 10  1 15 301 1 0 603
4836 10  2 15 301 1 0 603
4837 10  3 15 301 1 0 603
4838 10  4 15 302 0 1 604
4839 10  5 15 302 0 1 604
4840 10  6 15 302 0 1 604
4841 10  7 15 302 0 1 604
4842 10  0 16 296 0 1 592
4843 10  1 16 296 0 1 592
4844 10  2 16 296 0 1 592
4845 10  3 16 296 0 1 592
4846 10  4 16 299 1 0 599
4847 10  5 16 299 1 0 599
4848 10  6 16 299 1 0 599
4849 10  7 16 299 1 0 599
4850 10  0 17 296 0 1 592
4851 10  1 17 296 0 1 592
4852 10  2 17 296 0 1 592
4853 10  3 17 296 0 1 592
4854 10  4 17 299 1 0 599
4855 10  5 17 299 1 0 599
4856 10  6 17 299 1 0 599
4857 10  7 17 299 1 0 599
4858 10  0 18 296 1 0 593
4859 10  1 18 296 1 0 593
4860 10  2 18 296 1 0 593
4861 10  3 18 296 1 0 593
4862 10  4 18 299 0 1 598
4863 10  5 18 299 0 1 598
4864 10  6 18 299 0 1 598
4865 10  7 18 299 0 1 598
4866 10  0 19 296 1 0 593
4867 10  1 19 296 1 0 593
4868 10  2 19 296 1 0 593
4869 10  3 19 296 1 0 593
4870 10  4 19 299 0 1 598
4871 10  5 19 299 0 1 598
4872 10  6 19 299 0 1 598
4873 10  7 19 299 0 1 598
4874 10  0 20 297 0 1 594
4875 10  1 20 297 0 1 594
4876 10  2 20 297 0 1 594
4877 10  3 20 297 0 1 594
4878 10  4 20 298 1 0 597
4879 10  5 20 298 1 0 597
4880 10  6 20 298 1 0 597
4881 10  7 20 298 1 0 597
4882 10  0 21 297 0 1 594
4883 10  1 21 297 0 1 594
4884 10  2 21 297 0 1 594
4885 10  3 21 297 0 1 594
4886 10  4 21 298 1 0 597
4887 10  5 21 298 1 0 597
4888 10  6 21 298 1 0 597
4889 10  7 21 298 1 0 597
4890 10  0 22 297 1 0 595
4891 10  1 22 297 1 0 595
4892 10  2 22 297 1 0 595
4893 10  3 22 297 1 0 595
4894 10  4 22 298 0 1 596
4895 10  5 22 298 0 1 596
4896 10  6 22 298 0 1 596
4897 10  7 22 298 0 1 596
4898 10  0 23 297 1 0 595
4899 10  1 23 297 1 0 595
4900 10  2 23 297 1 0 595
4901 10  3 23 297 1 0 595
4902 10  4 23 298 0 1 596
4903 10  5 23 298 0 1 596
4904 10  6 23 298 0 1 596
4905 10  7 23 298 0 1 596
4906 11  0  0 316 0 1 632
4907 11  1  0 316 0 1 632
4908 11  2  0 316 0 1 632
4909 11  3  0 316 0 1 632
4910 11  4  0 319 1 0 639
4911 11  5  0 319 1 0 639
4912 11  6  0 319 1 0 639
4913 11  7  0 319 1 0 639
4914 11  0  1 316 0 1 632
4915 11  1  1 316 0 1 632
4916 11  2  1 316 0 1 632
4917 11  3  1 316 0 1 632
4918 11  4  1 319 1 0 639
4919 11  5  1 319 1 0 639
4920 11  6  1 319 1 0 639
4921 11  7  1 319 1 0 639
4922 11  0  2 316 1 0 633
4923 11  1  2 316 1 0 633
4924 11  2  2 316 1 0 633
4925 11  3  2 316 1 0 633
4926 11  4  2 319 0 1 638
4927 11  5  2 319 0 1 638
4928 11  6  2 319 0 1 638
4929 11  7  2 319 0 1 638
4930 11  0  3 316 1 0 633
4931 11  1  3 316 1 0 633
4932 11  2  3 316 1 0 633
4933 11  3  3 316 1 0 633
4934 11  4  3 319 0 1 638
4935 11  5  3 319 0 1 638
4936 11  6  3 319 0 1 638
4937 11  7  3 319 0 1 638
4938 11  0  4 317 0 1 634
4939 11  1  4 317 0 1 634
4940 11  2  4 317 0 1 634
4941 11  3  4 317 0 1 634
4942 11  4  4 318 1 0 637
4943 11  5  4 318 1 0 637
4944 11  6  4 318 1 0 637
4945 11  7  4 318 1 0 637
4946 11  0  5 317 0 1 634
4947 11  1  5 317 0 1 634
4948 11  2  5 317 0 1 634
4949 11  3  5 317 0 1 634
4950 11  4  5 318 1 0 637
4951 11  5  5 318 1 0 637
4952 11  6  5 318 1 0 637
4953 11  7  5 318 1 0 637
4954 11  0  6 317 1 0 635
4955 11  1  6 317 1 0 635
4956 11  2  6 317 1 0 635
4957 11  3  6 317 1 0 635
4958 11  4  6 318 0 1 636
4959 11  5  6 318 0 1 636
4960 11  6  6 318 0 1 636
4961 11  7  6 318 0 1 636
4962 11  0  7 317 1 0 635
4963 11  1  7 317 1 0 635
4964 11  2  7 317 1 0 635
4965 11  3  7 317 1 0 635
4966 11  4  7 318 0 1 636
4967 11  5  7 318 0 1 636
4968 11  6  7 318 0 1 636
4969 11  7  7 318 0 1 636
4970 11  0  8 312 0 1 624
4971 11  1  8 312 0 1 624
4972 11  2  8 312 0 1 624
4973 11  3  8 312 0 1 624
4974 11  4  8 315 1 0 631
4975 11  5  8 315 1 0 631
4976 11  6  8 315 1 0 631
4977 11  7  8 315 1 0 631
4978 11  0  9 312 0 1 624
4979 11  1  9 312 0 1 624
4980 11  2  9 312 0 1 624
4981 11  3  9 312 0 1 624
4982 11  4  9 315 1 0 631
4983 11  5  9 315 1 0 631
4984 11  6  9 315 1 0 631
4985 11  7  9 315 1 0 631
4986 11  0 10 312 1 0 625
4987 11  1 10 312 1 0 625
4988 11  2 10 312 1 0 625
4989 11  3 10 312 1 0 625
4990 11  4 10 315 0 1 630
4991 11  5 10 315 0 1 630
4992 11  6 10 315 0 1 630
4993 11  7 10 315 0 1 630
4994 11  0 11 312 1 0 625
4995 11  1 11 312 1 0 625
4996 11  2 11 312 1 0 625
4997 11  3 11 312 1 0 625
4998 11  4 11 315 0 1 630
4999 11  5 11 315 0 1 630
5000 11  6 11 315 0 1 630
5001 11  7 11 315 0 1 630
5002 11  0 12 313 0 1 626
5003 11  1 12 313 0 1 626
5004 11  2 12 313 0 1 626
5005 11  3 12 313 0 1 626
5006 11  4 12 314 1 0 629
5007 11  5 12 314 1 0 629
5008 11  6 12 314 1 0 629
5009 11  7 12 314 1 0 629
5010 11  0 13 313 0 1 626
5011 11  1 13 313 0 1 626
5012 11  2 13 313 0 1 626
5013 11  3 13 313 0 1 626
5014 11  4 13 314 1 0 629
5015 11  5 13 314 1 0 629
5016 11  6 13 314 1 0 629
5017 11  7 13 314 1 0 629
5018 11  0 14 313 1 0 627
5019 11  1 14 313 1 0 627
5020 11  2 14 313 1 0 627
5021 11  3 14 313 1 0 627
5022 11  4 14 314 0 1 628
5023 11  5 14 314 0 1 628
5024 11  6 14 314 0 1 628
5025 11  7 14 314 0 1 628
5026 11  0 15 313 1 0 627
5027 11  1 15 313 1 0 627
5028 11  2 15 313 1 0 627
5029 11  3 15 313 1 0 627
5030 11  4 15 314 0 1 628
5031 11  5 15 314 0 1 628
5032 11  6 15 314 0 1 628
5033 11  7 15 314 0 1 628
5034 11  0 16 308 0 1 616
5035 11  1 16 308 0 1 616
5036 11  2 16 308 0 1 616
5037 11  3 16 308 0 1 616
5038 11  4 16 311 1 0 623
5039 11  5 16 311 1 0 623
5040 11  6 16 311 1 0 623
5041 11  7 16 311 1 0 623
5042 11  0 17 308 0 1 616
5043 11  1 17 308 0 1 616
5044 11  2 17 308 0 1 616
5045 11  3 17 308 0 1 616
5046 11  4 17 311 1 0 623
5047 11  5 17 311 1 0 623
5048 11  6 17 311 1 0 623
5049 11  7 17 311 1 0 623
5050 11  0 18 308 1 0 617
5051 11  1 18 308 1 0 617
5052 11  2 18 308 1 0 617
5053 11  3 18 308 1 0 617
5054 11  4 18 311 0 1 622
5055 11  5 18 311 0 1 622
5056 11  6 18 311 0 1 622
5057 11  7 18 311 0 1 622
5058 11  0 19 308 1 0 617
5059 11  1 19 308 1 0 617
5060 11  2 19 308 1 0 617
5061 11  3 19 308 1 0 617
5062 11  4 19 311 0 1 622
5063 11  5 19 311 0 1 622
5064 11  6 19 311 0 1 622
5065 11  7 19 311 0 1 622
5066 11  0 20 309 0 1 618
5067 11  1 20 309 0 1 618
5068 11  2 20 309 0 1 618
5069 11  3 20 309 0 1 618
5070 11  4 20 310 1 0 621
5071 11  5 20 310 1 0 621
5072 11  6 20 310 1 0 621
5073 11  7 20 310 1 0 621
5074 11  0 21 309 0 1 618
5075 11  1 21 309 0 1 618
5076 11  2 21 309 0 1 618
5077 11  3 21 309 0 1 618
5078 11  4 21 310 1 0 621
5079 11  5 21 310 1 0 621
5080 11  6 21 310 1 0 621
5081 11  7 21 310 1 0 621
5082 11  0 22 309 1 0 619
5083 11  1 22 309 1 0 619
5084 11  2 22 309 1 0 619
5085 11  3 22 309 1 0 619
5086 11  4 22 310 0 1 620
5087 11  5 22 310 0 1 620
5088 11  6 22 310 0 1 620
5089 11  7 22 310 0 1 620
5090 11  0 23 309 1 0 619
5091 11  1 23 309 1 0 619
5092 11  2 23 309 1 0 619
5093 11  3 23 309 1 0 619
5094 11  4 23 310 0 1 620
5095 11  5 23 310 0 1 620
5096 11  6 23 310 0 1 620
5097 11  7 23 310 0 1 620
5098 12  0  0 328 0 1 656
5099 12  1  0 328 0 1 656
5100 12  2  0 328 0 1 656
5101 12  3  0 328 0 1 656
5102 12  4  0 331 1 0 663
5103 12  5  0 331 1 0 663
5104 12  6  0 331 1 0 663
5105 12  7  0 331 1 0 663
5106 12  0  1 328 0 1 656
5107 12  1  1 328 0 1 656
5108 12  2  1 328 0 1 656
5109 12  3  1 328 0 1 656
5110 12  4  1 331 1 0 663
5111 12  5  1 331 1 0 663
5112 12  6  1 331 1 0 663
5113 12  7  1 331 1 0 663
5114 12  0  2 328 1 0 657
5115 12  1  2 328 1 0 657
5116 12  2  2 328 1 0 657
5117 12  3  2 328 1 0 657
5118 12  4  2 331 0 1 662
5119 12  5  2 331 0 1 662
5120 12  6  2 331 0 1 662
5121 12  7  2 331 0 1 662
5122 12  0  3 328 1 0 657
5123 12  1  3 328 1 0 657
5124 12  2  3 328 1 0 657
5125 12  3  3 328 1 0 657
5126 12  4  3 331 0 1 662
5127 12  5  3 331 0 1 662
5128 12  6  3 331 0 1 662
5129 12  7  3 331 0 1 662
5130 12  0  4 329 0 1 658
5131 12  1  4 329 0 1 658
5132 12  2  4 329 0 1 658
5133 12  3  4 329 0 1 658
5134 12  4  4 330 1 0 661
5135 12  5  4 330 1 0 661
5136 12  6  4 330 1 0 661
5137 12  7  4 330 1 0 661
5138 12  0  5 329 0 1 658
5139 12  1  5 329 0 1 658
5140 12  2  5 329 0 1 658
5141 12  3  5 329 0 1 658
5142 12  4  5 330 1 0 661
5143 12  5  5 330 1 0 661
5144 12  6  5 330 1 0 661
5145 12  7  5 330 1 0 661
5146 12  0  6 329 1 0 659
5147 12  1  6 329 1 0 659
5148 12  2  6 329 1 0 659
5149 12  3  6 329 1 0 659
5150 12  4  6 330 0 1 660
5151 12  5  6 330 0 1 660
5152 12  6  6 330 0 1 660
5153 12  7  6 330 0 1 660
5154 12  0  7 329 1 0 659
5155 12  1  7 329 1 0 659
5156 12  2  7 329 1 0 659
5157 12  3  7 329 1 0 659
5158 12  4  7 330 0 1 660
5159 12  5  7 330 0 1 660
5160 12  6  7 330 0 1 660
5161 12  7  7 330 0 1 660
5162 12  0  8 324 0 1 648
5163 12  1  8 324 0 1 648
5164 12  2  8 324 0 1 648
5165 12  3  8 324 0 1 648
5166 12  4  8 327 1 0 655
5167 12  5  8 327 1 0 655
5168 12  6  8 327 1 0 655
5169 12  7  8 327 1 0 655
5170 12  0  9 324 0 1 648
5171 12  1  9 324 0 1 648
5172 12  2  9 324 0 1 648
5173 12  3  9 324 0 1 648
5174 12  4  9 327 1 0 655
5175 12  5  9 327 1 0 655
5176 12  6  9 327 1 0 655
5177 12  7  9 327 1 0 655
5178 12  0 10 324 1 0 649
5179 12  1 10 324 1 0 649
5180 12  2 10 324 1 0 649
5181 12  3 10 324 1 0 649
5182 12  4 10 327 0 1 654
5183 12  5 10 327 0 1 654
5184 12  6 10 327 0 1 654
5185 12  7 10 327 0 1 654
5186 12  0 11 324 1 0 649
5187 12  1 11 324 1 0 649
5188 12  2 11 324 1 0 649
5189 12  3 11 324 1 0 649
5190 12  4 11 327 0 1 654
5191 12  5 11 327 0 1 654
5192 12  6 11 327 0 1 654
5193 12  7 11 327 0 1 654
5194 12  0 12 325 0 1 650
5195 12  1 12 325 0 1 650
5196 12  2 12 325 0 1 650
5197 12  3 12 325 0 1 650
5198 12  4 12 326 1 0 653
5199 12  5 12 326 1 0 653
5200 12  6 12 326 1 0 653
5201 12  7 12 326 1 0 653
5202 12  0 13 325 0 1 650
5203 12  1 13 325 0 1 650
5204 12  2 13 325 0 1 650
5205 12  3 13 325 0 1 650
5206 12  4 13 326 1 0 653
5207 12  5 13 326 1 0 653
5208 12  6 13 326 1 0 653
5209 12  7 13 326 1 0 653
5210 12  0 14 325 1 0 651
5211 12  1 14 325 1 0 651
5212 12  2 14 325 1 0 651
5213 12  3 14 325 1 0 651
5214 12  4 14 326 0 1 652
5215 12  5 14 326 0 1 652
5216 12  6 14 326 0 1 652
5217 12  7 14 326 0 1 652
5218 12  0 15 325 1 0 651
5219 12  1 15 325 1 0 651
5220 12  2 15 325 1 0 651
5221 12  3 15 325 1 0 651
5222 12  4 15 326 0 1 652
5223 12  5 15 326 0 1 652
5224 12  6 15 326 0 1 652
5225 12  7 15 326 0 1 652
5226 12  0 16 320 0 1 640
5227 12  1 16 320 0 1 640
5228 12  2 16 320 0 1 640
5229 12  3 16 320 0 1 640
5230 12  4 16 323 1 0 647
5231 12  5 16 323 1 0 647
5232 12  6 16 323 1 0 647
5233 12  7 16 323 1 0 647
5234 12  0 17 320 0 1 640
5235 12  1 17 320 0 1 640
5236 12  2 17 320 0 1 640
5237 12  3 17 320 0 1 640
5238 12  4 17 323 1 0 647
5239 12  5 17 323 1 0 647
5240 12  6 17 323 1 0 647
5241 12  7 17 323 1 0 647
5242 12  0 18 320 1 0 641
5243 12  1 18 320 1 0 641
5244 12  2 18 320 1 0 641
5245 12  3 18 320 1 0 641
5246 12  4 18 323 0 1 646
5247 12  5 18 323 0 1 646
5248 12  6 18 323 0 1 646
5249 12  7 18 323 0 1 646
5250 12  0 19 320 1 0 641
5251 12  1 19 320 1 0 641
5252 12  2 19 320 1 0 641
5253 12  3 19 320 1 0 641
5254 12  4 19 323 0 1 646
5255 12  5 19 323 0 1 646
5256 12  6 19 323 0 1 646
5257 12  7 19 323 0 1 646
5258 12  0 20 321 0 1 642
5259 12  1 20 321 0 1 642
5260 12  2 20 321 0 1 642
5261 12  3 20 321 0 1 642
5262 12  4 20 322 1 0 645
5263 12  5 20 322 1 0 645
5264 12  6 20 322 1 0 645
5265 12  7 20 322 1 0 645
5266 12  0 21 321 0 1 642
5267 12  1 21 321 0 1 642
5268 12  2 21 321 0 1 642
5269 12  3 21 321 0 1 642
5270 12  4 21 322 1 0 645
5271 12  5 21 322 1 0 645
5272 12  6 21 322 1 0 645
5273 12  7 21 322 1 0 645
5274 12  0 22 321 1 0 643
5275 12  1 22 321 1 0 643
5276 12  2 22 321 1 0 643
5277 12  3 22 321 1 0 643
5278 12  4 22 322 0 1 644
5279 12  5 22 322 0 1 644
5280 12  6 22 322 0 1 644
5281 12  7 22 322 0 1 644
5282 12  0 23 321 1 0 643
5283 12  1 23 321 1 0 643
5284 12  2 23 321 1 0 643
5285 12  3 23 321 1 0 643
5286 12  4 23 322 0 1 644
5287 12  5 23 322 0 1 644
5288 12  6 23 322 0 1 644
5289 12  7 23 322 0 1 644
5290 13  0  0 340 0 1 680
5291 13  1  0 340 0 1 680
5292 13  2  0 340 0 1 680
5293 13  3  0 340 0 1 680
5294 13  4  0 343 1 0 687
5295 13  5  0 343 1 0 687
5296 13  6  0 343 1 0 687
5297 13  7  0 343 1 0 687
5298 13  0  1 340 0 1 680
5299 13  1  1 340 0 1 680
5300 13  2  1 340 0 1 680
5301 13  3  1 340 0 1 680
5302 13  4  1 343 1 0 687
5303 13  5  1 343 1 0 687
5304 13  6  1 343 1 0 687
5305 13  7  1 343 1 0 687
5306 13  0  2 340 1 0 681
5307 13  1  2 340 1 0 681
5308 13  2  2 340 1 0 681
5309 13  3  2 340 1 0 681
5310 13  4  2 343 0 1 686
5311 13  5  2 343 0 1 686
5312 13  6  2 343 0 1 686
5313 13  7  2 343 0 1 686
5314 13  0  3 340 1 0 681
5315 13  1  3 340 1 0 681
5316 13  2  3 340 1 0 681
5317 13  3  3 340 1 0 681
5318 13  4  3 343 0 1 686
5319 13  5  3 343 0 1 686
5320 13  6  3 343 0 1 686
5321 13  7  3 343 0 1 686
5322 13  0  4 341 0 1 682
5323 13  1  4 341 0 1 682
5324 13  2  4 341 0 1 682
5325 13  3  4 341 0 1 682
5326 13  4  4 342 1 0 685
5327 13  5  4 342 1 0 685
5328 13  6  4 342 1 0 685
5329 13  7  4 342 1 0 685
5330 13  0  5 341 0 1 682
5331 13  1  5 341 0 1 682
5332 13  2  5 341 0 1 682
5333 13  3  5 341 0 1 682
5334 13  4  5 342 1 0 685
5335 13  5  5 342 1 0 685
5336 13  6  5 342 1 0 685
5337 13  7  5 342 1 0 685
5338 13  0  6 341 1 0 683
5339 13  1  6 341 1 0 683
5340 13  2  6 341 1 0 683
5341 13  3  6 341 1 0 683
5342 13  4  6 342 0 1 684
5343 13  5  6 342 0 1 684
5344 13  6  6 342 0 1 684
5345 13  7  6 342 0 1 684
5346 13  0  7 341 1 0 683
5347 13  1  7 341 1 0 683
5348 13  2  7 341 1 0 683
5349 13  3  7 341 1 0 683
5350 13  4  7 342 0 1 684
5351 13  5  7 342 0 1 684
5352 13  6  7 342 0 1 684
5353 13  7  7 342 0 1 684
5354 13  0  8 336 0 1 672
5355 13  1  8 336 0 1 672
5356 13  2  8 336 0 1 672
5357 13  3  8 336 0 1 672
5358 13  4  8 339 1 0 679
5359 13  5  8 339 1 0 679
5360 13  6  8 339 1 0 679
5361 13  7  8 339 1 0 679
5362 13  0  9 336 0 1 672
5363 13  1  9 336 0 1 672
5364 13  2  9 336 0 1 672
5365 13  3  9 336 0 1 672
5366 13  4  9 339 1 0 679
5367 13  5  9 339 1 0 679
5368 13  6  9 339 1 0 679
5369 13  7  9 339 1 0 679
5370 13  0 10 336 1 0 673
5371 13  1 10 336 1 0 673
5372 13  2 10 336 1 0 673
5373 13  3 10 336 1 0 673
5374 13  4 10 339 0 1 678
5375 13  5 10 339 0 1 678
5376 13  6 10 339 0 1 678
5377 13  7 10 339 0 1 678
5378 13  0 11 336 1 0 673
5379 13  1 11 336 1 0 673
5380 13  2 11 336 1 0 673
5381 13  3 11 336 1 0 673
5382 13  4 11 339 0 1 678
5383 13  5 11 339 0 1 678
5384 13  6 11 339 0 1 678
5385 13  7 11 339 0 1 678
5386 13  0 12 337 0 1 674
5387 13  1 12 337 0 1 674
5388 13  2 12 337 0 1 674
5389 13  3 12 337 0 1 674
5390 13  4 12 338 1 0 677
5391 13  5 12 338 1 0 677
5392 13  6 12 338 1 0 677
5393 13  7 12 338 1 0 677
5394 13  0 13 337 0 1 674
5395 13  1 13 337 0 1 674
5396 13  2 13 337 0 1 674
5397 13  3 13 337 0 1 674
5398 13  4 13 338 1 0 677
5399 13  5 13 338 1 0 677
5400 13  6 13 338 1 0 677
5401 13  7 13 338 1 0 677
5402 13  0 14 337 1 0 675
5403 13  1 14 337 1 0 675
5404 13  2 14 337 1 0 675
5405 13  3 14 337 1 0 675
5406 13  4 14 338 0 1 676
5407 13  5 14 338 0 1 676
5408 13  6 14 338 0 1 676
5409 13  7 14 338 0 1 676
5410 13  0 15 337 1 0 675
5411 13  1 15 337 1 0 675
5412 13  2 15 337 1 0 675
5413 13  3 15 337 1 0 675
5414 13  4 15 338 0 1 676
5415 13  5 15 338 0 1 676
5416 13  6 15 338 0 1 676
5417 13  7 15 338 0 1 676
5418 13  0 16 332 0 1 664
5419 13  1 16 332 0 1 664
5420 13  2 16 332 0 1 664
5421 13  3 16 332 0 1 664
5422 13  4 16 335 1 0 671
5423 13  5 16 335 1 0 671
5424 13  6 16 335 1 0 671
5425 13  7 16 335 1 0 671
5426 13  0 17 332 0 1 664
5427 13  1 17 332 0 1 664
5428 13  2 17 332 0 1 664
5429 13  3 17 332 0 1 664
5430 13  4 17 335 1 0 671
5431 13  5 17 335 1 0 671
5432 13  6 17 335 1 0 671
5433 13  7 17 335 1 0 671
5434 13  0 18 332 1 0 665
5435 13  1 18 332 1 0 665
5436 13  2 18 332 1 0 665
5437 13  3 18 332 1 0 665
5438 13  4 18 335 0 1 670
5439 13  5 18 335 0 1 670
5440 13  6 18 335 0 1 670
5441 13  7 18 335 0 1 670
5442 13  0 19 332 1 0 665
5443 13  1 19 332 1 0 665
5444 13  2 19 332 1 0 665
5445 13  3 19 332 1 0 665
5446 13  4 19 335 0 1 670
5447 13  5 19 335 0 1 670
5448 13  6 19 335 0 1 670
5449 13  7 19 335 0 1 670
5450 13  0 20 333 0 1 666
5451 13  1 20 333 0 1 666
5452 13  2 20 333 0 1 666
5453 13  3 20 333 0 1 666
5454 13  4 20 334 1 0 669
5455 13  5 20 334 1 0 669
5456 13  6 20 334 1 0 669
5457 13  7 20 334 1 0 669
5458 13  0 21 333 0 1 666
5459 13  1 21 333 0 1 666
5460 13  2 21 333 0 1 666
5461 13  3 21 333 0 1 666
5462 13  4 21 334 1 0 669
5463 13  5 21 334 1 0 669
5464 13  6 21 334 1 0 669
5465 13  7 21 334 1 0 669
5466 13  0 22 333 1 0 667
5467 13  1 22 333 1 0 667
5468 13  2 22 333 1 0 667
5469 13  3 22 333 1 0 667
5470 13  4 22 334 0 1 668
5471 13  5 22 334 0 1 668
5472 13  6 22 334 0 1 668
5473 13  7 22 334 0 1 668
5474 13  0 23 333 1 0 667
5475 13  1 23 333 1 0 667
5476 13  2 23 333 1 0 667
5477 13  3 23 333 1 0 667
5478 13  4 23 334 0 1 668
5479 13  5 23 334 0 1 668
5480 13  6 23 334 0 1 668
5481 13  7 23 334 0 1 668
