# ATLAS tag: ATLAS-R3S-2021-03-02-00
# InDet tag: 
# Pixel tag: 
# SCT   tag: 
# TRT   tag: 
2 1 -4 0 0 0 0 0x500000000000 70.5954 -7.55151e-16 -917.334 -3.14159 0.174533 -1.5708
2 1 -4 0 1 0 0 0x1500000000000 -7.71136e-15 70.5954 -917.334 -2.96706 1.20604e-16 3.14159
2 1 -4 0 2 0 0 0x2500000000000 -70.5954 2.26545e-15 -917.334 3.14159 -0.174533 1.5708
2 1 -4 0 3 0 0 0x3500000000000 -9.22167e-15 -70.5954 -917.334 2.96706 1.4187e-16 -1.60571e-16
2 1 -4 1 0 0 0 0x40500000000000 74.6 -5.09942e-16 -967.399 -3.14159 0.174533 -1.5708
2 1 -4 1 1 0 0 0x41500000000000 -1.58014e-15 74.6 -967.399 -2.96706 1.20604e-16 3.14159
2 1 -4 1 2 0 0 0x42500000000000 -74.6 1.52983e-15 -967.399 3.14159 -0.174533 1.5708
2 1 -4 1 3 0 0 0x43500000000000 -2.60003e-15 -74.6 -967.399 2.96706 1.4187e-16 -1.60571e-16
2 1 -4 2 0 0 0 0x80500000000000 78.6046 -2.64732e-16 -1017.46 -3.14159 0.174533 -1.5708
2 1 -4 2 1 0 0 0x81500000000000 4.55108e-15 78.6046 -1017.46 -2.96706 1.20604e-16 3.14159
2 1 -4 2 2 0 0 0x82500000000000 -78.6046 7.94197e-16 -1017.46 3.14159 -0.174533 1.5708
2 1 -4 2 3 0 0 0x83500000000000 4.02161e-15 -78.6046 -1017.46 2.96706 1.4187e-16 -1.60571e-16
2 1 -2 0 0 0 0 0x100500000000000 118.915 7.79409 -497.1 3.14159 6.13634e-17 -1.63625
2 1 -2 0 1 0 0 0x101500000000000 116.88 23.2489 -492.9 3.14159 2.06412e-16 -1.76715
2 1 -2 0 2 0 0 0x102500000000000 112.846 38.3059 -497.1 3.14159 6.44819e-17 -1.89805
2 1 -2 0 3 0 0 0x103500000000000 106.88 52.7075 -492.9 3.14159 2.31547e-16 -2.02895
2 1 -2 0 4 0 0 0x104500000000000 99.0862 66.2073 -497.1 3.14159 7.15518e-17 -2.15984
2 1 -2 0 5 0 0 0x105500000000000 89.5967 78.5742 -492.9 3.14159 2.49248e-16 -2.29074
2 1 -2 0 6 0 0 0x106500000000000 78.5742 89.5967 -497.1 3.14159 8.20914e-17 -2.42164
2 1 -2 0 7 0 0 0x107500000000000 66.2073 99.0862 -492.9 3.14159 2.58309e-16 -2.55254
2 1 -2 0 8 0 0 0x108500000000000 52.7075 106.88 -497.1 3.14159 9.53823e-17 -2.68344
2 1 -2 0 9 0 0 0x109500000000000 38.3059 112.846 -492.9 -3.14159 2.58113e-16 -2.81434
2 1 -2 0 10 0 0 0x10a500000000000 23.2489 116.88 -497.1 3.14159 1.10519e-16 -2.94524
2 1 -2 0 11 0 0 0x10b500000000000 7.79409 118.915 -492.9 -3.14159 2.48672e-16 -3.07614
2 1 -2 0 12 0 0 0x10c500000000000 -7.79409 118.915 -497.1 3.14159 1.26469e-16 3.07614
2 1 -2 0 13 0 0 0x10d500000000000 -23.2489 116.88 -492.9 -3.14159 2.3063e-16 2.94524
2 1 -2 0 14 0 0 0x10e500000000000 -38.3059 112.846 -497.1 3.14159 1.42147e-16 2.81434
2 1 -2 0 15 0 0 0x10f500000000000 -52.7075 106.88 -492.9 -3.14159 2.05218e-16 2.68344
2 1 -2 0 16 0 0 0x110500000000000 -66.2073 99.0862 -497.1 3.14159 1.56484e-16 2.55254
2 1 -2 0 17 0 0 0x111500000000000 -78.5742 89.5967 -492.9 -3.14159 1.74165e-16 2.42164
2 1 -2 0 18 0 0 0x112500000000000 -89.5967 78.5742 -497.1 3.14159 1.68502e-16 2.29074
2 1 -2 0 19 0 0 0x113500000000000 -99.0862 66.2073 -492.9 -3.14159 1.3959e-16 2.15984
2 1 -2 0 20 0 0 0x114500000000000 -106.88 52.7075 -497.1 3.14159 1.77382e-16 2.02895
2 1 -2 0 21 0 0 0x115500000000000 -112.846 38.3059 -492.9 -3.14159 1.03847e-16 1.89805
2 1 -2 0 22 0 0 0x116500000000000 -116.88 23.2489 -497.1 3.14159 1.8252e-16 1.76715
2 1 -2 0 23 0 0 0x117500000000000 -118.915 7.79409 -492.9 -3.14159 6.9373e-17 1.63625
2 1 -2 0 24 0 0 0x118500000000000 -118.915 -7.79409 -497.1 -3.14159 1.83566e-16 1.50535
2 1 -2 0 25 0 0 0x119500000000000 -116.88 -23.2489 -492.9 -3.14159 3.85172e-17 1.37445
2 1 -2 0 26 0 0 0x11a500000000000 -112.846 -38.3059 -497.1 -3.14159 1.80447e-16 1.24355
2 1 -2 0 27 0 0 0x11b500000000000 -106.88 -52.7075 -492.9 -3.14159 1.33823e-17 1.11265
2 1 -2 0 28 0 0 0x11c500000000000 -99.0862 -66.2073 -497.1 -3.14159 1.73378e-16 0.981748
2 1 -2 0 29 0 0 0x11d500000000000 -89.5967 -78.5742 -492.9 -3.14159 -4.3188e-18 0.850848
2 1 -2 0 30 0 0 0x11e500000000000 -78.5742 -89.5967 -497.1 -3.14159 1.62838e-16 0.719948
2 1 -2 0 31 0 0 0x11f500000000000 -66.2073 -99.0862 -492.9 -3.14159 -1.33798e-17 0.589049
2 1 -2 0 32 0 0 0x120500000000000 -52.7075 -106.88 -497.1 -3.14159 1.49547e-16 0.458149
2 1 -2 0 33 0 0 0x121500000000000 -38.3059 -112.846 -492.9 3.14159 -1.31833e-17 0.327249
2 1 -2 0 34 0 0 0x122500000000000 -23.2489 -116.88 -497.1 -3.14159 1.34411e-16 0.19635
2 1 -2 0 35 0 0 0x123500000000000 -7.79409 -118.915 -492.9 3.14159 -3.74258e-18 0.0654498
2 1 -2 0 36 0 0 0x124500000000000 7.79409 -118.915 -497.1 -3.14159 1.1846e-16 -0.0654498
2 1 -2 0 37 0 0 0x125500000000000 23.2489 -116.88 -492.9 3.14159 1.4299e-17 -0.19635
2 1 -2 0 38 0 0 0x126500000000000 38.3059 -112.846 -497.1 -3.14159 1.02782e-16 -0.327249
2 1 -2 0 39 0 0 0x127500000000000 52.7075 -106.88 -492.9 3.14159 3.97118e-17 -0.458149
2 1 -2 0 40 0 0 0x128500000000000 66.2073 -99.0862 -497.1 -3.14159 8.84458e-17 -0.589049
2 1 -2 0 41 0 0 0x129500000000000 78.5742 -89.5967 -492.9 3.14159 7.07641e-17 -0.719948
2 1 -2 0 42 0 0 0x12a500000000000 89.5967 -78.5742 -497.1 -3.14159 7.64278e-17 -0.850848
2 1 -2 0 43 0 0 0x12b500000000000 99.0862 -66.2073 -492.9 3.14159 1.0534e-16 -0.981748
2 1 -2 0 44 0 0 0x12c500000000000 106.88 -52.7075 -497.1 -3.14159 6.75471e-17 -1.11265
2 1 -2 0 45 0 0 0x12d500000000000 112.846 -38.3059 -492.9 3.14159 1.41082e-16 -1.24355
2 1 -2 0 46 0 0 0x12e500000000000 116.88 -23.2489 -497.1 -3.14159 6.24089e-17 -1.37445
2 1 -2 0 47 0 0 0x12f500000000000 118.915 -7.79409 -492.9 3.14159 1.75556e-16 -1.50535
2 1 -2 1 0 0 0 0x140500000000000 118.915 7.79409 -582.1 3.14159 6.13634e-17 -1.63625
2 1 -2 1 1 0 0 0x141500000000000 116.88 23.2489 -577.9 3.14159 2.06412e-16 -1.76715
2 1 -2 1 2 0 0 0x142500000000000 112.846 38.3059 -582.1 3.14159 6.44819e-17 -1.89805
2 1 -2 1 3 0 0 0x143500000000000 106.88 52.7075 -577.9 3.14159 2.31547e-16 -2.02895
2 1 -2 1 4 0 0 0x144500000000000 99.0862 66.2073 -582.1 3.14159 7.15518e-17 -2.15984
2 1 -2 1 5 0 0 0x145500000000000 89.5967 78.5742 -577.9 3.14159 2.49248e-16 -2.29074
2 1 -2 1 6 0 0 0x146500000000000 78.5742 89.5967 -582.1 3.14159 8.20914e-17 -2.42164
2 1 -2 1 7 0 0 0x147500000000000 66.2073 99.0862 -577.9 3.14159 2.58309e-16 -2.55254
2 1 -2 1 8 0 0 0x148500000000000 52.7075 106.88 -582.1 3.14159 9.53823e-17 -2.68344
2 1 -2 1 9 0 0 0x149500000000000 38.3059 112.846 -577.9 -3.14159 2.58113e-16 -2.81434
2 1 -2 1 10 0 0 0x14a500000000000 23.2489 116.88 -582.1 3.14159 1.10519e-16 -2.94524
2 1 -2 1 11 0 0 0x14b500000000000 7.79409 118.915 -577.9 -3.14159 2.48672e-16 -3.07614
2 1 -2 1 12 0 0 0x14c500000000000 -7.79409 118.915 -582.1 3.14159 1.26469e-16 3.07614
2 1 -2 1 13 0 0 0x14d500000000000 -23.2489 116.88 -577.9 -3.14159 2.3063e-16 2.94524
2 1 -2 1 14 0 0 0x14e500000000000 -38.3059 112.846 -582.1 3.14159 1.42147e-16 2.81434
2 1 -2 1 15 0 0 0x14f500000000000 -52.7075 106.88 -577.9 -3.14159 2.05218e-16 2.68344
2 1 -2 1 16 0 0 0x150500000000000 -66.2073 99.0862 -582.1 3.14159 1.56484e-16 2.55254
2 1 -2 1 17 0 0 0x151500000000000 -78.5742 89.5967 -577.9 -3.14159 1.74165e-16 2.42164
2 1 -2 1 18 0 0 0x152500000000000 -89.5967 78.5742 -582.1 3.14159 1.68502e-16 2.29074
2 1 -2 1 19 0 0 0x153500000000000 -99.0862 66.2073 -577.9 -3.14159 1.3959e-16 2.15984
2 1 -2 1 20 0 0 0x154500000000000 -106.88 52.7075 -582.1 3.14159 1.77382e-16 2.02895
2 1 -2 1 21 0 0 0x155500000000000 -112.846 38.3059 -577.9 -3.14159 1.03847e-16 1.89805
2 1 -2 1 22 0 0 0x156500000000000 -116.88 23.2489 -582.1 3.14159 1.8252e-16 1.76715
2 1 -2 1 23 0 0 0x157500000000000 -118.915 7.79409 -577.9 -3.14159 6.9373e-17 1.63625
2 1 -2 1 24 0 0 0x158500000000000 -118.915 -7.79409 -582.1 -3.14159 1.83566e-16 1.50535
2 1 -2 1 25 0 0 0x159500000000000 -116.88 -23.2489 -577.9 -3.14159 3.85172e-17 1.37445
2 1 -2 1 26 0 0 0x15a500000000000 -112.846 -38.3059 -582.1 -3.14159 1.80447e-16 1.24355
2 1 -2 1 27 0 0 0x15b500000000000 -106.88 -52.7075 -577.9 -3.14159 1.33823e-17 1.11265
2 1 -2 1 28 0 0 0x15c500000000000 -99.0862 -66.2073 -582.1 -3.14159 1.73378e-16 0.981748
2 1 -2 1 29 0 0 0x15d500000000000 -89.5967 -78.5742 -577.9 -3.14159 -4.3188e-18 0.850848
2 1 -2 1 30 0 0 0x15e500000000000 -78.5742 -89.5967 -582.1 -3.14159 1.62838e-16 0.719948
2 1 -2 1 31 0 0 0x15f500000000000 -66.2073 -99.0862 -577.9 -3.14159 -1.33798e-17 0.589049
2 1 -2 1 32 0 0 0x160500000000000 -52.7075 -106.88 -582.1 -3.14159 1.49547e-16 0.458149
2 1 -2 1 33 0 0 0x161500000000000 -38.3059 -112.846 -577.9 3.14159 -1.31833e-17 0.327249
2 1 -2 1 34 0 0 0x162500000000000 -23.2489 -116.88 -582.1 -3.14159 1.34411e-16 0.19635
2 1 -2 1 35 0 0 0x163500000000000 -7.79409 -118.915 -577.9 3.14159 -3.74258e-18 0.0654498
2 1 -2 1 36 0 0 0x164500000000000 7.79409 -118.915 -582.1 -3.14159 1.1846e-16 -0.0654498
2 1 -2 1 37 0 0 0x165500000000000 23.2489 -116.88 -577.9 3.14159 1.4299e-17 -0.19635
2 1 -2 1 38 0 0 0x166500000000000 38.3059 -112.846 -582.1 -3.14159 1.02782e-16 -0.327249
2 1 -2 1 39 0 0 0x167500000000000 52.7075 -106.88 -577.9 3.14159 3.97118e-17 -0.458149
2 1 -2 1 40 0 0 0x168500000000000 66.2073 -99.0862 -582.1 -3.14159 8.84458e-17 -0.589049
2 1 -2 1 41 0 0 0x169500000000000 78.5742 -89.5967 -577.9 3.14159 7.07641e-17 -0.719948
2 1 -2 1 42 0 0 0x16a500000000000 89.5967 -78.5742 -582.1 -3.14159 7.64278e-17 -0.850848
2 1 -2 1 43 0 0 0x16b500000000000 99.0862 -66.2073 -577.9 3.14159 1.0534e-16 -0.981748
2 1 -2 1 44 0 0 0x16c500000000000 106.88 -52.7075 -582.1 -3.14159 6.75471e-17 -1.11265
2 1 -2 1 45 0 0 0x16d500000000000 112.846 -38.3059 -577.9 3.14159 1.41082e-16 -1.24355
2 1 -2 1 46 0 0 0x16e500000000000 116.88 -23.2489 -582.1 -3.14159 6.24089e-17 -1.37445
2 1 -2 1 47 0 0 0x16f500000000000 118.915 -7.79409 -577.9 3.14159 1.75556e-16 -1.50535
2 1 -2 2 0 0 0 0x180500000000000 118.915 7.79409 -652.1 3.14159 6.13634e-17 -1.63625
2 1 -2 2 1 0 0 0x181500000000000 116.88 23.2489 -647.9 3.14159 2.06412e-16 -1.76715
2 1 -2 2 2 0 0 0x182500000000000 112.846 38.3059 -652.1 3.14159 6.44819e-17 -1.89805
2 1 -2 2 3 0 0 0x183500000000000 106.88 52.7075 -647.9 3.14159 2.31547e-16 -2.02895
2 1 -2 2 4 0 0 0x184500000000000 99.0862 66.2073 -652.1 3.14159 7.15518e-17 -2.15984
2 1 -2 2 5 0 0 0x185500000000000 89.5967 78.5742 -647.9 3.14159 2.49248e-16 -2.29074
2 1 -2 2 6 0 0 0x186500000000000 78.5742 89.5967 -652.1 3.14159 8.20914e-17 -2.42164
2 1 -2 2 7 0 0 0x187500000000000 66.2073 99.0862 -647.9 3.14159 2.58309e-16 -2.55254
2 1 -2 2 8 0 0 0x188500000000000 52.7075 106.88 -652.1 3.14159 9.53823e-17 -2.68344
2 1 -2 2 9 0 0 0x189500000000000 38.3059 112.846 -647.9 -3.14159 2.58113e-16 -2.81434
2 1 -2 2 10 0 0 0x18a500000000000 23.2489 116.88 -652.1 3.14159 1.10519e-16 -2.94524
2 1 -2 2 11 0 0 0x18b500000000000 7.79409 118.915 -647.9 -3.14159 2.48672e-16 -3.07614
2 1 -2 2 12 0 0 0x18c500000000000 -7.79409 118.915 -652.1 3.14159 1.26469e-16 3.07614
2 1 -2 2 13 0 0 0x18d500000000000 -23.2489 116.88 -647.9 -3.14159 2.3063e-16 2.94524
2 1 -2 2 14 0 0 0x18e500000000000 -38.3059 112.846 -652.1 3.14159 1.42147e-16 2.81434
2 1 -2 2 15 0 0 0x18f500000000000 -52.7075 106.88 -647.9 -3.14159 2.05218e-16 2.68344
2 1 -2 2 16 0 0 0x190500000000000 -66.2073 99.0862 -652.1 3.14159 1.56484e-16 2.55254
2 1 -2 2 17 0 0 0x191500000000000 -78.5742 89.5967 -647.9 -3.14159 1.74165e-16 2.42164
2 1 -2 2 18 0 0 0x192500000000000 -89.5967 78.5742 -652.1 3.14159 1.68502e-16 2.29074
2 1 -2 2 19 0 0 0x193500000000000 -99.0862 66.2073 -647.9 -3.14159 1.3959e-16 2.15984
2 1 -2 2 20 0 0 0x194500000000000 -106.88 52.7075 -652.1 3.14159 1.77382e-16 2.02895
2 1 -2 2 21 0 0 0x195500000000000 -112.846 38.3059 -647.9 -3.14159 1.03847e-16 1.89805
2 1 -2 2 22 0 0 0x196500000000000 -116.88 23.2489 -652.1 3.14159 1.8252e-16 1.76715
2 1 -2 2 23 0 0 0x197500000000000 -118.915 7.79409 -647.9 -3.14159 6.9373e-17 1.63625
2 1 -2 2 24 0 0 0x198500000000000 -118.915 -7.79409 -652.1 -3.14159 1.83566e-16 1.50535
2 1 -2 2 25 0 0 0x199500000000000 -116.88 -23.2489 -647.9 -3.14159 3.85172e-17 1.37445
2 1 -2 2 26 0 0 0x19a500000000000 -112.846 -38.3059 -652.1 -3.14159 1.80447e-16 1.24355
2 1 -2 2 27 0 0 0x19b500000000000 -106.88 -52.7075 -647.9 -3.14159 1.33823e-17 1.11265
2 1 -2 2 28 0 0 0x19c500000000000 -99.0862 -66.2073 -652.1 -3.14159 1.73378e-16 0.981748
2 1 -2 2 29 0 0 0x19d500000000000 -89.5967 -78.5742 -647.9 -3.14159 -4.3188e-18 0.850848
2 1 -2 2 30 0 0 0x19e500000000000 -78.5742 -89.5967 -652.1 -3.14159 1.62838e-16 0.719948
2 1 -2 2 31 0 0 0x19f500000000000 -66.2073 -99.0862 -647.9 -3.14159 -1.33798e-17 0.589049
2 1 -2 2 32 0 0 0x1a0500000000000 -52.7075 -106.88 -652.1 -3.14159 1.49547e-16 0.458149
2 1 -2 2 33 0 0 0x1a1500000000000 -38.3059 -112.846 -647.9 3.14159 -1.31833e-17 0.327249
2 1 -2 2 34 0 0 0x1a2500000000000 -23.2489 -116.88 -652.1 -3.14159 1.34411e-16 0.19635
2 1 -2 2 35 0 0 0x1a3500000000000 -7.79409 -118.915 -647.9 3.14159 -3.74258e-18 0.0654498
2 1 -2 2 36 0 0 0x1a4500000000000 7.79409 -118.915 -652.1 -3.14159 1.1846e-16 -0.0654498
2 1 -2 2 37 0 0 0x1a5500000000000 23.2489 -116.88 -647.9 3.14159 1.4299e-17 -0.19635
2 1 -2 2 38 0 0 0x1a6500000000000 38.3059 -112.846 -652.1 -3.14159 1.02782e-16 -0.327249
2 1 -2 2 39 0 0 0x1a7500000000000 52.7075 -106.88 -647.9 3.14159 3.97118e-17 -0.458149
2 1 -2 2 40 0 0 0x1a8500000000000 66.2073 -99.0862 -652.1 -3.14159 8.84458e-17 -0.589049
2 1 -2 2 41 0 0 0x1a9500000000000 78.5742 -89.5967 -647.9 3.14159 7.07641e-17 -0.719948
2 1 -2 2 42 0 0 0x1aa500000000000 89.5967 -78.5742 -652.1 -3.14159 7.64278e-17 -0.850848
2 1 -2 2 43 0 0 0x1ab500000000000 99.0862 -66.2073 -647.9 3.14159 1.0534e-16 -0.981748
2 1 -2 2 44 0 0 0x1ac500000000000 106.88 -52.7075 -652.1 -3.14159 6.75471e-17 -1.11265
2 1 -2 2 45 0 0 0x1ad500000000000 112.846 -38.3059 -647.9 3.14159 1.41082e-16 -1.24355
2 1 -2 2 46 0 0 0x1ae500000000000 116.88 -23.2489 -652.1 -3.14159 6.24089e-17 -1.37445
2 1 -2 2 47 0 0 0x1af500000000000 118.915 -7.79409 -647.9 3.14159 1.75556e-16 -1.50535
2 1 0 0 0 -10 0 0x200000000000000 30.8281 12.4191 -323.322 -1.5708 1.47325 -3.14159
2 1 0 0 0 -9 0 0x200080000000000 30.8281 12.4191 -302.667 -1.5708 1.47325 -3.14159
2 1 0 0 0 -8 0 0x200100000000000 30.8281 12.4191 -282.012 -1.5708 1.47325 -3.14159
2 1 0 0 0 -7 0 0x200180000000000 30.8281 12.4191 -261.357 -1.5708 1.47325 -3.14159
2 1 0 0 0 -6 0 0x200200000000000 30.843 12.4205 -230.277 -1.5708 1.47325 -3.14159
2 1 0 0 0 -5 0 0x200280000000000 30.843 12.4205 -188.772 -1.5708 1.47325 -3.14159
2 1 0 0 0 -4 0 0x200300000000000 30.843 12.4205 -147.267 -1.5708 1.47325 -3.14159
2 1 0 0 0 -3 0 0x200380000000000 30.843 12.4205 -105.762 -1.5708 1.47325 -3.14159
2 1 0 0 0 -2 0 0x200400000000000 30.843 12.4205 -64.2575 -1.5708 1.47325 -3.14159
2 1 0 0 0 -1 0 0x200480000000000 30.843 12.4205 -22.7525 -1.5708 1.47325 -3.14159
2 1 0 0 0 0 0 0x200500000000000 30.843 12.4205 18.7525 -1.5708 1.47325 -3.14159
2 1 0 0 0 1 0 0x200580000000000 30.843 12.4205 60.2575 -1.5708 1.47325 -3.14159
2 1 0 0 0 2 0 0x200600000000000 30.843 12.4205 101.762 -1.5708 1.47325 -3.14159
2 1 0 0 0 3 0 0x200680000000000 30.843 12.4205 143.267 -1.5708 1.47325 -3.14159
2 1 0 0 0 4 0 0x200700000000000 30.843 12.4205 184.772 -1.5708 1.47325 -3.14159
2 1 0 0 0 5 0 0x200780000000000 30.843 12.4205 226.277 -1.5708 1.47325 -3.14159
2 1 0 0 0 6 0 0x200800000000000 30.8281 12.4191 257.358 -1.5708 1.47325 -3.14159
2 1 0 0 0 7 0 0x200880000000000 30.8281 12.4191 278.012 -1.5708 1.47325 -3.14159
2 1 0 0 0 8 0 0x200900000000000 30.8281 12.4191 298.667 -1.5708 1.47325 -3.14159
2 1 0 0 0 9 0 0x200980000000000 30.8281 12.4191 319.323 -1.5708 1.47325 -3.14159
2 1 0 0 1 -10 0 0x201000000000000 22.3867 24.565 -323.322 -1.5708 1.02445 -3.14159
2 1 0 0 1 -9 0 0x201080000000000 22.3867 24.565 -302.667 -1.5708 1.02445 -3.14159
2 1 0 0 1 -8 0 0x201100000000000 22.3867 24.565 -282.012 -1.5708 1.02445 -3.14159
2 1 0 0 1 -7 0 0x201180000000000 22.3867 24.565 -261.357 -1.5708 1.02445 -3.14159
2 1 0 0 1 -6 0 0x201200000000000 22.3996 24.5728 -230.277 -1.5708 1.02445 -3.14159
2 1 0 0 1 -5 0 0x201280000000000 22.3996 24.5728 -188.772 -1.5708 1.02445 -3.14159
2 1 0 0 1 -4 0 0x201300000000000 22.3996 24.5728 -147.267 -1.5708 1.02445 -3.14159
2 1 0 0 1 -3 0 0x201380000000000 22.3996 24.5728 -105.762 -1.5708 1.02445 -3.14159
2 1 0 0 1 -2 0 0x201400000000000 22.3996 24.5728 -64.2575 -1.5708 1.02445 -3.14159
2 1 0 0 1 -1 0 0x201480000000000 22.3996 24.5728 -22.7525 -1.5708 1.02445 -3.14159
2 1 0 0 1 0 0 0x201500000000000 22.3996 24.5728 18.7525 -1.5708 1.02445 -3.14159
2 1 0 0 1 1 0 0x201580000000000 22.3996 24.5728 60.2575 -1.5708 1.02445 -3.14159
2 1 0 0 1 2 0 0x201600000000000 22.3996 24.5728 101.762 -1.5708 1.02445 -3.14159
2 1 0 0 1 3 0 0x201680000000000 22.3996 24.5728 143.267 -1.5708 1.02445 -3.14159
2 1 0 0 1 4 0 0x201700000000000 22.3996 24.5728 184.772 -1.5708 1.02445 -3.14159
2 1 0 0 1 5 0 0x201780000000000 22.3996 24.5728 226.277 -1.5708 1.02445 -3.14159
2 1 0 0 1 6 0 0x201800000000000 22.3867 24.565 257.358 -1.5708 1.02445 -3.14159
2 1 0 0 1 7 0 0x201880000000000 22.3867 24.565 278.012 -1.5708 1.02445 -3.14159
2 1 0 0 1 8 0 0x201900000000000 22.3867 24.565 298.667 -1.5708 1.02445 -3.14159
2 1 0 0 1 9 0 0x201980000000000 22.3867 24.565 319.323 -1.5708 1.02445 -3.14159
2 1 0 0 2 -10 0 0x202000000000000 9.51141 31.8455 -323.322 -1.5708 0.575652 -3.14159
2 1 0 0 2 -9 0 0x202080000000000 9.51141 31.8455 -302.667 -1.5708 0.575652 -3.14159
2 1 0 0 2 -8 0 0x202100000000000 9.51141 31.8455 -282.012 -1.5708 0.575652 -3.14159
2 1 0 0 2 -7 0 0x202180000000000 9.51141 31.8455 -261.357 -1.5708 0.575652 -3.14159
2 1 0 0 2 -6 0 0x202200000000000 9.51957 31.8581 -230.277 -1.5708 0.575652 -3.14159
2 1 0 0 2 -5 0 0x202280000000000 9.51957 31.8581 -188.772 -1.5708 0.575652 -3.14159
2 1 0 0 2 -4 0 0x202300000000000 9.51957 31.8581 -147.267 -1.5708 0.575652 -3.14159
2 1 0 0 2 -3 0 0x202380000000000 9.51957 31.8581 -105.762 -1.5708 0.575652 -3.14159
2 1 0 0 2 -2 0 0x202400000000000 9.51957 31.8581 -64.2575 -1.5708 0.575652 -3.14159
2 1 0 0 2 -1 0 0x202480000000000 9.51957 31.8581 -22.7525 -1.5708 0.575652 -3.14159
2 1 0 0 2 0 0 0x202500000000000 9.51957 31.8581 18.7525 -1.5708 0.575652 -3.14159
2 1 0 0 2 1 0 0x202580000000000 9.51957 31.8581 60.2575 -1.5708 0.575652 -3.14159
2 1 0 0 2 2 0 0x202600000000000 9.51957 31.8581 101.762 -1.5708 0.575652 -3.14159
2 1 0 0 2 3 0 0x202680000000000 9.51957 31.8581 143.267 -1.5708 0.575652 -3.14159
2 1 0 0 2 4 0 0x202700000000000 9.51957 31.8581 184.772 -1.5708 0.575652 -3.14159
2 1 0 0 2 5 0 0x202780000000000 9.51957 31.8581 226.277 -1.5708 0.575652 -3.14159
2 1 0 0 2 6 0 0x202800000000000 9.51141 31.8455 257.358 -1.5708 0.575652 -3.14159
2 1 0 0 2 7 0 0x202880000000000 9.51141 31.8455 278.012 -1.5708 0.575652 -3.14159
2 1 0 0 2 8 0 0x202900000000000 9.51141 31.8455 298.667 -1.5708 0.575652 -3.14159
2 1 0 0 2 9 0 0x202980000000000 9.51141 31.8455 319.323 -1.5708 0.575652 -3.14159
2 1 0 0 3 -10 0 0x203000000000000 -5.24778 32.8187 -323.322 -1.5708 0.126853 -3.14159
2 1 0 0 3 -9 0 0x203080000000000 -5.24778 32.8187 -302.667 -1.5708 0.126853 -3.14159
2 1 0 0 3 -8 0 0x203100000000000 -5.24778 32.8187 -282.012 -1.5708 0.126853 -3.14159
2 1 0 0 3 -7 0 0x203180000000000 -5.24778 32.8187 -261.357 -1.5708 0.126853 -3.14159
2 1 0 0 3 -6 0 0x203200000000000 -5.24588 32.8336 -230.277 -1.5708 0.126853 -3.14159
2 1 0 0 3 -5 0 0x203280000000000 -5.24588 32.8336 -188.772 -1.5708 0.126853 -3.14159
2 1 0 0 3 -4 0 0x203300000000000 -5.24588 32.8336 -147.267 -1.5708 0.126853 -3.14159
2 1 0 0 3 -3 0 0x203380000000000 -5.24588 32.8336 -105.762 -1.5708 0.126853 -3.14159
2 1 0 0 3 -2 0 0x203400000000000 -5.24588 32.8336 -64.2575 -1.5708 0.126853 -3.14159
2 1 0 0 3 -1 0 0x203480000000000 -5.24588 32.8336 -22.7525 -1.5708 0.126853 -3.14159
2 1 0 0 3 0 0 0x203500000000000 -5.24588 32.8336 18.7525 -1.5708 0.126853 -3.14159
2 1 0 0 3 1 0 0x203580000000000 -5.24588 32.8336 60.2575 -1.5708 0.126853 -3.14159
2 1 0 0 3 2 0 0x203600000000000 -5.24588 32.8336 101.762 -1.5708 0.126853 -3.14159
2 1 0 0 3 3 0 0x203680000000000 -5.24588 32.8336 143.267 -1.5708 0.126853 -3.14159
2 1 0 0 3 4 0 0x203700000000000 -5.24588 32.8336 184.772 -1.5708 0.126853 -3.14159
2 1 0 0 3 5 0 0x203780000000000 -5.24588 32.8336 226.277 -1.5708 0.126853 -3.14159
2 1 0 0 3 6 0 0x203800000000000 -5.24778 32.8187 257.357 -1.5708 0.126853 -3.14159
2 1 0 0 3 7 0 0x203880000000000 -5.24778 32.8187 278.012 -1.5708 0.126853 -3.14159
2 1 0 0 3 8 0 0x203900000000000 -5.24778 32.8187 298.667 -1.5708 0.126853 -3.14159
2 1 0 0 3 9 0 0x203980000000000 -5.24778 32.8187 319.322 -1.5708 0.126853 -3.14159
2 1 0 0 4 -10 0 0x204000000000000 -18.9676 27.2917 -323.322 -1.5708 -0.321946 -3.14159
2 1 0 0 4 -9 0 0x204080000000000 -18.9676 27.2917 -302.667 -1.5708 -0.321946 -3.14159
2 1 0 0 4 -8 0 0x204100000000000 -18.9676 27.2917 -282.012 -1.5708 -0.321946 -3.14159
2 1 0 0 4 -7 0 0x204180000000000 -18.9676 27.2917 -261.357 -1.5708 -0.321946 -3.14159
2 1 0 0 4 -6 0 0x204200000000000 -18.9723 27.3059 -230.277 -1.5708 -0.321946 -3.14159
2 1 0 0 4 -5 0 0x204280000000000 -18.9723 27.3059 -188.772 -1.5708 -0.321946 -3.14159
2 1 0 0 4 -4 0 0x204300000000000 -18.9723 27.3059 -147.267 -1.5708 -0.321946 -3.14159
2 1 0 0 4 -3 0 0x204380000000000 -18.9723 27.3059 -105.762 -1.5708 -0.321946 -3.14159
2 1 0 0 4 -2 0 0x204400000000000 -18.9723 27.3059 -64.2575 -1.5708 -0.321946 -3.14159
2 1 0 0 4 -1 0 0x204480000000000 -18.9723 27.3059 -22.7525 -1.5708 -0.321946 -3.14159
2 1 0 0 4 0 0 0x204500000000000 -18.9723 27.3059 18.7525 -1.5708 -0.321946 -3.14159
2 1 0 0 4 1 0 0x204580000000000 -18.9723 27.3059 60.2575 -1.5708 -0.321946 -3.14159
2 1 0 0 4 2 0 0x204600000000000 -18.9723 27.3059 101.762 -1.5708 -0.321946 -3.14159
2 1 0 0 4 3 0 0x204680000000000 -18.9723 27.3059 143.267 -1.5708 -0.321946 -3.14159
2 1 0 0 4 4 0 0x204700000000000 -18.9723 27.3059 184.772 -1.5708 -0.321946 -3.14159
2 1 0 0 4 5 0 0x204780000000000 -18.9723 27.3059 226.277 -1.5708 -0.321946 -3.14159
2 1 0 0 4 6 0 0x204800000000000 -18.9676 27.2917 257.358 -1.5708 -0.321946 -3.14159
2 1 0 0 4 7 0 0x204880000000000 -18.9676 27.2917 278.012 -1.5708 -0.321946 -3.14159
2 1 0 0 4 8 0 0x204900000000000 -18.9676 27.2917 298.667 -1.5708 -0.321946 -3.14159
2 1 0 0 4 9 0 0x204980000000000 -18.9676 27.2917 319.323 -1.5708 -0.321946 -3.14159
2 1 0 0 5 -10 0 0x205000000000000 -28.9306 16.3592 -323.322 -1.5708 -0.770745 -3.14159
2 1 0 0 5 -9 0 0x205080000000000 -28.9306 16.3592 -302.667 -1.5708 -0.770745 -3.14159
2 1 0 0 5 -8 0 0x205100000000000 -28.9306 16.3592 -282.012 -1.5708 -0.770745 -3.14159
2 1 0 0 5 -7 0 0x205180000000000 -28.9306 16.3592 -261.357 -1.5708 -0.770745 -3.14159
2 1 0 0 5 -6 0 0x205200000000000 -28.9411 16.37 -230.277 -1.5708 -0.770745 -3.14159
2 1 0 0 5 -5 0 0x205280000000000 -28.9411 16.37 -188.772 -1.5708 -0.770745 -3.14159
2 1 0 0 5 -4 0 0x205300000000000 -28.9411 16.37 -147.267 -1.5708 -0.770745 -3.14159
2 1 0 0 5 -3 0 0x205380000000000 -28.9411 16.37 -105.762 -1.5708 -0.770745 -3.14159
2 1 0 0 5 -2 0 0x205400000000000 -28.9411 16.37 -64.2575 -1.5708 -0.770745 -3.14159
2 1 0 0 5 -1 0 0x205480000000000 -28.9411 16.37 -22.7525 -1.5708 -0.770745 -3.14159
2 1 0 0 5 0 0 0x205500000000000 -28.9411 16.37 18.7525 -1.5708 -0.770745 -3.14159
2 1 0 0 5 1 0 0x205580000000000 -28.9411 16.37 60.2575 -1.5708 -0.770745 -3.14159
2 1 0 0 5 2 0 0x205600000000000 -28.9411 16.37 101.762 -1.5708 -0.770745 -3.14159
2 1 0 0 5 3 0 0x205680000000000 -28.9411 16.37 143.267 -1.5708 -0.770745 -3.14159
2 1 0 0 5 4 0 0x205700000000000 -28.9411 16.37 184.772 -1.5708 -0.770745 -3.14159
2 1 0 0 5 5 0 0x205780000000000 -28.9411 16.37 226.277 -1.5708 -0.770745 -3.14159
2 1 0 0 5 6 0 0x205800000000000 -28.9306 16.3592 257.358 -1.5708 -0.770745 -3.14159
2 1 0 0 5 7 0 0x205880000000000 -28.9306 16.3592 278.012 -1.5708 -0.770745 -3.14159
2 1 0 0 5 8 0 0x205900000000000 -28.9306 16.3592 298.667 -1.5708 -0.770745 -3.14159
2 1 0 0 5 9 0 0x205980000000000 -28.9306 16.3592 319.323 -1.5708 -0.770745 -3.14159
2 1 0 0 6 -10 0 0x206000000000000 -33.1636 2.18664 -323.322 -1.5708 -1.21954 -3.14159
2 1 0 0 6 -9 0 0x206080000000000 -33.1636 2.18664 -302.667 -1.5708 -1.21954 -3.14159
2 1 0 0 6 -8 0 0x206100000000000 -33.1636 2.18664 -282.012 -1.5708 -1.21954 -3.14159
2 1 0 0 6 -7 0 0x206180000000000 -33.1636 2.18664 -261.357 -1.5708 -1.21954 -3.14159
2 1 0 0 6 -6 0 0x206200000000000 -33.1777 2.1918 -230.277 -1.5708 -1.21954 -3.14159
2 1 0 0 6 -5 0 0x206280000000000 -33.1777 2.1918 -188.772 -1.5708 -1.21954 -3.14159
2 1 0 0 6 -4 0 0x206300000000000 -33.1777 2.1918 -147.267 -1.5708 -1.21954 -3.14159
2 1 0 0 6 -3 0 0x206380000000000 -33.1777 2.1918 -105.762 -1.5708 -1.21954 -3.14159
2 1 0 0 6 -2 0 0x206400000000000 -33.1777 2.1918 -64.2575 -1.5708 -1.21954 -3.14159
2 1 0 0 6 -1 0 0x206480000000000 -33.1777 2.1918 -22.7525 -1.5708 -1.21954 -3.14159
2 1 0 0 6 0 0 0x206500000000000 -33.1777 2.1918 18.7525 -1.5708 -1.21954 -3.14159
2 1 0 0 6 1 0 0x206580000000000 -33.1777 2.1918 60.2575 -1.5708 -1.21954 -3.14159
2 1 0 0 6 2 0 0x206600000000000 -33.1777 2.1918 101.762 -1.5708 -1.21954 -3.14159
2 1 0 0 6 3 0 0x206680000000000 -33.1777 2.1918 143.267 -1.5708 -1.21954 -3.14159
2 1 0 0 6 4 0 0x206700000000000 -33.1777 2.1918 184.772 -1.5708 -1.21954 -3.14159
2 1 0 0 6 5 0 0x206780000000000 -33.1777 2.1918 226.277 -1.5708 -1.21954 -3.14159
2 1 0 0 6 6 0 0x206800000000000 -33.1636 2.18664 257.358 -1.5708 -1.21954 -3.14159
2 1 0 0 6 7 0 0x206880000000000 -33.1636 2.18664 278.012 -1.5708 -1.21954 -3.14159
2 1 0 0 6 8 0 0x206900000000000 -33.1636 2.18664 298.667 -1.5708 -1.21954 -3.14159
2 1 0 0 6 9 0 0x206980000000000 -33.1636 2.18664 319.323 -1.5708 -1.21954 -3.14159
2 1 0 0 7 -10 0 0x207000000000000 -30.8281 -12.4191 -323.322 1.5708 -1.47325 0
2 1 0 0 7 -9 0 0x207080000000000 -30.8281 -12.4191 -302.667 1.5708 -1.47325 0
2 1 0 0 7 -8 0 0x207100000000000 -30.8281 -12.4191 -282.012 1.5708 -1.47325 0
2 1 0 0 7 -7 0 0x207180000000000 -30.8281 -12.4191 -261.357 1.5708 -1.47325 0
2 1 0 0 7 -6 0 0x207200000000000 -30.843 -12.4205 -230.277 1.5708 -1.47325 0
2 1 0 0 7 -5 0 0x207280000000000 -30.843 -12.4205 -188.772 1.5708 -1.47325 0
2 1 0 0 7 -4 0 0x207300000000000 -30.843 -12.4205 -147.267 1.5708 -1.47325 0
2 1 0 0 7 -3 0 0x207380000000000 -30.843 -12.4205 -105.762 1.5708 -1.47325 0
2 1 0 0 7 -2 0 0x207400000000000 -30.843 -12.4205 -64.2575 1.5708 -1.47325 0
2 1 0 0 7 -1 0 0x207480000000000 -30.843 -12.4205 -22.7525 1.5708 -1.47325 0
2 1 0 0 7 0 0 0x207500000000000 -30.843 -12.4205 18.7525 1.5708 -1.47325 0
2 1 0 0 7 1 0 0x207580000000000 -30.843 -12.4205 60.2575 1.5708 -1.47325 0
2 1 0 0 7 2 0 0x207600000000000 -30.843 -12.4205 101.762 1.5708 -1.47325 0
2 1 0 0 7 3 0 0x207680000000000 -30.843 -12.4205 143.267 1.5708 -1.47325 0
2 1 0 0 7 4 0 0x207700000000000 -30.843 -12.4205 184.772 1.5708 -1.47325 0
2 1 0 0 7 5 0 0x207780000000000 -30.843 -12.4205 226.277 1.5708 -1.47325 0
2 1 0 0 7 6 0 0x207800000000000 -30.8281 -12.4191 257.358 1.5708 -1.47325 0
2 1 0 0 7 7 0 0x207880000000000 -30.8281 -12.4191 278.012 1.5708 -1.47325 0
2 1 0 0 7 8 0 0x207900000000000 -30.8281 -12.4191 298.667 1.5708 -1.47325 0
2 1 0 0 7 9 0 0x207980000000000 -30.8281 -12.4191 319.323 1.5708 -1.47325 0
2 1 0 0 8 -10 0 0x208000000000000 -22.3867 -24.565 -323.322 1.5708 -1.02445 0
2 1 0 0 8 -9 0 0x208080000000000 -22.3867 -24.565 -302.667 1.5708 -1.02445 0
2 1 0 0 8 -8 0 0x208100000000000 -22.3867 -24.565 -282.012 1.5708 -1.02445 0
2 1 0 0 8 -7 0 0x208180000000000 -22.3867 -24.565 -261.357 1.5708 -1.02445 0
2 1 0 0 8 -6 0 0x208200000000000 -22.3996 -24.5728 -230.277 1.5708 -1.02445 0
2 1 0 0 8 -5 0 0x208280000000000 -22.3996 -24.5728 -188.772 1.5708 -1.02445 0
2 1 0 0 8 -4 0 0x208300000000000 -22.3996 -24.5728 -147.267 1.5708 -1.02445 0
2 1 0 0 8 -3 0 0x208380000000000 -22.3996 -24.5728 -105.762 1.5708 -1.02445 0
2 1 0 0 8 -2 0 0x208400000000000 -22.3996 -24.5728 -64.2575 1.5708 -1.02445 0
2 1 0 0 8 -1 0 0x208480000000000 -22.3996 -24.5728 -22.7525 1.5708 -1.02445 0
2 1 0 0 8 0 0 0x208500000000000 -22.3996 -24.5728 18.7525 1.5708 -1.02445 0
2 1 0 0 8 1 0 0x208580000000000 -22.3996 -24.5728 60.2575 1.5708 -1.02445 0
2 1 0 0 8 2 0 0x208600000000000 -22.3996 -24.5728 101.762 1.5708 -1.02445 0
2 1 0 0 8 3 0 0x208680000000000 -22.3996 -24.5728 143.267 1.5708 -1.02445 0
2 1 0 0 8 4 0 0x208700000000000 -22.3996 -24.5728 184.772 1.5708 -1.02445 0
2 1 0 0 8 5 0 0x208780000000000 -22.3996 -24.5728 226.277 1.5708 -1.02445 0
2 1 0 0 8 6 0 0x208800000000000 -22.3867 -24.565 257.358 1.5708 -1.02445 0
2 1 0 0 8 7 0 0x208880000000000 -22.3867 -24.565 278.012 1.5708 -1.02445 0
2 1 0 0 8 8 0 0x208900000000000 -22.3867 -24.565 298.667 1.5708 -1.02445 0
2 1 0 0 8 9 0 0x208980000000000 -22.3867 -24.565 319.323 1.5708 -1.02445 0
2 1 0 0 9 -10 0 0x209000000000000 -9.51141 -31.8455 -323.322 1.5708 -0.575652 0
2 1 0 0 9 -9 0 0x209080000000000 -9.51141 -31.8455 -302.667 1.5708 -0.575652 0
2 1 0 0 9 -8 0 0x209100000000000 -9.51141 -31.8455 -282.012 1.5708 -0.575652 0
2 1 0 0 9 -7 0 0x209180000000000 -9.51141 -31.8455 -261.357 1.5708 -0.575652 0
2 1 0 0 9 -6 0 0x209200000000000 -9.51957 -31.8581 -230.277 1.5708 -0.575652 0
2 1 0 0 9 -5 0 0x209280000000000 -9.51957 -31.8581 -188.772 1.5708 -0.575652 0
2 1 0 0 9 -4 0 0x209300000000000 -9.51957 -31.8581 -147.267 1.5708 -0.575652 0
2 1 0 0 9 -3 0 0x209380000000000 -9.51957 -31.8581 -105.762 1.5708 -0.575652 0
2 1 0 0 9 -2 0 0x209400000000000 -9.51957 -31.8581 -64.2575 1.5708 -0.575652 0
2 1 0 0 9 -1 0 0x209480000000000 -9.51957 -31.8581 -22.7525 1.5708 -0.575652 0
2 1 0 0 9 0 0 0x209500000000000 -9.51957 -31.8581 18.7525 1.5708 -0.575652 0
2 1 0 0 9 1 0 0x209580000000000 -9.51957 -31.8581 60.2575 1.5708 -0.575652 0
2 1 0 0 9 2 0 0x209600000000000 -9.51957 -31.8581 101.762 1.5708 -0.575652 0
2 1 0 0 9 3 0 0x209680000000000 -9.51957 -31.8581 143.267 1.5708 -0.575652 0
2 1 0 0 9 4 0 0x209700000000000 -9.51957 -31.8581 184.772 1.5708 -0.575652 0
2 1 0 0 9 5 0 0x209780000000000 -9.51957 -31.8581 226.277 1.5708 -0.575652 0
2 1 0 0 9 6 0 0x209800000000000 -9.51141 -31.8455 257.358 1.5708 -0.575652 0
2 1 0 0 9 7 0 0x209880000000000 -9.51141 -31.8455 278.012 1.5708 -0.575652 0
2 1 0 0 9 8 0 0x209900000000000 -9.51141 -31.8455 298.667 1.5708 -0.575652 0
2 1 0 0 9 9 0 0x209980000000000 -9.51141 -31.8455 319.323 1.5708 -0.575652 0
2 1 0 0 10 -10 0 0x20a000000000000 5.24778 -32.8187 -323.322 1.5708 -0.126853 0
2 1 0 0 10 -9 0 0x20a080000000000 5.24778 -32.8187 -302.667 1.5708 -0.126853 0
2 1 0 0 10 -8 0 0x20a100000000000 5.24778 -32.8187 -282.012 1.5708 -0.126853 0
2 1 0 0 10 -7 0 0x20a180000000000 5.24778 -32.8187 -261.357 1.5708 -0.126853 0
2 1 0 0 10 -6 0 0x20a200000000000 5.24588 -32.8336 -230.277 1.5708 -0.126853 0
2 1 0 0 10 -5 0 0x20a280000000000 5.24588 -32.8336 -188.772 1.5708 -0.126853 0
2 1 0 0 10 -4 0 0x20a300000000000 5.24588 -32.8336 -147.267 1.5708 -0.126853 0
2 1 0 0 10 -3 0 0x20a380000000000 5.24588 -32.8336 -105.762 1.5708 -0.126853 0
2 1 0 0 10 -2 0 0x20a400000000000 5.24588 -32.8336 -64.2575 1.5708 -0.126853 0
2 1 0 0 10 -1 0 0x20a480000000000 5.24588 -32.8336 -22.7525 1.5708 -0.126853 0
2 1 0 0 10 0 0 0x20a500000000000 5.24588 -32.8336 18.7525 1.5708 -0.126853 0
2 1 0 0 10 1 0 0x20a580000000000 5.24588 -32.8336 60.2575 1.5708 -0.126853 0
2 1 0 0 10 2 0 0x20a600000000000 5.24588 -32.8336 101.762 1.5708 -0.126853 0
2 1 0 0 10 3 0 0x20a680000000000 5.24588 -32.8336 143.267 1.5708 -0.126853 0
2 1 0 0 10 4 0 0x20a700000000000 5.24588 -32.8336 184.772 1.5708 -0.126853 0
2 1 0 0 10 5 0 0x20a780000000000 5.24588 -32.8336 226.277 1.5708 -0.126853 0
2 1 0 0 10 6 0 0x20a800000000000 5.24778 -32.8187 257.358 1.5708 -0.126853 0
2 1 0 0 10 7 0 0x20a880000000000 5.24778 -32.8187 278.012 1.5708 -0.126853 0
2 1 0 0 10 8 0 0x20a900000000000 5.24778 -32.8187 298.667 1.5708 -0.126853 0
2 1 0 0 10 9 0 0x20a980000000000 5.24778 -32.8187 319.323 1.5708 -0.126853 0
2 1 0 0 11 -10 0 0x20b000000000000 18.9676 -27.2917 -323.322 1.5708 0.321946 0
2 1 0 0 11 -9 0 0x20b080000000000 18.9676 -27.2917 -302.667 1.5708 0.321946 0
2 1 0 0 11 -8 0 0x20b100000000000 18.9676 -27.2917 -282.012 1.5708 0.321946 0
2 1 0 0 11 -7 0 0x20b180000000000 18.9676 -27.2917 -261.357 1.5708 0.321946 0
2 1 0 0 11 -6 0 0x20b200000000000 18.9723 -27.3059 -230.277 1.5708 0.321946 0
2 1 0 0 11 -5 0 0x20b280000000000 18.9723 -27.3059 -188.772 1.5708 0.321946 0
2 1 0 0 11 -4 0 0x20b300000000000 18.9723 -27.3059 -147.267 1.5708 0.321946 0
2 1 0 0 11 -3 0 0x20b380000000000 18.9723 -27.3059 -105.762 1.5708 0.321946 0
2 1 0 0 11 -2 0 0x20b400000000000 18.9723 -27.3059 -64.2575 1.5708 0.321946 0
2 1 0 0 11 -1 0 0x20b480000000000 18.9723 -27.3059 -22.7525 1.5708 0.321946 0
2 1 0 0 11 0 0 0x20b500000000000 18.9723 -27.3059 18.7525 1.5708 0.321946 0
2 1 0 0 11 1 0 0x20b580000000000 18.9723 -27.3059 60.2575 1.5708 0.321946 0
2 1 0 0 11 2 0 0x20b600000000000 18.9723 -27.3059 101.762 1.5708 0.321946 0
2 1 0 0 11 3 0 0x20b680000000000 18.9723 -27.3059 143.267 1.5708 0.321946 0
2 1 0 0 11 4 0 0x20b700000000000 18.9723 -27.3059 184.772 1.5708 0.321946 0
2 1 0 0 11 5 0 0x20b780000000000 18.9723 -27.3059 226.277 1.5708 0.321946 0
2 1 0 0 11 6 0 0x20b800000000000 18.9676 -27.2917 257.358 1.5708 0.321946 0
2 1 0 0 11 7 0 0x20b880000000000 18.9676 -27.2917 278.012 1.5708 0.321946 0
2 1 0 0 11 8 0 0x20b900000000000 18.9676 -27.2917 298.667 1.5708 0.321946 0
2 1 0 0 11 9 0 0x20b980000000000 18.9676 -27.2917 319.323 1.5708 0.321946 0
2 1 0 0 12 -10 0 0x20c000000000000 28.9306 -16.3592 -323.322 1.5708 0.770745 0
2 1 0 0 12 -9 0 0x20c080000000000 28.9306 -16.3592 -302.667 1.5708 0.770745 0
2 1 0 0 12 -8 0 0x20c100000000000 28.9306 -16.3592 -282.012 1.5708 0.770745 0
2 1 0 0 12 -7 0 0x20c180000000000 28.9306 -16.3592 -261.357 1.5708 0.770745 0
2 1 0 0 12 -6 0 0x20c200000000000 28.9411 -16.37 -230.277 1.5708 0.770745 0
2 1 0 0 12 -5 0 0x20c280000000000 28.9411 -16.37 -188.772 1.5708 0.770745 0
2 1 0 0 12 -4 0 0x20c300000000000 28.9411 -16.37 -147.267 1.5708 0.770745 0
2 1 0 0 12 -3 0 0x20c380000000000 28.9411 -16.37 -105.762 1.5708 0.770745 0
2 1 0 0 12 -2 0 0x20c400000000000 28.9411 -16.37 -64.2575 1.5708 0.770745 0
2 1 0 0 12 -1 0 0x20c480000000000 28.9411 -16.37 -22.7525 1.5708 0.770745 0
2 1 0 0 12 0 0 0x20c500000000000 28.9411 -16.37 18.7525 1.5708 0.770745 0
2 1 0 0 12 1 0 0x20c580000000000 28.9411 -16.37 60.2575 1.5708 0.770745 0
2 1 0 0 12 2 0 0x20c600000000000 28.9411 -16.37 101.762 1.5708 0.770745 0
2 1 0 0 12 3 0 0x20c680000000000 28.9411 -16.37 143.267 1.5708 0.770745 0
2 1 0 0 12 4 0 0x20c700000000000 28.9411 -16.37 184.772 1.5708 0.770745 0
2 1 0 0 12 5 0 0x20c780000000000 28.9411 -16.37 226.277 1.5708 0.770745 0
2 1 0 0 12 6 0 0x20c800000000000 28.9306 -16.3592 257.358 1.5708 0.770745 0
2 1 0 0 12 7 0 0x20c880000000000 28.9306 -16.3592 278.012 1.5708 0.770745 0
2 1 0 0 12 8 0 0x20c900000000000 28.9306 -16.3592 298.667 1.5708 0.770745 0
2 1 0 0 12 9 0 0x20c980000000000 28.9306 -16.3592 319.323 1.5708 0.770745 0
2 1 0 0 13 -10 0 0x20d000000000000 33.1636 -2.18664 -323.322 1.5708 1.21954 0
2 1 0 0 13 -9 0 0x20d080000000000 33.1636 -2.18664 -302.667 1.5708 1.21954 0
2 1 0 0 13 -8 0 0x20d100000000000 33.1636 -2.18664 -282.012 1.5708 1.21954 0
2 1 0 0 13 -7 0 0x20d180000000000 33.1636 -2.18664 -261.357 1.5708 1.21954 0
2 1 0 0 13 -6 0 0x20d200000000000 33.1777 -2.1918 -230.277 1.5708 1.21954 0
2 1 0 0 13 -5 0 0x20d280000000000 33.1777 -2.1918 -188.772 1.5708 1.21954 0
2 1 0 0 13 -4 0 0x20d300000000000 33.1777 -2.1918 -147.267 1.5708 1.21954 0
2 1 0 0 13 -3 0 0x20d380000000000 33.1777 -2.1918 -105.762 1.5708 1.21954 0
2 1 0 0 13 -2 0 0x20d400000000000 33.1777 -2.1918 -64.2575 1.5708 1.21954 0
2 1 0 0 13 -1 0 0x20d480000000000 33.1777 -2.1918 -22.7525 1.5708 1.21954 0
2 1 0 0 13 0 0 0x20d500000000000 33.1777 -2.1918 18.7525 1.5708 1.21954 0
2 1 0 0 13 1 0 0x20d580000000000 33.1777 -2.1918 60.2575 1.5708 1.21954 0
2 1 0 0 13 2 0 0x20d600000000000 33.1777 -2.1918 101.762 1.5708 1.21954 0
2 1 0 0 13 3 0 0x20d680000000000 33.1777 -2.1918 143.267 1.5708 1.21954 0
2 1 0 0 13 4 0 0x20d700000000000 33.1777 -2.1918 184.772 1.5708 1.21954 0
2 1 0 0 13 5 0 0x20d780000000000 33.1777 -2.1918 226.277 1.5708 1.21954 0
2 1 0 0 13 6 0 0x20d800000000000 33.1636 -2.18664 257.358 1.5708 1.21954 0
2 1 0 0 13 7 0 0x20d880000000000 33.1636 -2.18664 278.012 1.5708 1.21954 0
2 1 0 0 13 8 0 0x20d900000000000 33.1636 -2.18664 298.667 1.5708 1.21954 0
2 1 0 0 13 9 0 0x20d980000000000 33.1636 -2.18664 319.323 1.5708 1.21954 0
2 1 0 1 0 -6 0 0x240200000000000 50.5 0 -370.308 1.62688 1.22122 -0.0526957
2 1 0 1 0 -5 0 0x240280000000000 50.5 0 -308.59 1.62688 1.22122 -0.0526957
2 1 0 1 0 -4 0 0x240300000000000 50.5 0 -246.872 1.62688 1.22122 -0.0526957
2 1 0 1 0 -3 0 0x240380000000000 50.5 0 -185.154 1.62688 1.22122 -0.0526957
2 1 0 1 0 -2 0 0x240400000000000 50.5 0 -123.436 1.62688 1.22122 -0.0526957
2 1 0 1 0 -1 0 0x240480000000000 50.5 0 -61.718 1.62688 1.22122 -0.0526957
2 1 0 1 0 0 0 0x240500000000000 49.9362 0.205212 0 1.5708 1.22173 0
2 1 0 1 0 1 0 0x240580000000000 50.5 0 61.718 1.51472 1.22122 0.0526957
2 1 0 1 0 2 0 0x240600000000000 50.5 0 123.436 1.51472 1.22122 0.0526957
2 1 0 1 0 3 0 0x240680000000000 50.5 0 185.154 1.51472 1.22122 0.0526957
2 1 0 1 0 4 0 0x240700000000000 50.5 0 246.872 1.51472 1.22122 0.0526957
2 1 0 1 0 5 0 0x240780000000000 50.5 0 308.59 1.51472 1.22122 0.0526957
2 1 0 1 0 6 0 0x240800000000000 50.5 0 370.308 1.51472 1.22122 0.0526957
2 1 0 1 1 -6 0 0x241200000000000 48.4544 14.2275 -370.308 1.86477 1.50449 -0.29336
2 1 0 1 1 -5 0 0x241280000000000 48.4544 14.2275 -308.59 1.86477 1.50449 -0.29336
2 1 0 1 1 -4 0 0x241300000000000 48.4544 14.2275 -246.872 1.86477 1.50449 -0.29336
2 1 0 1 1 -3 0 0x241380000000000 48.4544 14.2275 -185.154 1.86477 1.50449 -0.29336
2 1 0 1 1 -2 0 0x241400000000000 48.4544 14.2275 -123.436 1.86477 1.50449 -0.29336
2 1 0 1 1 -1 0 0x241480000000000 48.4544 14.2275 -61.718 1.86477 1.50449 -0.29336
2 1 0 1 1 0 0 0x241500000000000 47.8556 14.2655 0 1.5708 1.50733 0
2 1 0 1 1 1 0 0x241580000000000 48.4544 14.2275 61.718 1.27683 1.50449 0.29336
2 1 0 1 1 2 0 0x241600000000000 48.4544 14.2275 123.436 1.27683 1.50449 0.29336
2 1 0 1 1 3 0 0x241680000000000 48.4544 14.2275 185.154 1.27683 1.50449 0.29336
2 1 0 1 1 4 0 0x241700000000000 48.4544 14.2275 246.872 1.27683 1.50449 0.29336
2 1 0 1 1 5 0 0x241780000000000 48.4544 14.2275 308.59 1.27683 1.50449 0.29336
2 1 0 1 1 6 0 0x241800000000000 48.4544 14.2275 370.308 1.27683 1.50449 0.29336
2 1 0 1 2 -6 0 0x242200000000000 42.4833 27.3024 -370.308 -1.65773 1.34785 -3.0568
2 1 0 1 2 -5 0 0x242280000000000 42.4833 27.3024 -308.59 -1.65773 1.34785 -3.0568
2 1 0 1 2 -4 0 0x242300000000000 42.4833 27.3024 -246.872 -1.65773 1.34785 -3.0568
2 1 0 1 2 -3 0 0x242380000000000 42.4833 27.3024 -185.154 -1.65773 1.34785 -3.0568
2 1 0 1 2 -2 0 0x242400000000000 42.4833 27.3024 -123.436 -1.65773 1.34785 -3.0568
2 1 0 1 2 -1 0 0x242480000000000 42.4833 27.3024 -61.718 -1.65773 1.34785 -3.0568
2 1 0 1 2 0 0 0x242500000000000 41.898 27.1702 0 -1.5708 1.34866 -3.14159
2 1 0 1 2 1 0 0x242580000000000 42.4833 27.3024 61.718 -1.48386 1.34785 3.0568
2 1 0 1 2 2 0 0x242600000000000 42.4833 27.3024 123.436 -1.48386 1.34785 3.0568
2 1 0 1 2 3 0 0x242680000000000 42.4833 27.3024 185.154 -1.48386 1.34785 3.0568
2 1 0 1 2 4 0 0x242700000000000 42.4833 27.3024 246.872 -1.48386 1.34785 3.0568
2 1 0 1 2 5 0 0x242780000000000 42.4833 27.3024 308.59 -1.48386 1.34785 3.0568
2 1 0 1 2 6 0 0x242800000000000 42.4833 27.3024 370.308 -1.48386 1.34785 3.0568
2 1 0 1 3 -6 0 0x243200000000000 33.0705 38.1654 -370.308 -1.61027 1.06273 -3.1071
2 1 0 1 3 -5 0 0x243280000000000 33.0705 38.1654 -308.59 -1.61027 1.06273 -3.1071
2 1 0 1 3 -4 0 0x243300000000000 33.0705 38.1654 -246.872 -1.61027 1.06273 -3.1071
2 1 0 1 3 -3 0 0x243380000000000 33.0705 38.1654 -185.154 -1.61027 1.06273 -3.1071
2 1 0 1 3 -2 0 0x243400000000000 33.0705 38.1654 -123.436 -1.61027 1.06273 -3.1071
2 1 0 1 3 -1 0 0x243480000000000 33.0705 38.1654 -61.718 -1.61027 1.06273 -3.1071
2 1 0 1 3 0 0 0x243500000000000 32.5462 37.8736 0 -1.5708 1.06306 -3.14159
2 1 0 1 3 1 0 0x243580000000000 33.0705 38.1654 61.718 -1.53132 1.06273 3.1071
2 1 0 1 3 2 0 0x243600000000000 33.0705 38.1654 123.436 -1.53132 1.06273 3.1071
2 1 0 1 3 3 0 0x243680000000000 33.0705 38.1654 185.154 -1.53132 1.06273 3.1071
2 1 0 1 3 4 0 0x243700000000000 33.0705 38.1654 246.872 -1.53132 1.06273 3.1071
2 1 0 1 3 5 0 0x243780000000000 33.0705 38.1654 308.59 -1.53132 1.06273 3.1071
2 1 0 1 3 6 0 0x243800000000000 33.0705 38.1654 370.308 -1.53132 1.06273 3.1071
2 1 0 1 4 -6 0 0x244200000000000 20.9785 45.9364 -370.308 -1.59773 0.777283 -3.1227
2 1 0 1 4 -5 0 0x244280000000000 20.9785 45.9364 -308.59 -1.59773 0.777283 -3.1227
2 1 0 1 4 -4 0 0x244300000000000 20.9785 45.9364 -246.872 -1.59773 0.777283 -3.1227
2 1 0 1 4 -3 0 0x244380000000000 20.9785 45.9364 -185.154 -1.59773 0.777283 -3.1227
2 1 0 1 4 -2 0 0x244400000000000 20.9785 45.9364 -123.436 -1.59773 0.777283 -3.1227
2 1 0 1 4 -1 0 0x244480000000000 20.9785 45.9364 -61.718 -1.59773 0.777283 -3.1227
2 1 0 1 4 0 0 0x244500000000000 20.5576 45.5088 0 -1.5708 0.777465 -3.14159
2 1 0 1 4 1 0 0x244580000000000 20.9785 45.9364 61.718 -1.54386 0.777283 3.1227
2 1 0 1 4 2 0 0x244600000000000 20.9785 45.9364 123.436 -1.54386 0.777283 3.1227
2 1 0 1 4 3 0 0x244680000000000 20.9785 45.9364 185.154 -1.54386 0.777283 3.1227
2 1 0 1 4 4 0 0x244700000000000 20.9785 45.9364 246.872 -1.54386 0.777283 3.1227
2 1 0 1 4 5 0 0x244780000000000 20.9785 45.9364 308.59 -1.54386 0.777283 3.1227
2 1 0 1 4 6 0 0x244800000000000 20.9785 45.9364 370.308 -1.54386 0.777283 3.1227
2 1 0 1 5 -6 0 0x245200000000000 7.1869 49.986 -370.308 -1.59258 0.491767 -3.13131
2 1 0 1 5 -5 0 0x245280000000000 7.1869 49.986 -308.59 -1.59258 0.491767 -3.13131
2 1 0 1 5 -4 0 0x245300000000000 7.1869 49.986 -246.872 -1.59258 0.491767 -3.13131
2 1 0 1 5 -3 0 0x245380000000000 7.1869 49.986 -185.154 -1.59258 0.491767 -3.13131
2 1 0 1 5 -2 0 0x245400000000000 7.1869 49.986 -123.436 -1.59258 0.491767 -3.13131
2 1 0 1 5 -1 0 0x245480000000000 7.1869 49.986 -61.718 -1.59258 0.491767 -3.13131
2 1 0 1 5 0 0 0x245500000000000 6.90354 49.4571 0 -1.5708 0.491866 -3.14159
2 1 0 1 5 1 0 0x245580000000000 7.1869 49.986 61.718 -1.54902 0.491767 3.13131
2 1 0 1 5 2 0 0x245600000000000 7.1869 49.986 123.436 -1.54902 0.491767 3.13131
2 1 0 1 5 3 0 0x245680000000000 7.1869 49.986 185.154 -1.54902 0.491767 3.13131
2 1 0 1 5 4 0 0x245700000000000 7.1869 49.986 246.872 -1.54902 0.491767 3.13131
2 1 0 1 5 5 0 0x245780000000000 7.1869 49.986 308.59 -1.54902 0.491767 3.13131
2 1 0 1 5 6 0 0x245800000000000 7.1869 49.986 370.308 -1.54902 0.491767 3.13131
2 1 0 1 6 -6 0 0x246200000000000 -7.1869 49.986 -370.308 -1.59041 0.206228 -3.13758
2 1 0 1 6 -5 0 0x246280000000000 -7.1869 49.986 -308.59 -1.59041 0.206228 -3.13758
2 1 0 1 6 -4 0 0x246300000000000 -7.1869 49.986 -246.872 -1.59041 0.206228 -3.13758
2 1 0 1 6 -3 0 0x246380000000000 -7.1869 49.986 -185.154 -1.59041 0.206228 -3.13758
2 1 0 1 6 -2 0 0x246400000000000 -7.1869 49.986 -123.436 -1.59041 0.206228 -3.13758
2 1 0 1 6 -1 0 0x246480000000000 -7.1869 49.986 -61.718 -1.59041 0.206228 -3.13758
2 1 0 1 6 0 0 0x246500000000000 -7.30978 49.3987 0 -1.5708 0.206266 -3.14159
2 1 0 1 6 1 0 0x246580000000000 -7.1869 49.986 61.718 -1.55118 0.206228 3.13758
2 1 0 1 6 2 0 0x246600000000000 -7.1869 49.986 123.436 -1.55118 0.206228 3.13758
2 1 0 1 6 3 0 0x246680000000000 -7.1869 49.986 185.154 -1.55118 0.206228 3.13758
2 1 0 1 6 4 0 0x246700000000000 -7.1869 49.986 246.872 -1.55118 0.206228 3.13758
2 1 0 1 6 5 0 0x246780000000000 -7.1869 49.986 308.59 -1.55118 0.206228 3.13758
2 1 0 1 6 6 0 0x246800000000000 -7.1869 49.986 370.308 -1.55118 0.206228 3.13758
2 1 0 1 7 -6 0 0x247200000000000 -20.9785 45.9364 -370.308 -1.59006 -0.0793185 3.14007
2 1 0 1 7 -5 0 0x247280000000000 -20.9785 45.9364 -308.59 -1.59006 -0.0793185 3.14007
2 1 0 1 7 -4 0 0x247300000000000 -20.9785 45.9364 -246.872 -1.59006 -0.0793185 3.14007
2 1 0 1 7 -3 0 0x247380000000000 -20.9785 45.9364 -185.154 -1.59006 -0.0793185 3.14007
2 1 0 1 7 -2 0 0x247400000000000 -20.9785 45.9364 -123.436 -1.59006 -0.0793185 3.14007
2 1 0 1 7 -1 0 0x247480000000000 -20.9785 45.9364 -61.718 -1.59006 -0.0793185 3.14007
2 1 0 1 7 0 0 0x247500000000000 -20.9309 45.3383 0 -1.5708 -0.0793331 -3.14159
2 1 0 1 7 1 0 0x247580000000000 -20.9785 45.9364 61.718 -1.55154 -0.0793185 -3.14007
2 1 0 1 7 2 0 0x247600000000000 -20.9785 45.9364 123.436 -1.55154 -0.0793185 -3.14007
2 1 0 1 7 3 0 0x247680000000000 -20.9785 45.9364 185.154 -1.55154 -0.0793185 -3.14007
2 1 0 1 7 4 0 0x247700000000000 -20.9785 45.9364 246.872 -1.55154 -0.0793185 -3.14007
2 1 0 1 7 5 0 0x247780000000000 -20.9785 45.9364 308.59 -1.55154 -0.0793185 -3.14007
2 1 0 1 7 6 0 0x247800000000000 -20.9785 45.9364 370.308 -1.55154 -0.0793185 -3.14007
2 1 0 1 8 -6 0 0x248200000000000 -33.0705 38.1654 -370.308 -1.59135 -0.364862 3.13426
2 1 0 1 8 -5 0 0x248280000000000 -33.0705 38.1654 -308.59 -1.59135 -0.364862 3.13426
2 1 0 1 8 -4 0 0x248300000000000 -33.0705 38.1654 -246.872 -1.59135 -0.364862 3.13426
2 1 0 1 8 -3 0 0x248380000000000 -33.0705 38.1654 -185.154 -1.59135 -0.364862 3.13426
2 1 0 1 8 -2 0 0x248400000000000 -33.0705 38.1654 -123.436 -1.59135 -0.364862 3.13426
2 1 0 1 8 -1 0 0x248480000000000 -33.0705 38.1654 -61.718 -1.59135 -0.364862 3.13426
2 1 0 1 8 0 0 0x248500000000000 -32.8563 37.6049 0 -1.5708 -0.364932 -3.14159
2 1 0 1 8 1 0 0x248580000000000 -33.0705 38.1654 61.718 -1.55024 -0.364862 -3.13426
2 1 0 1 8 2 0 0x248600000000000 -33.0705 38.1654 123.436 -1.55024 -0.364862 -3.13426
2 1 0 1 8 3 0 0x248680000000000 -33.0705 38.1654 185.154 -1.55024 -0.364862 -3.13426
2 1 0 1 8 4 0 0x248700000000000 -33.0705 38.1654 246.872 -1.55024 -0.364862 -3.13426
2 1 0 1 8 5 0 0x248780000000000 -33.0705 38.1654 308.59 -1.55024 -0.364862 -3.13426
2 1 0 1 8 6 0 0x248800000000000 -33.0705 38.1654 370.308 -1.55024 -0.364862 -3.13426
2 1 0 1 9 -6 0 0x249200000000000 -42.4833 27.3024 -370.308 -1.59492 -0.650392 3.12698
2 1 0 1 9 -5 0 0x249280000000000 -42.4833 27.3024 -308.59 -1.59492 -0.650392 3.12698
2 1 0 1 9 -4 0 0x249300000000000 -42.4833 27.3024 -246.872 -1.59492 -0.650392 3.12698
2 1 0 1 9 -3 0 0x249380000000000 -42.4833 27.3024 -185.154 -1.59492 -0.650392 3.12698
2 1 0 1 9 -2 0 0x249400000000000 -42.4833 27.3024 -123.436 -1.59492 -0.650392 3.12698
2 1 0 1 9 -1 0 0x249480000000000 -42.4833 27.3024 -61.718 -1.59492 -0.650392 3.12698
2 1 0 1 9 0 0 0x249500000000000 -42.1199 26.8249 0 -1.5708 -0.650532 -3.14159
2 1 0 1 9 1 0 0x249580000000000 -42.4833 27.3024 61.718 -1.54667 -0.650392 -3.12698
2 1 0 1 9 2 0 0x249600000000000 -42.4833 27.3024 123.436 -1.54667 -0.650392 -3.12698
2 1 0 1 9 3 0 0x249680000000000 -42.4833 27.3024 185.154 -1.54667 -0.650392 -3.12698
2 1 0 1 9 4 0 0x249700000000000 -42.4833 27.3024 246.872 -1.54667 -0.650392 -3.12698
2 1 0 1 9 5 0 0x249780000000000 -42.4833 27.3024 308.59 -1.54667 -0.650392 -3.12698
2 1 0 1 9 6 0 0x249800000000000 -42.4833 27.3024 370.308 -1.54667 -0.650392 -3.12698
2 1 0 1 10 -6 0 0x24a200000000000 -48.4544 14.2275 -370.308 -1.60317 -0.935881 3.11553
2 1 0 1 10 -5 0 0x24a280000000000 -48.4544 14.2275 -308.59 -1.60317 -0.935881 3.11553
2 1 0 1 10 -4 0 0x24a300000000000 -48.4544 14.2275 -246.872 -1.60317 -0.935881 3.11553
2 1 0 1 10 -3 0 0x24a380000000000 -48.4544 14.2275 -185.154 -1.60317 -0.935881 3.11553
2 1 0 1 10 -2 0 0x24a400000000000 -48.4544 14.2275 -123.436 -1.60317 -0.935881 3.11553
2 1 0 1 10 -1 0 0x24a480000000000 -48.4544 14.2275 -61.718 -1.60317 -0.935881 3.11553
2 1 0 1 10 0 0 0x24a500000000000 -47.9712 13.8717 0 -1.5708 -0.936131 -3.14159
2 1 0 1 10 1 0 0x24a580000000000 -48.4544 14.2275 61.718 -1.53842 -0.935881 -3.11553
2 1 0 1 10 2 0 0x24a600000000000 -48.4544 14.2275 123.436 -1.53842 -0.935881 -3.11553
2 1 0 1 10 3 0 0x24a680000000000 -48.4544 14.2275 185.154 -1.53842 -0.935881 -3.11553
2 1 0 1 10 4 0 0x24a700000000000 -48.4544 14.2275 246.872 -1.53842 -0.935881 -3.11553
2 1 0 1 10 5 0 0x24a780000000000 -48.4544 14.2275 308.59 -1.53842 -0.935881 -3.11553
2 1 0 1 10 6 0 0x24a800000000000 -48.4544 14.2275 370.308 -1.53842 -0.935881 -3.11553
2 1 0 1 11 -6 0 0x24b200000000000 -50.5 6.18447e-15 -370.308 -1.62688 -1.22122 3.0889
2 1 0 1 11 -5 0 0x24b280000000000 -50.5 6.18447e-15 -308.59 -1.62688 -1.22122 3.0889
2 1 0 1 11 -4 0 0x24b300000000000 -50.5 6.18447e-15 -246.872 -1.62688 -1.22122 3.0889
2 1 0 1 11 -3 0 0x24b380000000000 -50.5 6.18447e-15 -185.154 -1.62688 -1.22122 3.0889
2 1 0 1 11 -2 0 0x24b400000000000 -50.5 6.18447e-15 -123.436 -1.62688 -1.22122 3.0889
2 1 0 1 11 -1 0 0x24b480000000000 -50.5 6.18447e-15 -61.718 -1.62688 -1.22122 3.0889
2 1 0 1 11 0 0 0x24b500000000000 -49.9362 -0.205212 0 -1.5708 -1.22173 -3.14159
2 1 0 1 11 1 0 0x24b580000000000 -50.5 6.18447e-15 61.718 -1.51472 -1.22122 -3.0889
2 1 0 1 11 2 0 0x24b600000000000 -50.5 6.18447e-15 123.436 -1.51472 -1.22122 -3.0889
2 1 0 1 11 3 0 0x24b680000000000 -50.5 6.18447e-15 185.154 -1.51472 -1.22122 -3.0889
2 1 0 1 11 4 0 0x24b700000000000 -50.5 6.18447e-15 246.872 -1.51472 -1.22122 -3.0889
2 1 0 1 11 5 0 0x24b780000000000 -50.5 6.18447e-15 308.59 -1.51472 -1.22122 -3.0889
2 1 0 1 11 6 0 0x24b800000000000 -50.5 6.18447e-15 370.308 -1.51472 -1.22122 -3.0889
2 1 0 1 12 -6 0 0x24c200000000000 -48.4544 -14.2275 -370.308 -1.86477 -1.50449 2.84823
2 1 0 1 12 -5 0 0x24c280000000000 -48.4544 -14.2275 -308.59 -1.86477 -1.50449 2.84823
2 1 0 1 12 -4 0 0x24c300000000000 -48.4544 -14.2275 -246.872 -1.86477 -1.50449 2.84823
2 1 0 1 12 -3 0 0x24c380000000000 -48.4544 -14.2275 -185.154 -1.86477 -1.50449 2.84823
2 1 0 1 12 -2 0 0x24c400000000000 -48.4544 -14.2275 -123.436 -1.86477 -1.50449 2.84823
2 1 0 1 12 -1 0 0x24c480000000000 -48.4544 -14.2275 -61.718 -1.86477 -1.50449 2.84823
2 1 0 1 12 0 0 0x24c500000000000 -47.8556 -14.2655 0 -1.5708 -1.50733 -3.14159
2 1 0 1 12 1 0 0x24c580000000000 -48.4544 -14.2275 61.718 -1.27683 -1.50449 -2.84823
2 1 0 1 12 2 0 0x24c600000000000 -48.4544 -14.2275 123.436 -1.27683 -1.50449 -2.84823
2 1 0 1 12 3 0 0x24c680000000000 -48.4544 -14.2275 185.154 -1.27683 -1.50449 -2.84823
2 1 0 1 12 4 0 0x24c700000000000 -48.4544 -14.2275 246.872 -1.27683 -1.50449 -2.84823
2 1 0 1 12 5 0 0x24c780000000000 -48.4544 -14.2275 308.59 -1.27683 -1.50449 -2.84823
2 1 0 1 12 6 0 0x24c800000000000 -48.4544 -14.2275 370.308 -1.27683 -1.50449 -2.84823
2 1 0 1 13 -6 0 0x24d200000000000 -42.4833 -27.3024 -370.308 1.65773 -1.34785 0.0847933
2 1 0 1 13 -5 0 0x24d280000000000 -42.4833 -27.3024 -308.59 1.65773 -1.34785 0.0847933
2 1 0 1 13 -4 0 0x24d300000000000 -42.4833 -27.3024 -246.872 1.65773 -1.34785 0.0847933
2 1 0 1 13 -3 0 0x24d380000000000 -42.4833 -27.3024 -185.154 1.65773 -1.34785 0.0847933
2 1 0 1 13 -2 0 0x24d400000000000 -42.4833 -27.3024 -123.436 1.65773 -1.34785 0.0847933
2 1 0 1 13 -1 0 0x24d480000000000 -42.4833 -27.3024 -61.718 1.65773 -1.34785 0.0847933
2 1 0 1 13 0 0 0x24d500000000000 -41.898 -27.1702 0 1.5708 -1.34866 0
2 1 0 1 13 1 0 0x24d580000000000 -42.4833 -27.3024 61.718 1.48386 -1.34785 -0.0847933
2 1 0 1 13 2 0 0x24d600000000000 -42.4833 -27.3024 123.436 1.48386 -1.34785 -0.0847933
2 1 0 1 13 3 0 0x24d680000000000 -42.4833 -27.3024 185.154 1.48386 -1.34785 -0.0847933
2 1 0 1 13 4 0 0x24d700000000000 -42.4833 -27.3024 246.872 1.48386 -1.34785 -0.0847933
2 1 0 1 13 5 0 0x24d780000000000 -42.4833 -27.3024 308.59 1.48386 -1.34785 -0.0847933
2 1 0 1 13 6 0 0x24d800000000000 -42.4833 -27.3024 370.308 1.48386 -1.34785 -0.0847933
2 1 0 1 14 -6 0 0x24e200000000000 -33.0705 -38.1654 -370.308 1.61027 -1.06273 0.0344902
2 1 0 1 14 -5 0 0x24e280000000000 -33.0705 -38.1654 -308.59 1.61027 -1.06273 0.0344902
2 1 0 1 14 -4 0 0x24e300000000000 -33.0705 -38.1654 -246.872 1.61027 -1.06273 0.0344902
2 1 0 1 14 -3 0 0x24e380000000000 -33.0705 -38.1654 -185.154 1.61027 -1.06273 0.0344902
2 1 0 1 14 -2 0 0x24e400000000000 -33.0705 -38.1654 -123.436 1.61027 -1.06273 0.0344902
2 1 0 1 14 -1 0 0x24e480000000000 -33.0705 -38.1654 -61.718 1.61027 -1.06273 0.0344902
2 1 0 1 14 0 0 0x24e500000000000 -32.5462 -37.8736 0 1.5708 -1.06306 0
2 1 0 1 14 1 0 0x24e580000000000 -33.0705 -38.1654 61.718 1.53132 -1.06273 -0.0344902
2 1 0 1 14 2 0 0x24e600000000000 -33.0705 -38.1654 123.436 1.53132 -1.06273 -0.0344902
2 1 0 1 14 3 0 0x24e680000000000 -33.0705 -38.1654 185.154 1.53132 -1.06273 -0.0344902
2 1 0 1 14 4 0 0x24e700000000000 -33.0705 -38.1654 246.872 1.53132 -1.06273 -0.0344902
2 1 0 1 14 5 0 0x24e780000000000 -33.0705 -38.1654 308.59 1.53132 -1.06273 -0.0344902
2 1 0 1 14 6 0 0x24e800000000000 -33.0705 -38.1654 370.308 1.53132 -1.06273 -0.0344902
2 1 0 1 15 -6 0 0x24f200000000000 -20.9785 -45.9364 -370.308 1.59773 -0.777283 0.018893
2 1 0 1 15 -5 0 0x24f280000000000 -20.9785 -45.9364 -308.59 1.59773 -0.777283 0.018893
2 1 0 1 15 -4 0 0x24f300000000000 -20.9785 -45.9364 -246.872 1.59773 -0.777283 0.018893
2 1 0 1 15 -3 0 0x24f380000000000 -20.9785 -45.9364 -185.154 1.59773 -0.777283 0.018893
2 1 0 1 15 -2 0 0x24f400000000000 -20.9785 -45.9364 -123.436 1.59773 -0.777283 0.018893
2 1 0 1 15 -1 0 0x24f480000000000 -20.9785 -45.9364 -61.718 1.59773 -0.777283 0.018893
2 1 0 1 15 0 0 0x24f500000000000 -20.5576 -45.5088 0 1.5708 -0.777465 0
2 1 0 1 15 1 0 0x24f580000000000 -20.9785 -45.9364 61.718 1.54386 -0.777283 -0.018893
2 1 0 1 15 2 0 0x24f600000000000 -20.9785 -45.9364 123.436 1.54386 -0.777283 -0.018893
2 1 0 1 15 3 0 0x24f680000000000 -20.9785 -45.9364 185.154 1.54386 -0.777283 -0.018893
2 1 0 1 15 4 0 0x24f700000000000 -20.9785 -45.9364 246.872 1.54386 -0.777283 -0.018893
2 1 0 1 15 5 0 0x24f780000000000 -20.9785 -45.9364 308.59 1.54386 -0.777283 -0.018893
2 1 0 1 15 6 0 0x24f800000000000 -20.9785 -45.9364 370.308 1.54386 -0.777283 -0.018893
2 1 0 1 16 -6 0 0x250200000000000 -7.1869 -49.986 -370.308 1.59258 -0.491767 0.0102854
2 1 0 1 16 -5 0 0x250280000000000 -7.1869 -49.986 -308.59 1.59258 -0.491767 0.0102854
2 1 0 1 16 -4 0 0x250300000000000 -7.1869 -49.986 -246.872 1.59258 -0.491767 0.0102854
2 1 0 1 16 -3 0 0x250380000000000 -7.1869 -49.986 -185.154 1.59258 -0.491767 0.0102854
2 1 0 1 16 -2 0 0x250400000000000 -7.1869 -49.986 -123.436 1.59258 -0.491767 0.0102854
2 1 0 1 16 -1 0 0x250480000000000 -7.1869 -49.986 -61.718 1.59258 -0.491767 0.0102854
2 1 0 1 16 0 0 0x250500000000000 -6.90354 -49.4571 0 1.5708 -0.491866 0
2 1 0 1 16 1 0 0x250580000000000 -7.1869 -49.986 61.718 1.54902 -0.491767 -0.0102854
2 1 0 1 16 2 0 0x250600000000000 -7.1869 -49.986 123.436 1.54902 -0.491767 -0.0102854
2 1 0 1 16 3 0 0x250680000000000 -7.1869 -49.986 185.154 1.54902 -0.491767 -0.0102854
2 1 0 1 16 4 0 0x250700000000000 -7.1869 -49.986 246.872 1.54902 -0.491767 -0.0102854
2 1 0 1 16 5 0 0x250780000000000 -7.1869 -49.986 308.59 1.54902 -0.491767 -0.0102854
2 1 0 1 16 6 0 0x250800000000000 -7.1869 -49.986 370.308 1.54902 -0.491767 -0.0102854
2 1 0 1 17 -6 0 0x251200000000000 7.1869 -49.986 -370.308 1.59041 -0.206228 0.00401689
2 1 0 1 17 -5 0 0x251280000000000 7.1869 -49.986 -308.59 1.59041 -0.206228 0.00401689
2 1 0 1 17 -4 0 0x251300000000000 7.1869 -49.986 -246.872 1.59041 -0.206228 0.00401689
2 1 0 1 17 -3 0 0x251380000000000 7.1869 -49.986 -185.154 1.59041 -0.206228 0.00401689
2 1 0 1 17 -2 0 0x251400000000000 7.1869 -49.986 -123.436 1.59041 -0.206228 0.00401689
2 1 0 1 17 -1 0 0x251480000000000 7.1869 -49.986 -61.718 1.59041 -0.206228 0.00401689
2 1 0 1 17 0 0 0x251500000000000 7.30978 -49.3987 0 1.5708 -0.206266 0
2 1 0 1 17 1 0 0x251580000000000 7.1869 -49.986 61.718 1.55118 -0.206228 -0.00401689
2 1 0 1 17 2 0 0x251600000000000 7.1869 -49.986 123.436 1.55118 -0.206228 -0.00401689
2 1 0 1 17 3 0 0x251680000000000 7.1869 -49.986 185.154 1.55118 -0.206228 -0.00401689
2 1 0 1 17 4 0 0x251700000000000 7.1869 -49.986 246.872 1.55118 -0.206228 -0.00401689
2 1 0 1 17 5 0 0x251780000000000 7.1869 -49.986 308.59 1.55118 -0.206228 -0.00401689
2 1 0 1 17 6 0 0x251800000000000 7.1869 -49.986 370.308 1.55118 -0.206228 -0.00401689
2 1 0 1 18 -6 0 0x252200000000000 20.9785 -45.9364 -370.308 1.59006 0.0793185 -0.0015262
2 1 0 1 18 -5 0 0x252280000000000 20.9785 -45.9364 -308.59 1.59006 0.0793185 -0.0015262
2 1 0 1 18 -4 0 0x252300000000000 20.9785 -45.9364 -246.872 1.59006 0.0793185 -0.0015262
2 1 0 1 18 -3 0 0x252380000000000 20.9785 -45.9364 -185.154 1.59006 0.0793185 -0.0015262
2 1 0 1 18 -2 0 0x252400000000000 20.9785 -45.9364 -123.436 1.59006 0.0793185 -0.0015262
2 1 0 1 18 -1 0 0x252480000000000 20.9785 -45.9364 -61.718 1.59006 0.0793185 -0.0015262
2 1 0 1 18 0 0 0x252500000000000 20.9309 -45.3383 0 1.5708 0.0793331 0
2 1 0 1 18 1 0 0x252580000000000 20.9785 -45.9364 61.718 1.55154 0.0793185 0.0015262
2 1 0 1 18 2 0 0x252600000000000 20.9785 -45.9364 123.436 1.55154 0.0793185 0.0015262
2 1 0 1 18 3 0 0x252680000000000 20.9785 -45.9364 185.154 1.55154 0.0793185 0.0015262
2 1 0 1 18 4 0 0x252700000000000 20.9785 -45.9364 246.872 1.55154 0.0793185 0.0015262
2 1 0 1 18 5 0 0x252780000000000 20.9785 -45.9364 308.59 1.55154 0.0793185 0.0015262
2 1 0 1 18 6 0 0x252800000000000 20.9785 -45.9364 370.308 1.55154 0.0793185 0.0015262
2 1 0 1 19 -6 0 0x253200000000000 33.0705 -38.1654 -370.308 1.59135 0.364862 -0.00733415
2 1 0 1 19 -5 0 0x253280000000000 33.0705 -38.1654 -308.59 1.59135 0.364862 -0.00733415
2 1 0 1 19 -4 0 0x253300000000000 33.0705 -38.1654 -246.872 1.59135 0.364862 -0.00733415
2 1 0 1 19 -3 0 0x253380000000000 33.0705 -38.1654 -185.154 1.59135 0.364862 -0.00733415
2 1 0 1 19 -2 0 0x253400000000000 33.0705 -38.1654 -123.436 1.59135 0.364862 -0.00733415
2 1 0 1 19 -1 0 0x253480000000000 33.0705 -38.1654 -61.718 1.59135 0.364862 -0.00733415
2 1 0 1 19 0 0 0x253500000000000 32.8563 -37.6049 0 1.5708 0.364932 0
2 1 0 1 19 1 0 0x253580000000000 33.0705 -38.1654 61.718 1.55024 0.364862 0.00733415
2 1 0 1 19 2 0 0x253600000000000 33.0705 -38.1654 123.436 1.55024 0.364862 0.00733415
2 1 0 1 19 3 0 0x253680000000000 33.0705 -38.1654 185.154 1.55024 0.364862 0.00733415
2 1 0 1 19 4 0 0x253700000000000 33.0705 -38.1654 246.872 1.55024 0.364862 0.00733415
2 1 0 1 19 5 0 0x253780000000000 33.0705 -38.1654 308.59 1.55024 0.364862 0.00733415
2 1 0 1 19 6 0 0x253800000000000 33.0705 -38.1654 370.308 1.55024 0.364862 0.00733415
2 1 0 1 20 -6 0 0x254200000000000 42.4833 -27.3024 -370.308 1.59492 0.650392 -0.0146091
2 1 0 1 20 -5 0 0x254280000000000 42.4833 -27.3024 -308.59 1.59492 0.650392 -0.0146091
2 1 0 1 20 -4 0 0x254300000000000 42.4833 -27.3024 -246.872 1.59492 0.650392 -0.0146091
2 1 0 1 20 -3 0 0x254380000000000 42.4833 -27.3024 -185.154 1.59492 0.650392 -0.0146091
2 1 0 1 20 -2 0 0x254400000000000 42.4833 -27.3024 -123.436 1.59492 0.650392 -0.0146091
2 1 0 1 20 -1 0 0x254480000000000 42.4833 -27.3024 -61.718 1.59492 0.650392 -0.0146091
2 1 0 1 20 0 0 0x254500000000000 42.1199 -26.8249 0 1.5708 0.650532 0
2 1 0 1 20 1 0 0x254580000000000 42.4833 -27.3024 61.718 1.54667 0.650392 0.0146091
2 1 0 1 20 2 0 0x254600000000000 42.4833 -27.3024 123.436 1.54667 0.650392 0.0146091
2 1 0 1 20 3 0 0x254680000000000 42.4833 -27.3024 185.154 1.54667 0.650392 0.0146091
2 1 0 1 20 4 0 0x254700000000000 42.4833 -27.3024 246.872 1.54667 0.650392 0.0146091
2 1 0 1 20 5 0 0x254780000000000 42.4833 -27.3024 308.59 1.54667 0.650392 0.0146091
2 1 0 1 20 6 0 0x254800000000000 42.4833 -27.3024 370.308 1.54667 0.650392 0.0146091
2 1 0 1 21 -6 0 0x255200000000000 48.4544 -14.2275 -370.308 1.60317 0.935881 -0.0260675
2 1 0 1 21 -5 0 0x255280000000000 48.4544 -14.2275 -308.59 1.60317 0.935881 -0.0260675
2 1 0 1 21 -4 0 0x255300000000000 48.4544 -14.2275 -246.872 1.60317 0.935881 -0.0260675
2 1 0 1 21 -3 0 0x255380000000000 48.4544 -14.2275 -185.154 1.60317 0.935881 -0.0260675
2 1 0 1 21 -2 0 0x255400000000000 48.4544 -14.2275 -123.436 1.60317 0.935881 -0.0260675
2 1 0 1 21 -1 0 0x255480000000000 48.4544 -14.2275 -61.718 1.60317 0.935881 -0.0260675
2 1 0 1 21 0 0 0x255500000000000 47.9712 -13.8717 0 1.5708 0.936131 0
2 1 0 1 21 1 0 0x255580000000000 48.4544 -14.2275 61.718 1.53842 0.935881 0.0260675
2 1 0 1 21 2 0 0x255600000000000 48.4544 -14.2275 123.436 1.53842 0.935881 0.0260675
2 1 0 1 21 3 0 0x255680000000000 48.4544 -14.2275 185.154 1.53842 0.935881 0.0260675
2 1 0 1 21 4 0 0x255700000000000 48.4544 -14.2275 246.872 1.53842 0.935881 0.0260675
2 1 0 1 21 5 0 0x255780000000000 48.4544 -14.2275 308.59 1.53842 0.935881 0.0260675
2 1 0 1 21 6 0 0x255800000000000 48.4544 -14.2275 370.308 1.53842 0.935881 0.0260675
2 1 0 2 0 -6 0 0x280200000000000 88.5 0 -370.308 1.62688 1.22122 -0.0526957
2 1 0 2 0 -5 0 0x280280000000000 88.5 0 -308.59 1.62688 1.22122 -0.0526957
2 1 0 2 0 -4 0 0x280300000000000 88.5 0 -246.872 1.62688 1.22122 -0.0526957
2 1 0 2 0 -3 0 0x280380000000000 88.5 0 -185.154 1.62688 1.22122 -0.0526957
2 1 0 2 0 -2 0 0x280400000000000 88.5 0 -123.436 1.62688 1.22122 -0.0526957
2 1 0 2 0 -1 0 0x280480000000000 88.5 0 -61.718 1.62688 1.22122 -0.0526957
2 1 0 2 0 0 0 0x280500000000000 87.9362 0.205212 0 1.5708 1.22173 0
2 1 0 2 0 1 0 0x280580000000000 88.5 0 61.718 1.51472 1.22122 0.0526957
2 1 0 2 0 2 0 0x280600000000000 88.5 0 123.436 1.51472 1.22122 0.0526957
2 1 0 2 0 3 0 0x280680000000000 88.5 0 185.154 1.51472 1.22122 0.0526957
2 1 0 2 0 4 0 0x280700000000000 88.5 0 246.872 1.51472 1.22122 0.0526957
2 1 0 2 0 5 0 0x280780000000000 88.5 0 308.59 1.51472 1.22122 0.0526957
2 1 0 2 0 6 0 0x280800000000000 88.5 0 370.308 1.51472 1.22122 0.0526957
2 1 0 2 1 -6 0 0x281200000000000 87.293 14.5666 -370.308 1.67551 1.38609 -0.10295
2 1 0 2 1 -5 0 0x281280000000000 87.293 14.5666 -308.59 1.67551 1.38609 -0.10295
2 1 0 2 1 -4 0 0x281300000000000 87.293 14.5666 -246.872 1.67551 1.38609 -0.10295
2 1 0 2 1 -3 0 0x281380000000000 87.293 14.5666 -185.154 1.67551 1.38609 -0.10295
2 1 0 2 1 -2 0 0x281400000000000 87.293 14.5666 -123.436 1.67551 1.38609 -0.10295
2 1 0 2 1 -1 0 0x281480000000000 87.293 14.5666 -61.718 1.67551 1.38609 -0.10295
2 1 0 2 1 0 0 0x281500000000000 86.7031 14.6762 0 1.5708 1.38708 0
2 1 0 2 1 1 0 0x281580000000000 87.293 14.5666 61.718 1.46608 1.38609 0.10295
2 1 0 2 1 2 0 0x281600000000000 87.293 14.5666 123.436 1.46608 1.38609 0.10295
2 1 0 2 1 3 0 0x281680000000000 87.293 14.5666 185.154 1.46608 1.38609 0.10295
2 1 0 2 1 4 0 0x281700000000000 87.293 14.5666 246.872 1.46608 1.38609 0.10295
2 1 0 2 1 5 0 0x281780000000000 87.293 14.5666 308.59 1.46608 1.38609 0.10295
2 1 0 2 1 6 0 0x281800000000000 87.293 14.5666 370.308 1.46608 1.38609 0.10295
2 1 0 2 2 -6 0 0x282200000000000 83.7048 28.7359 -370.308 2.37829 1.54422 -0.807313
2 1 0 2 2 -5 0 0x282280000000000 83.7048 28.7359 -308.59 2.37829 1.54422 -0.807313
2 1 0 2 2 -4 0 0x282300000000000 83.7048 28.7359 -246.872 2.37829 1.54422 -0.807313
2 1 0 2 2 -3 0 0x282380000000000 83.7048 28.7359 -185.154 2.37829 1.54422 -0.807313
2 1 0 2 2 -2 0 0x282400000000000 83.7048 28.7359 -123.436 2.37829 1.54422 -0.807313
2 1 0 2 2 -1 0 0x282480000000000 83.7048 28.7359 -61.718 2.37829 1.54422 -0.807313
2 1 0 2 2 0 0 0x282500000000000 83.1049 28.7469 0 1.5708 1.55242 0
2 1 0 2 2 1 0 0x282580000000000 83.7048 28.7359 61.718 0.763307 1.54422 0.807313
2 1 0 2 2 2 0 0x282600000000000 83.7048 28.7359 123.436 0.763307 1.54422 0.807313
2 1 0 2 2 3 0 0x282680000000000 83.7048 28.7359 185.154 0.763307 1.54422 0.807313
2 1 0 2 2 4 0 0x282700000000000 83.7048 28.7359 246.872 0.763307 1.54422 0.807313
2 1 0 2 2 5 0 0x282780000000000 83.7048 28.7359 308.59 0.763307 1.54422 0.807313
2 1 0 2 2 6 0 0x282800000000000 83.7048 28.7359 370.308 0.763307 1.54422 0.807313
2 1 0 2 3 -6 0 0x283200000000000 77.8334 42.1213 -370.308 -1.70117 1.42258 -3.01264
2 1 0 2 3 -5 0 0x283280000000000 77.8334 42.1213 -308.59 -1.70117 1.42258 -3.01264
2 1 0 2 3 -4 0 0x283300000000000 77.8334 42.1213 -246.872 -1.70117 1.42258 -3.01264
2 1 0 2 3 -3 0 0x283380000000000 77.8334 42.1213 -185.154 -1.70117 1.42258 -3.01264
2 1 0 2 3 -2 0 0x283400000000000 77.8334 42.1213 -123.436 -1.70117 1.42258 -3.01264
2 1 0 2 3 -1 0 0x283480000000000 77.8334 42.1213 -61.718 -1.70117 1.42258 -3.01264
2 1 0 2 3 0 0 0x283500000000000 77.2399 42.0335 0 -1.5708 1.42382 -3.14159
2 1 0 2 3 1 0 0x283580000000000 77.8334 42.1213 61.718 -1.44043 1.42258 3.01264
2 1 0 2 3 2 0 0x283600000000000 77.8334 42.1213 123.436 -1.44043 1.42258 3.01264
2 1 0 2 3 3 0 0x283680000000000 77.8334 42.1213 185.154 -1.44043 1.42258 3.01264
2 1 0 2 3 4 0 0x283700000000000 77.8334 42.1213 246.872 -1.44043 1.42258 3.01264
2 1 0 2 3 5 0 0x283780000000000 77.8334 42.1213 308.59 -1.44043 1.42258 3.01264
2 1 0 2 3 6 0 0x283800000000000 77.8334 42.1213 370.308 -1.44043 1.42258 3.01264
2 1 0 2 4 -6 0 0x284200000000000 69.8389 54.3578 -370.308 -1.6332 1.2579 -3.08221
2 1 0 2 4 -5 0 0x284280000000000 69.8389 54.3578 -308.59 -1.6332 1.2579 -3.08221
2 1 0 2 4 -4 0 0x284300000000000 69.8389 54.3578 -246.872 -1.6332 1.2579 -3.08221
2 1 0 2 4 -3 0 0x284380000000000 69.8389 54.3578 -185.154 -1.6332 1.2579 -3.08221
2 1 0 2 4 -2 0 0x284400000000000 69.8389 54.3578 -123.436 -1.6332 1.2579 -3.08221
2 1 0 2 4 -1 0 0x284480000000000 69.8389 54.3578 -61.718 -1.6332 1.2579 -3.08221
2 1 0 2 4 0 0 0x284500000000000 69.268 54.1735 0 -1.5708 1.25847 -3.14159
2 1 0 2 4 1 0 0x284580000000000 69.8389 54.3578 61.718 -1.50839 1.2579 3.08221
2 1 0 2 4 2 0 0x284600000000000 69.8389 54.3578 123.436 -1.50839 1.2579 3.08221
2 1 0 2 4 3 0 0x284680000000000 69.8389 54.3578 185.154 -1.50839 1.2579 3.08221
2 1 0 2 4 4 0 0x284700000000000 69.8389 54.3578 246.872 -1.50839 1.2579 3.08221
2 1 0 2 4 5 0 0x284780000000000 69.8389 54.3578 308.59 -1.50839 1.2579 3.08221
2 1 0 2 4 6 0 0x284800000000000 69.8389 54.3578 370.308 -1.50839 1.2579 3.08221
2 1 0 2 5 -6 0 0x285200000000000 59.9394 65.1116 -370.308 -1.61254 1.09277 -3.10452
2 1 0 2 5 -5 0 0x285280000000000 59.9394 65.1116 -308.59 -1.61254 1.09277 -3.10452
2 1 0 2 5 -4 0 0x285300000000000 59.9394 65.1116 -246.872 -1.61254 1.09277 -3.10452
2 1 0 2 5 -3 0 0x285380000000000 59.9394 65.1116 -185.154 -1.61254 1.09277 -3.10452
2 1 0 2 5 -2 0 0x285400000000000 59.9394 65.1116 -123.436 -1.61254 1.09277 -3.10452
2 1 0 2 5 -1 0 0x285480000000000 59.9394 65.1116 -61.718 -1.61254 1.09277 -3.10452
2 1 0 2 5 0 0 0x285500000000000 59.4066 64.8357 0 -1.5708 1.09313 -3.14159
2 1 0 2 5 1 0 0x285580000000000 59.9394 65.1116 61.718 -1.52905 1.09277 3.10452
2 1 0 2 5 2 0 0x285600000000000 59.9394 65.1116 123.436 -1.52905 1.09277 3.10452
2 1 0 2 5 3 0 0x285680000000000 59.9394 65.1116 185.154 -1.52905 1.09277 3.10452
2 1 0 2 5 4 0 0x285700000000000 59.9394 65.1116 246.872 -1.52905 1.09277 3.10452
2 1 0 2 5 5 0 0x285780000000000 59.9394 65.1116 308.59 -1.52905 1.09277 3.10452
2 1 0 2 5 6 0 0x285800000000000 59.9394 65.1116 370.308 -1.52905 1.09277 3.10452
2 1 0 2 6 -6 0 0x286200000000000 48.4049 74.0892 -370.308 -1.60281 0.927534 -3.11598
2 1 0 2 6 -5 0 0x286280000000000 48.4049 74.0892 -308.59 -1.60281 0.927534 -3.11598
2 1 0 2 6 -4 0 0x286300000000000 48.4049 74.0892 -246.872 -1.60281 0.927534 -3.11598
2 1 0 2 6 -3 0 0x286380000000000 48.4049 74.0892 -185.154 -1.60281 0.927534 -3.11598
2 1 0 2 6 -2 0 0x286400000000000 48.4049 74.0892 -123.436 -1.60281 0.927534 -3.11598
2 1 0 2 6 -1 0 0x286480000000000 48.4049 74.0892 -61.718 -1.60281 0.927534 -3.11598
2 1 0 2 6 0 0 0x286500000000000 47.9247 73.7295 0 -1.5708 0.92778 -3.14159
2 1 0 2 6 1 0 0x286580000000000 48.4049 74.0892 61.718 -1.53878 0.927534 3.11598
2 1 0 2 6 2 0 0x286600000000000 48.4049 74.0892 123.436 -1.53878 0.927534 3.11598
2 1 0 2 6 3 0 0x286680000000000 48.4049 74.0892 185.154 -1.53878 0.927534 3.11598
2 1 0 2 6 4 0 0x286700000000000 48.4049 74.0892 246.872 -1.53878 0.927534 3.11598
2 1 0 2 6 5 0 0x286780000000000 48.4049 74.0892 308.59 -1.53878 0.927534 3.11598
2 1 0 2 6 6 0 0x286800000000000 48.4049 74.0892 370.308 -1.53878 0.927534 3.11598
2 1 0 2 7 -6 0 0x287200000000000 35.55 81.0459 -370.308 -1.59734 0.762257 -3.12326
2 1 0 2 7 -5 0 0x287280000000000 35.55 81.0459 -308.59 -1.59734 0.762257 -3.12326
2 1 0 2 7 -4 0 0x287300000000000 35.55 81.0459 -246.872 -1.59734 0.762257 -3.12326
2 1 0 2 7 -3 0 0x287380000000000 35.55 81.0459 -185.154 -1.59734 0.762257 -3.12326
2 1 0 2 7 -2 0 0x287400000000000 35.55 81.0459 -123.436 -1.59734 0.762257 -3.12326
2 1 0 2 7 -1 0 0x287480000000000 35.55 81.0459 -61.718 -1.59734 0.762257 -3.12326
2 1 0 2 7 0 0 0x287500000000000 35.1356 80.612 0 -1.5708 0.762433 -3.14159
2 1 0 2 7 1 0 0x287580000000000 35.55 81.0459 61.718 -1.54425 0.762257 3.12326
2 1 0 2 7 2 0 0x287600000000000 35.55 81.0459 123.436 -1.54425 0.762257 3.12326
2 1 0 2 7 3 0 0x287680000000000 35.55 81.0459 185.154 -1.54425 0.762257 3.12326
2 1 0 2 7 4 0 0x287700000000000 35.55 81.0459 246.872 -1.54425 0.762257 3.12326
2 1 0 2 7 5 0 0x287780000000000 35.55 81.0459 308.59 -1.54425 0.762257 3.12326
2 1 0 2 7 6 0 0x287800000000000 35.55 81.0459 370.308 -1.54425 0.762257 3.12326
2 1 0 2 8 -6 0 0x288200000000000 21.7255 85.7919 -370.308 -1.59401 0.596961 -3.12854
2 1 0 2 8 -5 0 0x288280000000000 21.7255 85.7919 -308.59 -1.59401 0.596961 -3.12854
2 1 0 2 8 -4 0 0x288300000000000 21.7255 85.7919 -246.872 -1.59401 0.596961 -3.12854
2 1 0 2 8 -3 0 0x288380000000000 21.7255 85.7919 -185.154 -1.59401 0.596961 -3.12854
2 1 0 2 8 -2 0 0x288400000000000 21.7255 85.7919 -123.436 -1.59401 0.596961 -3.12854
2 1 0 2 8 -1 0 0x288480000000000 21.7255 85.7919 -61.718 -1.59401 0.596961 -3.12854
2 1 0 2 8 0 0 0x288500000000000 21.3881 85.2957 0 -1.5708 0.597086 -3.14159
2 1 0 2 8 1 0 0x288580000000000 21.7255 85.7919 61.718 -1.54758 0.596961 3.12854
2 1 0 2 8 2 0 0x288600000000000 21.7255 85.7919 123.436 -1.54758 0.596961 3.12854
2 1 0 2 8 3 0 0x288680000000000 21.7255 85.7919 185.154 -1.54758 0.596961 3.12854
2 1 0 2 8 4 0 0x288700000000000 21.7255 85.7919 246.872 -1.54758 0.596961 3.12854
2 1 0 2 8 5 0 0x288780000000000 21.7255 85.7919 308.59 -1.54758 0.596961 3.12854
2 1 0 2 8 6 0 0x288800000000000 21.7255 85.7919 370.308 -1.54758 0.596961 3.12854
2 1 0 2 9 -6 0 0x289200000000000 7.30827 88.1977 -370.308 -1.59193 0.431654 -3.13275
2 1 0 2 9 -5 0 0x289280000000000 7.30827 88.1977 -308.59 -1.59193 0.431654 -3.13275
2 1 0 2 9 -4 0 0x289300000000000 7.30827 88.1977 -246.872 -1.59193 0.431654 -3.13275
2 1 0 2 9 -3 0 0x289380000000000 7.30827 88.1977 -185.154 -1.59193 0.431654 -3.13275
2 1 0 2 9 -2 0 0x289400000000000 7.30827 88.1977 -123.436 -1.59193 0.431654 -3.13275
2 1 0 2 9 -1 0 0x289480000000000 7.30827 88.1977 -61.718 -1.59193 0.431654 -3.13275
2 1 0 2 9 0 0 0x289500000000000 7.0572 87.6528 0 -1.5708 0.431739 -3.14159
2 1 0 2 9 1 0 0x289580000000000 7.30827 88.1977 61.718 -1.54966 0.431654 3.13275
2 1 0 2 9 2 0 0x289600000000000 7.30827 88.1977 123.436 -1.54966 0.431654 3.13275
2 1 0 2 9 3 0 0x289680000000000 7.30827 88.1977 185.154 -1.54966 0.431654 3.13275
2 1 0 2 9 4 0 0x289700000000000 7.30827 88.1977 246.872 -1.54966 0.431654 3.13275
2 1 0 2 9 5 0 0x289780000000000 7.30827 88.1977 308.59 -1.54966 0.431654 3.13275
2 1 0 2 9 6 0 0x289800000000000 7.30827 88.1977 370.308 -1.54966 0.431654 3.13275
2 1 0 2 10 -6 0 0x28a200000000000 -7.30827 88.1977 -370.308 -1.5907 0.266342 -3.13635
2 1 0 2 10 -5 0 0x28a280000000000 -7.30827 88.1977 -308.59 -1.5907 0.266342 -3.13635
2 1 0 2 10 -4 0 0x28a300000000000 -7.30827 88.1977 -246.872 -1.5907 0.266342 -3.13635
2 1 0 2 10 -3 0 0x28a380000000000 -7.30827 88.1977 -185.154 -1.5907 0.266342 -3.13635
2 1 0 2 10 -2 0 0x28a400000000000 -7.30827 88.1977 -123.436 -1.5907 0.266342 -3.13635
2 1 0 2 10 -1 0 0x28a480000000000 -7.30827 88.1977 -61.718 -1.5907 0.266342 -3.13635
2 1 0 2 10 0 0 0x28a500000000000 -7.46622 87.6189 0 -1.5708 0.266392 -3.14159
2 1 0 2 10 1 0 0x28a580000000000 -7.30827 88.1977 61.718 -1.5509 0.266342 3.13635
2 1 0 2 10 2 0 0x28a600000000000 -7.30827 88.1977 123.436 -1.5509 0.266342 3.13635
2 1 0 2 10 3 0 0x28a680000000000 -7.30827 88.1977 185.154 -1.5509 0.266342 3.13635
2 1 0 2 10 4 0 0x28a700000000000 -7.30827 88.1977 246.872 -1.5509 0.266342 3.13635
2 1 0 2 10 5 0 0x28a780000000000 -7.30827 88.1977 308.59 -1.5509 0.266342 3.13635
2 1 0 2 10 6 0 0x28a800000000000 -7.30827 88.1977 370.308 -1.5509 0.266342 3.13635
2 1 0 2 11 -6 0 0x28b200000000000 -21.7255 85.7919 -370.308 -1.59009 0.101027 -3.13965
2 1 0 2 11 -5 0 0x28b280000000000 -21.7255 85.7919 -308.59 -1.59009 0.101027 -3.13965
2 1 0 2 11 -4 0 0x28b300000000000 -21.7255 85.7919 -246.872 -1.59009 0.101027 -3.13965
2 1 0 2 11 -3 0 0x28b380000000000 -21.7255 85.7919 -185.154 -1.59009 0.101027 -3.13965
2 1 0 2 11 -2 0 0x28b400000000000 -21.7255 85.7919 -123.436 -1.59009 0.101027 -3.13965
2 1 0 2 11 -1 0 0x28b480000000000 -21.7255 85.7919 -61.718 -1.59009 0.101027 -3.13965
2 1 0 2 11 0 0 0x28b500000000000 -21.786 85.195 0 -1.5708 0.101045 -3.14159
2 1 0 2 11 1 0 0x28b580000000000 -21.7255 85.7919 61.718 -1.5515 0.101027 3.13965
2 1 0 2 11 2 0 0x28b600000000000 -21.7255 85.7919 123.436 -1.5515 0.101027 3.13965
2 1 0 2 11 3 0 0x28b680000000000 -21.7255 85.7919 185.154 -1.5515 0.101027 3.13965
2 1 0 2 11 4 0 0x28b700000000000 -21.7255 85.7919 246.872 -1.5515 0.101027 3.13965
2 1 0 2 11 5 0 0x28b780000000000 -21.7255 85.7919 308.59 -1.5515 0.101027 3.13965
2 1 0 2 11 6 0 0x28b800000000000 -21.7255 85.7919 370.308 -1.5515 0.101027 3.13965
2 1 0 2 12 -6 0 0x28c200000000000 -35.55 81.0459 -370.308 -1.59003 -0.0642897 3.14036
2 1 0 2 12 -5 0 0x28c280000000000 -35.55 81.0459 -308.59 -1.59003 -0.0642897 3.14036
2 1 0 2 12 -4 0 0x28c300000000000 -35.55 81.0459 -246.872 -1.59003 -0.0642897 3.14036
2 1 0 2 12 -3 0 0x28c380000000000 -35.55 81.0459 -185.154 -1.59003 -0.0642897 3.14036
2 1 0 2 12 -2 0 0x28c400000000000 -35.55 81.0459 -123.436 -1.59003 -0.0642897 3.14036
2 1 0 2 12 -1 0 0x28c480000000000 -35.55 81.0459 -61.718 -1.59003 -0.0642897 3.14036
2 1 0 2 12 0 0 0x28c500000000000 -35.5115 80.4472 0 -1.5708 -0.0643016 -3.14159
2 1 0 2 12 1 0 0x28c580000000000 -35.55 81.0459 61.718 -1.55156 -0.0642897 -3.14036
2 1 0 2 12 2 0 0x28c600000000000 -35.55 81.0459 123.436 -1.55156 -0.0642897 -3.14036
2 1 0 2 12 3 0 0x28c680000000000 -35.55 81.0459 185.154 -1.55156 -0.0642897 -3.14036
2 1 0 2 12 4 0 0x28c700000000000 -35.55 81.0459 246.872 -1.55156 -0.0642897 -3.14036
2 1 0 2 12 5 0 0x28c780000000000 -35.55 81.0459 308.59 -1.55156 -0.0642897 -3.14036
2 1 0 2 12 6 0 0x28c800000000000 -35.55 81.0459 370.308 -1.55156 -0.0642897 -3.14036
2 1 0 2 13 -6 0 0x28d200000000000 -48.4049 74.0892 -370.308 -1.59051 -0.229606 3.1371
2 1 0 2 13 -5 0 0x28d280000000000 -48.4049 74.0892 -308.59 -1.59051 -0.229606 3.1371
2 1 0 2 13 -4 0 0x28d300000000000 -48.4049 74.0892 -246.872 -1.59051 -0.229606 3.1371
2 1 0 2 13 -3 0 0x28d380000000000 -48.4049 74.0892 -185.154 -1.59051 -0.229606 3.1371
2 1 0 2 13 -2 0 0x28d400000000000 -48.4049 74.0892 -123.436 -1.59051 -0.229606 3.1371
2 1 0 2 13 -1 0 0x28d480000000000 -48.4049 74.0892 -61.718 -1.59051 -0.229606 3.1371
2 1 0 2 13 0 0 0x28d500000000000 -48.2683 73.505 0 -1.5708 -0.229649 -3.14159
2 1 0 2 13 1 0 0x28d580000000000 -48.4049 74.0892 61.718 -1.55108 -0.229606 -3.1371
2 1 0 2 13 2 0 0x28d600000000000 -48.4049 74.0892 123.436 -1.55108 -0.229606 -3.1371
2 1 0 2 13 3 0 0x28d680000000000 -48.4049 74.0892 185.154 -1.55108 -0.229606 -3.1371
2 1 0 2 13 4 0 0x28d700000000000 -48.4049 74.0892 246.872 -1.55108 -0.229606 -3.1371
2 1 0 2 13 5 0 0x28d780000000000 -48.4049 74.0892 308.59 -1.55108 -0.229606 -3.1371
2 1 0 2 13 6 0 0x28d800000000000 -48.4049 74.0892 370.308 -1.55108 -0.229606 -3.1371
2 1 0 2 14 -6 0 0x28e200000000000 -59.9394 65.1116 -370.308 -1.5916 -0.394919 3.13359
2 1 0 2 14 -5 0 0x28e280000000000 -59.9394 65.1116 -308.59 -1.5916 -0.394919 3.13359
2 1 0 2 14 -4 0 0x28e300000000000 -59.9394 65.1116 -246.872 -1.5916 -0.394919 3.13359
2 1 0 2 14 -3 0 0x28e380000000000 -59.9394 65.1116 -185.154 -1.5916 -0.394919 3.13359
2 1 0 2 14 -2 0 0x28e400000000000 -59.9394 65.1116 -123.436 -1.5916 -0.394919 3.13359
2 1 0 2 14 -1 0 0x28e480000000000 -59.9394 65.1116 -61.718 -1.5916 -0.394919 3.13359
2 1 0 2 14 0 0 0x28e500000000000 -59.7085 64.5578 0 -1.5708 -0.394996 -3.14159
2 1 0 2 14 1 0 0x28e580000000000 -59.9394 65.1116 61.718 -1.55 -0.394919 -3.13359
2 1 0 2 14 2 0 0x28e600000000000 -59.9394 65.1116 123.436 -1.55 -0.394919 -3.13359
2 1 0 2 14 3 0 0x28e680000000000 -59.9394 65.1116 185.154 -1.55 -0.394919 -3.13359
2 1 0 2 14 4 0 0x28e700000000000 -59.9394 65.1116 246.872 -1.55 -0.394919 -3.13359
2 1 0 2 14 5 0 0x28e780000000000 -59.9394 65.1116 308.59 -1.55 -0.394919 -3.13359
2 1 0 2 14 6 0 0x28e800000000000 -59.9394 65.1116 370.308 -1.55 -0.394919 -3.13359
2 1 0 2 15 -6 0 0x28f200000000000 -69.8389 54.3578 -370.308 -1.59346 -0.560227 3.12955
2 1 0 2 15 -5 0 0x28f280000000000 -69.8389 54.3578 -308.59 -1.59346 -0.560227 3.12955
2 1 0 2 15 -4 0 0x28f300000000000 -69.8389 54.3578 -246.872 -1.59346 -0.560227 3.12955
2 1 0 2 15 -3 0 0x28f380000000000 -69.8389 54.3578 -185.154 -1.59346 -0.560227 3.12955
2 1 0 2 15 -2 0 0x28f400000000000 -69.8389 54.3578 -123.436 -1.59346 -0.560227 3.12955
2 1 0 2 15 -1 0 0x28f480000000000 -69.8389 54.3578 -61.718 -1.59346 -0.560227 3.12955
2 1 0 2 15 0 0 0x28f500000000000 -69.52 53.8496 0 -1.5708 -0.560343 -3.14159
2 1 0 2 15 1 0 0x28f580000000000 -69.8389 54.3578 61.718 -1.54813 -0.560227 -3.12955
2 1 0 2 15 2 0 0x28f600000000000 -69.8389 54.3578 123.436 -1.54813 -0.560227 -3.12955
2 1 0 2 15 3 0 0x28f680000000000 -69.8389 54.3578 185.154 -1.54813 -0.560227 -3.12955
2 1 0 2 15 4 0 0x28f700000000000 -69.8389 54.3578 246.872 -1.54813 -0.560227 -3.12955
2 1 0 2 15 5 0 0x28f780000000000 -69.8389 54.3578 308.59 -1.54813 -0.560227 -3.12955
2 1 0 2 15 6 0 0x28f800000000000 -69.8389 54.3578 370.308 -1.54813 -0.560227 -3.12955
2 1 0 2 16 -6 0 0x290200000000000 -77.8334 42.1213 -370.308 -1.59646 -0.725526 3.12456
2 1 0 2 16 -5 0 0x290280000000000 -77.8334 42.1213 -308.59 -1.59646 -0.725526 3.12456
2 1 0 2 16 -4 0 0x290300000000000 -77.8334 42.1213 -246.872 -1.59646 -0.725526 3.12456
2 1 0 2 16 -3 0 0x290380000000000 -77.8334 42.1213 -185.154 -1.59646 -0.725526 3.12456
2 1 0 2 16 -2 0 0x290400000000000 -77.8334 42.1213 -123.436 -1.59646 -0.725526 3.12456
2 1 0 2 16 -1 0 0x290480000000000 -77.8334 42.1213 -61.718 -1.59646 -0.725526 3.12456
2 1 0 2 16 0 0 0x290500000000000 -77.4352 41.6725 0 -1.5708 -0.72569 -3.14159
2 1 0 2 16 1 0 0x290580000000000 -77.8334 42.1213 61.718 -1.54513 -0.725526 -3.12456
2 1 0 2 16 2 0 0x290600000000000 -77.8334 42.1213 123.436 -1.54513 -0.725526 -3.12456
2 1 0 2 16 3 0 0x290680000000000 -77.8334 42.1213 185.154 -1.54513 -0.725526 -3.12456
2 1 0 2 16 4 0 0x290700000000000 -77.8334 42.1213 246.872 -1.54513 -0.725526 -3.12456
2 1 0 2 16 5 0 0x290780000000000 -77.8334 42.1213 308.59 -1.54513 -0.725526 -3.12456
2 1 0 2 16 6 0 0x290800000000000 -77.8334 42.1213 370.308 -1.54513 -0.725526 -3.12456
2 1 0 2 17 -6 0 0x291200000000000 -83.7048 28.7359 -370.308 -1.60133 -0.890809 3.11785
2 1 0 2 17 -5 0 0x291280000000000 -83.7048 28.7359 -308.59 -1.60133 -0.890809 3.11785
2 1 0 2 17 -4 0 0x291300000000000 -83.7048 28.7359 -246.872 -1.60133 -0.890809 3.11785
2 1 0 2 17 -3 0 0x291380000000000 -83.7048 28.7359 -185.154 -1.60133 -0.890809 3.11785
2 1 0 2 17 -2 0 0x291400000000000 -83.7048 28.7359 -123.436 -1.60133 -0.890809 3.11785
2 1 0 2 17 -1 0 0x291480000000000 -83.7048 28.7359 -61.718 -1.60133 -0.890809 3.11785
2 1 0 2 17 0 0 0x291500000000000 -83.2382 28.3587 0 -1.5708 -0.891037 -3.14159
2 1 0 2 17 1 0 0x291580000000000 -83.7048 28.7359 61.718 -1.54026 -0.890809 -3.11785
2 1 0 2 17 2 0 0x291600000000000 -83.7048 28.7359 123.436 -1.54026 -0.890809 -3.11785
2 1 0 2 17 3 0 0x291680000000000 -83.7048 28.7359 185.154 -1.54026 -0.890809 -3.11785
2 1 0 2 17 4 0 0x291700000000000 -83.7048 28.7359 246.872 -1.54026 -0.890809 -3.11785
2 1 0 2 17 5 0 0x291780000000000 -83.7048 28.7359 308.59 -1.54026 -0.890809 -3.11785
2 1 0 2 17 6 0 0x291800000000000 -83.7048 28.7359 370.308 -1.54026 -0.890809 -3.11785
2 1 0 2 18 -6 0 0x292200000000000 -87.293 14.5666 -370.308 -1.6098 -1.05606 3.10764
2 1 0 2 18 -5 0 0x292280000000000 -87.293 14.5666 -308.59 -1.6098 -1.05606 3.10764
2 1 0 2 18 -4 0 0x292300000000000 -87.293 14.5666 -246.872 -1.6098 -1.05606 3.10764
2 1 0 2 18 -3 0 0x292380000000000 -87.293 14.5666 -185.154 -1.6098 -1.05606 3.10764
2 1 0 2 18 -2 0 0x292400000000000 -87.293 14.5666 -123.436 -1.6098 -1.05606 3.10764
2 1 0 2 18 -1 0 0x292480000000000 -87.293 14.5666 -61.718 -1.6098 -1.05606 3.10764
2 1 0 2 18 0 0 0x292500000000000 -86.7706 14.2714 0 -1.5708 -1.05638 -3.14159
2 1 0 2 18 1 0 0x292580000000000 -87.293 14.5666 61.718 -1.53179 -1.05606 -3.10764
2 1 0 2 18 2 0 0x292600000000000 -87.293 14.5666 123.436 -1.53179 -1.05606 -3.10764
2 1 0 2 18 3 0 0x292680000000000 -87.293 14.5666 185.154 -1.53179 -1.05606 -3.10764
2 1 0 2 18 4 0 0x292700000000000 -87.293 14.5666 246.872 -1.53179 -1.05606 -3.10764
2 1 0 2 18 5 0 0x292780000000000 -87.293 14.5666 308.59 -1.53179 -1.05606 -3.10764
2 1 0 2 18 6 0 0x292800000000000 -87.293 14.5666 370.308 -1.53179 -1.05606 -3.10764
2 1 0 2 19 -6 0 0x293200000000000 -88.5 1.08381e-14 -370.308 -1.62688 -1.22122 3.0889
2 1 0 2 19 -5 0 0x293280000000000 -88.5 1.08381e-14 -308.59 -1.62688 -1.22122 3.0889
2 1 0 2 19 -4 0 0x293300000000000 -88.5 1.08381e-14 -246.872 -1.62688 -1.22122 3.0889
2 1 0 2 19 -3 0 0x293380000000000 -88.5 1.08381e-14 -185.154 -1.62688 -1.22122 3.0889
2 1 0 2 19 -2 0 0x293400000000000 -88.5 1.08381e-14 -123.436 -1.62688 -1.22122 3.0889
2 1 0 2 19 -1 0 0x293480000000000 -88.5 1.08381e-14 -61.718 -1.62688 -1.22122 3.0889
2 1 0 2 19 0 0 0x293500000000000 -87.9362 -0.205212 0 -1.5708 -1.22173 -3.14159
2 1 0 2 19 1 0 0x293580000000000 -88.5 1.08381e-14 61.718 -1.51472 -1.22122 -3.0889
2 1 0 2 19 2 0 0x293600000000000 -88.5 1.08381e-14 123.436 -1.51472 -1.22122 -3.0889
2 1 0 2 19 3 0 0x293680000000000 -88.5 1.08381e-14 185.154 -1.51472 -1.22122 -3.0889
2 1 0 2 19 4 0 0x293700000000000 -88.5 1.08381e-14 246.872 -1.51472 -1.22122 -3.0889
2 1 0 2 19 5 0 0x293780000000000 -88.5 1.08381e-14 308.59 -1.51472 -1.22122 -3.0889
2 1 0 2 19 6 0 0x293800000000000 -88.5 1.08381e-14 370.308 -1.51472 -1.22122 -3.0889
2 1 0 2 20 -6 0 0x294200000000000 -87.293 -14.5666 -370.308 -1.67551 -1.38609 3.03864
2 1 0 2 20 -5 0 0x294280000000000 -87.293 -14.5666 -308.59 -1.67551 -1.38609 3.03864
2 1 0 2 20 -4 0 0x294300000000000 -87.293 -14.5666 -246.872 -1.67551 -1.38609 3.03864
2 1 0 2 20 -3 0 0x294380000000000 -87.293 -14.5666 -185.154 -1.67551 -1.38609 3.03864
2 1 0 2 20 -2 0 0x294400000000000 -87.293 -14.5666 -123.436 -1.67551 -1.38609 3.03864
2 1 0 2 20 -1 0 0x294480000000000 -87.293 -14.5666 -61.718 -1.67551 -1.38609 3.03864
2 1 0 2 20 0 0 0x294500000000000 -86.7031 -14.6762 0 -1.5708 -1.38708 -3.14159
2 1 0 2 20 1 0 0x294580000000000 -87.293 -14.5666 61.718 -1.46608 -1.38609 -3.03864
2 1 0 2 20 2 0 0x294600000000000 -87.293 -14.5666 123.436 -1.46608 -1.38609 -3.03864
2 1 0 2 20 3 0 0x294680000000000 -87.293 -14.5666 185.154 -1.46608 -1.38609 -3.03864
2 1 0 2 20 4 0 0x294700000000000 -87.293 -14.5666 246.872 -1.46608 -1.38609 -3.03864
2 1 0 2 20 5 0 0x294780000000000 -87.293 -14.5666 308.59 -1.46608 -1.38609 -3.03864
2 1 0 2 20 6 0 0x294800000000000 -87.293 -14.5666 370.308 -1.46608 -1.38609 -3.03864
2 1 0 2 21 -6 0 0x295200000000000 -83.7048 -28.7359 -370.308 -2.37829 -1.54422 2.33428
2 1 0 2 21 -5 0 0x295280000000000 -83.7048 -28.7359 -308.59 -2.37829 -1.54422 2.33428
2 1 0 2 21 -4 0 0x295300000000000 -83.7048 -28.7359 -246.872 -2.37829 -1.54422 2.33428
2 1 0 2 21 -3 0 0x295380000000000 -83.7048 -28.7359 -185.154 -2.37829 -1.54422 2.33428
2 1 0 2 21 -2 0 0x295400000000000 -83.7048 -28.7359 -123.436 -2.37829 -1.54422 2.33428
2 1 0 2 21 -1 0 0x295480000000000 -83.7048 -28.7359 -61.718 -2.37829 -1.54422 2.33428
2 1 0 2 21 0 0 0x295500000000000 -83.1049 -28.7469 0 -1.5708 -1.55242 -3.14159
2 1 0 2 21 1 0 0x295580000000000 -83.7048 -28.7359 61.718 -0.763307 -1.54422 -2.33428
2 1 0 2 21 2 0 0x295600000000000 -83.7048 -28.7359 123.436 -0.763307 -1.54422 -2.33428
2 1 0 2 21 3 0 0x295680000000000 -83.7048 -28.7359 185.154 -0.763307 -1.54422 -2.33428
2 1 0 2 21 4 0 0x295700000000000 -83.7048 -28.7359 246.872 -0.763307 -1.54422 -2.33428
2 1 0 2 21 5 0 0x295780000000000 -83.7048 -28.7359 308.59 -0.763307 -1.54422 -2.33428
2 1 0 2 21 6 0 0x295800000000000 -83.7048 -28.7359 370.308 -0.763307 -1.54422 -2.33428
2 1 0 2 22 -6 0 0x296200000000000 -77.8334 -42.1213 -370.308 1.70117 -1.42258 0.128955
2 1 0 2 22 -5 0 0x296280000000000 -77.8334 -42.1213 -308.59 1.70117 -1.42258 0.128955
2 1 0 2 22 -4 0 0x296300000000000 -77.8334 -42.1213 -246.872 1.70117 -1.42258 0.128955
2 1 0 2 22 -3 0 0x296380000000000 -77.8334 -42.1213 -185.154 1.70117 -1.42258 0.128955
2 1 0 2 22 -2 0 0x296400000000000 -77.8334 -42.1213 -123.436 1.70117 -1.42258 0.128955
2 1 0 2 22 -1 0 0x296480000000000 -77.8334 -42.1213 -61.718 1.70117 -1.42258 0.128955
2 1 0 2 22 0 0 0x296500000000000 -77.2399 -42.0335 0 1.5708 -1.42382 0
2 1 0 2 22 1 0 0x296580000000000 -77.8334 -42.1213 61.718 1.44043 -1.42258 -0.128955
2 1 0 2 22 2 0 0x296600000000000 -77.8334 -42.1213 123.436 1.44043 -1.42258 -0.128955
2 1 0 2 22 3 0 0x296680000000000 -77.8334 -42.1213 185.154 1.44043 -1.42258 -0.128955
2 1 0 2 22 4 0 0x296700000000000 -77.8334 -42.1213 246.872 1.44043 -1.42258 -0.128955
2 1 0 2 22 5 0 0x296780000000000 -77.8334 -42.1213 308.59 1.44043 -1.42258 -0.128955
2 1 0 2 22 6 0 0x296800000000000 -77.8334 -42.1213 370.308 1.44043 -1.42258 -0.128955
2 1 0 2 23 -6 0 0x297200000000000 -69.8389 -54.3578 -370.308 1.6332 -1.2579 0.0593852
2 1 0 2 23 -5 0 0x297280000000000 -69.8389 -54.3578 -308.59 1.6332 -1.2579 0.0593852
2 1 0 2 23 -4 0 0x297300000000000 -69.8389 -54.3578 -246.872 1.6332 -1.2579 0.0593852
2 1 0 2 23 -3 0 0x297380000000000 -69.8389 -54.3578 -185.154 1.6332 -1.2579 0.0593852
2 1 0 2 23 -2 0 0x297400000000000 -69.8389 -54.3578 -123.436 1.6332 -1.2579 0.0593852
2 1 0 2 23 -1 0 0x297480000000000 -69.8389 -54.3578 -61.718 1.6332 -1.2579 0.0593852
2 1 0 2 23 0 0 0x297500000000000 -69.268 -54.1735 0 1.5708 -1.25847 0
2 1 0 2 23 1 0 0x297580000000000 -69.8389 -54.3578 61.718 1.50839 -1.2579 -0.0593852
2 1 0 2 23 2 0 0x297600000000000 -69.8389 -54.3578 123.436 1.50839 -1.2579 -0.0593852
2 1 0 2 23 3 0 0x297680000000000 -69.8389 -54.3578 185.154 1.50839 -1.2579 -0.0593852
2 1 0 2 23 4 0 0x297700000000000 -69.8389 -54.3578 246.872 1.50839 -1.2579 -0.0593852
2 1 0 2 23 5 0 0x297780000000000 -69.8389 -54.3578 308.59 1.50839 -1.2579 -0.0593852
2 1 0 2 23 6 0 0x297800000000000 -69.8389 -54.3578 370.308 1.50839 -1.2579 -0.0593852
2 1 0 2 24 -6 0 0x298200000000000 -59.9394 -65.1116 -370.308 1.61254 -1.09277 0.0370686
2 1 0 2 24 -5 0 0x298280000000000 -59.9394 -65.1116 -308.59 1.61254 -1.09277 0.0370686
2 1 0 2 24 -4 0 0x298300000000000 -59.9394 -65.1116 -246.872 1.61254 -1.09277 0.0370686
2 1 0 2 24 -3 0 0x298380000000000 -59.9394 -65.1116 -185.154 1.61254 -1.09277 0.0370686
2 1 0 2 24 -2 0 0x298400000000000 -59.9394 -65.1116 -123.436 1.61254 -1.09277 0.0370686
2 1 0 2 24 -1 0 0x298480000000000 -59.9394 -65.1116 -61.718 1.61254 -1.09277 0.0370686
2 1 0 2 24 0 0 0x298500000000000 -59.4066 -64.8357 0 1.5708 -1.09313 0
2 1 0 2 24 1 0 0x298580000000000 -59.9394 -65.1116 61.718 1.52905 -1.09277 -0.0370686
2 1 0 2 24 2 0 0x298600000000000 -59.9394 -65.1116 123.436 1.52905 -1.09277 -0.0370686
2 1 0 2 24 3 0 0x298680000000000 -59.9394 -65.1116 185.154 1.52905 -1.09277 -0.0370686
2 1 0 2 24 4 0 0x298700000000000 -59.9394 -65.1116 246.872 1.52905 -1.09277 -0.0370686
2 1 0 2 24 5 0 0x298780000000000 -59.9394 -65.1116 308.59 1.52905 -1.09277 -0.0370686
2 1 0 2 24 6 0 0x298800000000000 -59.9394 -65.1116 370.308 1.52905 -1.09277 -0.0370686
2 1 0 2 25 -6 0 0x299200000000000 -48.4049 -74.0892 -370.308 1.60281 -0.927534 0.0256169
2 1 0 2 25 -5 0 0x299280000000000 -48.4049 -74.0892 -308.59 1.60281 -0.927534 0.0256169
2 1 0 2 25 -4 0 0x299300000000000 -48.4049 -74.0892 -246.872 1.60281 -0.927534 0.0256169
2 1 0 2 25 -3 0 0x299380000000000 -48.4049 -74.0892 -185.154 1.60281 -0.927534 0.0256169
2 1 0 2 25 -2 0 0x299400000000000 -48.4049 -74.0892 -123.436 1.60281 -0.927534 0.0256169
2 1 0 2 25 -1 0 0x299480000000000 -48.4049 -74.0892 -61.718 1.60281 -0.927534 0.0256169
2 1 0 2 25 0 0 0x299500000000000 -47.9247 -73.7295 0 1.5708 -0.92778 0
2 1 0 2 25 1 0 0x299580000000000 -48.4049 -74.0892 61.718 1.53878 -0.927534 -0.0256169
2 1 0 2 25 2 0 0x299600000000000 -48.4049 -74.0892 123.436 1.53878 -0.927534 -0.0256169
2 1 0 2 25 3 0 0x299680000000000 -48.4049 -74.0892 185.154 1.53878 -0.927534 -0.0256169
2 1 0 2 25 4 0 0x299700000000000 -48.4049 -74.0892 246.872 1.53878 -0.927534 -0.0256169
2 1 0 2 25 5 0 0x299780000000000 -48.4049 -74.0892 308.59 1.53878 -0.927534 -0.0256169
2 1 0 2 25 6 0 0x299800000000000 -48.4049 -74.0892 370.308 1.53878 -0.927534 -0.0256169
2 1 0 2 26 -6 0 0x29a200000000000 -35.55 -81.0459 -370.308 1.59734 -0.762257 0.0183333
2 1 0 2 26 -5 0 0x29a280000000000 -35.55 -81.0459 -308.59 1.59734 -0.762257 0.0183333
2 1 0 2 26 -4 0 0x29a300000000000 -35.55 -81.0459 -246.872 1.59734 -0.762257 0.0183333
2 1 0 2 26 -3 0 0x29a380000000000 -35.55 -81.0459 -185.154 1.59734 -0.762257 0.0183333
2 1 0 2 26 -2 0 0x29a400000000000 -35.55 -81.0459 -123.436 1.59734 -0.762257 0.0183333
2 1 0 2 26 -1 0 0x29a480000000000 -35.55 -81.0459 -61.718 1.59734 -0.762257 0.0183333
2 1 0 2 26 0 0 0x29a500000000000 -35.1356 -80.612 0 1.5708 -0.762433 0
2 1 0 2 26 1 0 0x29a580000000000 -35.55 -81.0459 61.718 1.54425 -0.762257 -0.0183333
2 1 0 2 26 2 0 0x29a600000000000 -35.55 -81.0459 123.436 1.54425 -0.762257 -0.0183333
2 1 0 2 26 3 0 0x29a680000000000 -35.55 -81.0459 185.154 1.54425 -0.762257 -0.0183333
2 1 0 2 26 4 0 0x29a700000000000 -35.55 -81.0459 246.872 1.54425 -0.762257 -0.0183333
2 1 0 2 26 5 0 0x29a780000000000 -35.55 -81.0459 308.59 1.54425 -0.762257 -0.0183333
2 1 0 2 26 6 0 0x29a800000000000 -35.55 -81.0459 370.308 1.54425 -0.762257 -0.0183333
2 1 0 2 27 -6 0 0x29b200000000000 -21.7255 -85.7919 -370.308 1.59401 -0.596961 0.013051
2 1 0 2 27 -5 0 0x29b280000000000 -21.7255 -85.7919 -308.59 1.59401 -0.596961 0.013051
2 1 0 2 27 -4 0 0x29b300000000000 -21.7255 -85.7919 -246.872 1.59401 -0.596961 0.013051
2 1 0 2 27 -3 0 0x29b380000000000 -21.7255 -85.7919 -185.154 1.59401 -0.596961 0.013051
2 1 0 2 27 -2 0 0x29b400000000000 -21.7255 -85.7919 -123.436 1.59401 -0.596961 0.013051
2 1 0 2 27 -1 0 0x29b480000000000 -21.7255 -85.7919 -61.718 1.59401 -0.596961 0.013051
2 1 0 2 27 0 0 0x29b500000000000 -21.3881 -85.2957 0 1.5708 -0.597086 0
2 1 0 2 27 1 0 0x29b580000000000 -21.7255 -85.7919 61.718 1.54758 -0.596961 -0.013051
2 1 0 2 27 2 0 0x29b600000000000 -21.7255 -85.7919 123.436 1.54758 -0.596961 -0.013051
2 1 0 2 27 3 0 0x29b680000000000 -21.7255 -85.7919 185.154 1.54758 -0.596961 -0.013051
2 1 0 2 27 4 0 0x29b700000000000 -21.7255 -85.7919 246.872 1.54758 -0.596961 -0.013051
2 1 0 2 27 5 0 0x29b780000000000 -21.7255 -85.7919 308.59 1.54758 -0.596961 -0.013051
2 1 0 2 27 6 0 0x29b800000000000 -21.7255 -85.7919 370.308 1.54758 -0.596961 -0.013051
2 1 0 2 28 -6 0 0x29c200000000000 -7.30827 -88.1977 -370.308 1.59193 -0.431654 0.00884457
2 1 0 2 28 -5 0 0x29c280000000000 -7.30827 -88.1977 -308.59 1.59193 -0.431654 0.00884457
2 1 0 2 28 -4 0 0x29c300000000000 -7.30827 -88.1977 -246.872 1.59193 -0.431654 0.00884457
2 1 0 2 28 -3 0 0x29c380000000000 -7.30827 -88.1977 -185.154 1.59193 -0.431654 0.00884457
2 1 0 2 28 -2 0 0x29c400000000000 -7.30827 -88.1977 -123.436 1.59193 -0.431654 0.00884457
2 1 0 2 28 -1 0 0x29c480000000000 -7.30827 -88.1977 -61.718 1.59193 -0.431654 0.00884457
2 1 0 2 28 0 0 0x29c500000000000 -7.0572 -87.6528 0 1.5708 -0.431739 0
2 1 0 2 28 1 0 0x29c580000000000 -7.30827 -88.1977 61.718 1.54966 -0.431654 -0.00884457
2 1 0 2 28 2 0 0x29c600000000000 -7.30827 -88.1977 123.436 1.54966 -0.431654 -0.00884457
2 1 0 2 28 3 0 0x29c680000000000 -7.30827 -88.1977 185.154 1.54966 -0.431654 -0.00884457
2 1 0 2 28 4 0 0x29c700000000000 -7.30827 -88.1977 246.872 1.54966 -0.431654 -0.00884457
2 1 0 2 28 5 0 0x29c780000000000 -7.30827 -88.1977 308.59 1.54966 -0.431654 -0.00884457
2 1 0 2 28 6 0 0x29c800000000000 -7.30827 -88.1977 370.308 1.54966 -0.431654 -0.00884457
2 1 0 2 29 -6 0 0x29d200000000000 7.30827 -88.1977 -370.308 1.5907 -0.266342 0.00523851
2 1 0 2 29 -5 0 0x29d280000000000 7.30827 -88.1977 -308.59 1.5907 -0.266342 0.00523851
2 1 0 2 29 -4 0 0x29d300000000000 7.30827 -88.1977 -246.872 1.5907 -0.266342 0.00523851
2 1 0 2 29 -3 0 0x29d380000000000 7.30827 -88.1977 -185.154 1.5907 -0.266342 0.00523851
2 1 0 2 29 -2 0 0x29d400000000000 7.30827 -88.1977 -123.436 1.5907 -0.266342 0.00523851
2 1 0 2 29 -1 0 0x29d480000000000 7.30827 -88.1977 -61.718 1.5907 -0.266342 0.00523851
2 1 0 2 29 0 0 0x29d500000000000 7.46622 -87.6189 0 1.5708 -0.266392 0
2 1 0 2 29 1 0 0x29d580000000000 7.30827 -88.1977 61.718 1.5509 -0.266342 -0.00523851
2 1 0 2 29 2 0 0x29d600000000000 7.30827 -88.1977 123.436 1.5509 -0.266342 -0.00523851
2 1 0 2 29 3 0 0x29d680000000000 7.30827 -88.1977 185.154 1.5509 -0.266342 -0.00523851
2 1 0 2 29 4 0 0x29d700000000000 7.30827 -88.1977 246.872 1.5509 -0.266342 -0.00523851
2 1 0 2 29 5 0 0x29d780000000000 7.30827 -88.1977 308.59 1.5509 -0.266342 -0.00523851
2 1 0 2 29 6 0 0x29d800000000000 7.30827 -88.1977 370.308 1.5509 -0.266342 -0.00523851
2 1 0 2 30 -6 0 0x29e200000000000 21.7255 -85.7919 -370.308 1.59009 -0.101027 0.00194644
2 1 0 2 30 -5 0 0x29e280000000000 21.7255 -85.7919 -308.59 1.59009 -0.101027 0.00194644
2 1 0 2 30 -4 0 0x29e300000000000 21.7255 -85.7919 -246.872 1.59009 -0.101027 0.00194644
2 1 0 2 30 -3 0 0x29e380000000000 21.7255 -85.7919 -185.154 1.59009 -0.101027 0.00194644
2 1 0 2 30 -2 0 0x29e400000000000 21.7255 -85.7919 -123.436 1.59009 -0.101027 0.00194644
2 1 0 2 30 -1 0 0x29e480000000000 21.7255 -85.7919 -61.718 1.59009 -0.101027 0.00194644
2 1 0 2 30 0 0 0x29e500000000000 21.786 -85.195 0 1.5708 -0.101045 0
2 1 0 2 30 1 0 0x29e580000000000 21.7255 -85.7919 61.718 1.5515 -0.101027 -0.00194644
2 1 0 2 30 2 0 0x29e600000000000 21.7255 -85.7919 123.436 1.5515 -0.101027 -0.00194644
2 1 0 2 30 3 0 0x29e680000000000 21.7255 -85.7919 185.154 1.5515 -0.101027 -0.00194644
2 1 0 2 30 4 0 0x29e700000000000 21.7255 -85.7919 246.872 1.5515 -0.101027 -0.00194644
2 1 0 2 30 5 0 0x29e780000000000 21.7255 -85.7919 308.59 1.5515 -0.101027 -0.00194644
2 1 0 2 30 6 0 0x29e800000000000 21.7255 -85.7919 370.308 1.5515 -0.101027 -0.00194644
2 1 0 2 31 -6 0 0x29f200000000000 35.55 -81.0459 -370.308 1.59003 0.0642897 -0.00123613
2 1 0 2 31 -5 0 0x29f280000000000 35.55 -81.0459 -308.59 1.59003 0.0642897 -0.00123613
2 1 0 2 31 -4 0 0x29f300000000000 35.55 -81.0459 -246.872 1.59003 0.0642897 -0.00123613
2 1 0 2 31 -3 0 0x29f380000000000 35.55 -81.0459 -185.154 1.59003 0.0642897 -0.00123613
2 1 0 2 31 -2 0 0x29f400000000000 35.55 -81.0459 -123.436 1.59003 0.0642897 -0.00123613
2 1 0 2 31 -1 0 0x29f480000000000 35.55 -81.0459 -61.718 1.59003 0.0642897 -0.00123613
2 1 0 2 31 0 0 0x29f500000000000 35.5115 -80.4472 0 1.5708 0.0643016 0
2 1 0 2 31 1 0 0x29f580000000000 35.55 -81.0459 61.718 1.55156 0.0642897 0.00123613
2 1 0 2 31 2 0 0x29f600000000000 35.55 -81.0459 123.436 1.55156 0.0642897 0.00123613
2 1 0 2 31 3 0 0x29f680000000000 35.55 -81.0459 185.154 1.55156 0.0642897 0.00123613
2 1 0 2 31 4 0 0x29f700000000000 35.55 -81.0459 246.872 1.55156 0.0642897 0.00123613
2 1 0 2 31 5 0 0x29f780000000000 35.55 -81.0459 308.59 1.55156 0.0642897 0.00123613
2 1 0 2 31 6 0 0x29f800000000000 35.55 -81.0459 370.308 1.55156 0.0642897 0.00123613
2 1 0 2 32 -6 0 0x2a0200000000000 48.4049 -74.0892 -370.308 1.59051 0.229606 -0.00448781
2 1 0 2 32 -5 0 0x2a0280000000000 48.4049 -74.0892 -308.59 1.59051 0.229606 -0.00448781
2 1 0 2 32 -4 0 0x2a0300000000000 48.4049 -74.0892 -246.872 1.59051 0.229606 -0.00448781
2 1 0 2 32 -3 0 0x2a0380000000000 48.4049 -74.0892 -185.154 1.59051 0.229606 -0.00448781
2 1 0 2 32 -2 0 0x2a0400000000000 48.4049 -74.0892 -123.436 1.59051 0.229606 -0.00448781
2 1 0 2 32 -1 0 0x2a0480000000000 48.4049 -74.0892 -61.718 1.59051 0.229606 -0.00448781
2 1 0 2 32 0 0 0x2a0500000000000 48.2683 -73.505 0 1.5708 0.229649 0
2 1 0 2 32 1 0 0x2a0580000000000 48.4049 -74.0892 61.718 1.55108 0.229606 0.00448781
2 1 0 2 32 2 0 0x2a0600000000000 48.4049 -74.0892 123.436 1.55108 0.229606 0.00448781
2 1 0 2 32 3 0 0x2a0680000000000 48.4049 -74.0892 185.154 1.55108 0.229606 0.00448781
2 1 0 2 32 4 0 0x2a0700000000000 48.4049 -74.0892 246.872 1.55108 0.229606 0.00448781
2 1 0 2 32 5 0 0x2a0780000000000 48.4049 -74.0892 308.59 1.55108 0.229606 0.00448781
2 1 0 2 32 6 0 0x2a0800000000000 48.4049 -74.0892 370.308 1.55108 0.229606 0.00448781
2 1 0 2 33 -6 0 0x2a1200000000000 59.9394 -65.1116 -370.308 1.5916 0.394919 -0.00800337
2 1 0 2 33 -5 0 0x2a1280000000000 59.9394 -65.1116 -308.59 1.5916 0.394919 -0.00800337
2 1 0 2 33 -4 0 0x2a1300000000000 59.9394 -65.1116 -246.872 1.5916 0.394919 -0.00800337
2 1 0 2 33 -3 0 0x2a1380000000000 59.9394 -65.1116 -185.154 1.5916 0.394919 -0.00800337
2 1 0 2 33 -2 0 0x2a1400000000000 59.9394 -65.1116 -123.436 1.5916 0.394919 -0.00800337
2 1 0 2 33 -1 0 0x2a1480000000000 59.9394 -65.1116 -61.718 1.5916 0.394919 -0.00800337
2 1 0 2 33 0 0 0x2a1500000000000 59.7085 -64.5578 0 1.5708 0.394996 0
2 1 0 2 33 1 0 0x2a1580000000000 59.9394 -65.1116 61.718 1.55 0.394919 0.00800337
2 1 0 2 33 2 0 0x2a1600000000000 59.9394 -65.1116 123.436 1.55 0.394919 0.00800337
2 1 0 2 33 3 0 0x2a1680000000000 59.9394 -65.1116 185.154 1.55 0.394919 0.00800337
2 1 0 2 33 4 0 0x2a1700000000000 59.9394 -65.1116 246.872 1.55 0.394919 0.00800337
2 1 0 2 33 5 0 0x2a1780000000000 59.9394 -65.1116 308.59 1.55 0.394919 0.00800337
2 1 0 2 33 6 0 0x2a1800000000000 59.9394 -65.1116 370.308 1.55 0.394919 0.00800337
2 1 0 2 34 -6 0 0x2a2200000000000 69.8389 -54.3578 -370.308 1.59346 0.560227 -0.0120444
2 1 0 2 34 -5 0 0x2a2280000000000 69.8389 -54.3578 -308.59 1.59346 0.560227 -0.0120444
2 1 0 2 34 -4 0 0x2a2300000000000 69.8389 -54.3578 -246.872 1.59346 0.560227 -0.0120444
2 1 0 2 34 -3 0 0x2a2380000000000 69.8389 -54.3578 -185.154 1.59346 0.560227 -0.0120444
2 1 0 2 34 -2 0 0x2a2400000000000 69.8389 -54.3578 -123.436 1.59346 0.560227 -0.0120444
2 1 0 2 34 -1 0 0x2a2480000000000 69.8389 -54.3578 -61.718 1.59346 0.560227 -0.0120444
2 1 0 2 34 0 0 0x2a2500000000000 69.52 -53.8496 0 1.5708 0.560343 0
2 1 0 2 34 1 0 0x2a2580000000000 69.8389 -54.3578 61.718 1.54813 0.560227 0.0120444
2 1 0 2 34 2 0 0x2a2600000000000 69.8389 -54.3578 123.436 1.54813 0.560227 0.0120444
2 1 0 2 34 3 0 0x2a2680000000000 69.8389 -54.3578 185.154 1.54813 0.560227 0.0120444
2 1 0 2 34 4 0 0x2a2700000000000 69.8389 -54.3578 246.872 1.54813 0.560227 0.0120444
2 1 0 2 34 5 0 0x2a2780000000000 69.8389 -54.3578 308.59 1.54813 0.560227 0.0120444
2 1 0 2 34 6 0 0x2a2800000000000 69.8389 -54.3578 370.308 1.54813 0.560227 0.0120444
2 1 0 2 35 -6 0 0x2a3200000000000 77.8334 -42.1213 -370.308 1.59646 0.725526 -0.01703
2 1 0 2 35 -5 0 0x2a3280000000000 77.8334 -42.1213 -308.59 1.59646 0.725526 -0.01703
2 1 0 2 35 -4 0 0x2a3300000000000 77.8334 -42.1213 -246.872 1.59646 0.725526 -0.01703
2 1 0 2 35 -3 0 0x2a3380000000000 77.8334 -42.1213 -185.154 1.59646 0.725526 -0.01703
2 1 0 2 35 -2 0 0x2a3400000000000 77.8334 -42.1213 -123.436 1.59646 0.725526 -0.01703
2 1 0 2 35 -1 0 0x2a3480000000000 77.8334 -42.1213 -61.718 1.59646 0.725526 -0.01703
2 1 0 2 35 0 0 0x2a3500000000000 77.4352 -41.6725 0 1.5708 0.72569 0
2 1 0 2 35 1 0 0x2a3580000000000 77.8334 -42.1213 61.718 1.54513 0.725526 0.01703
2 1 0 2 35 2 0 0x2a3600000000000 77.8334 -42.1213 123.436 1.54513 0.725526 0.01703
2 1 0 2 35 3 0 0x2a3680000000000 77.8334 -42.1213 185.154 1.54513 0.725526 0.01703
2 1 0 2 35 4 0 0x2a3700000000000 77.8334 -42.1213 246.872 1.54513 0.725526 0.01703
2 1 0 2 35 5 0 0x2a3780000000000 77.8334 -42.1213 308.59 1.54513 0.725526 0.01703
2 1 0 2 35 6 0 0x2a3800000000000 77.8334 -42.1213 370.308 1.54513 0.725526 0.01703
2 1 0 2 36 -6 0 0x2a4200000000000 83.7048 -28.7359 -370.308 1.60133 0.890809 -0.023747
2 1 0 2 36 -5 0 0x2a4280000000000 83.7048 -28.7359 -308.59 1.60133 0.890809 -0.023747
2 1 0 2 36 -4 0 0x2a4300000000000 83.7048 -28.7359 -246.872 1.60133 0.890809 -0.023747
2 1 0 2 36 -3 0 0x2a4380000000000 83.7048 -28.7359 -185.154 1.60133 0.890809 -0.023747
2 1 0 2 36 -2 0 0x2a4400000000000 83.7048 -28.7359 -123.436 1.60133 0.890809 -0.023747
2 1 0 2 36 -1 0 0x2a4480000000000 83.7048 -28.7359 -61.718 1.60133 0.890809 -0.023747
2 1 0 2 36 0 0 0x2a4500000000000 83.2382 -28.3587 0 1.5708 0.891037 0
2 1 0 2 36 1 0 0x2a4580000000000 83.7048 -28.7359 61.718 1.54026 0.890809 0.023747
2 1 0 2 36 2 0 0x2a4600000000000 83.7048 -28.7359 123.436 1.54026 0.890809 0.023747
2 1 0 2 36 3 0 0x2a4680000000000 83.7048 -28.7359 185.154 1.54026 0.890809 0.023747
2 1 0 2 36 4 0 0x2a4700000000000 83.7048 -28.7359 246.872 1.54026 0.890809 0.023747
2 1 0 2 36 5 0 0x2a4780000000000 83.7048 -28.7359 308.59 1.54026 0.890809 0.023747
2 1 0 2 36 6 0 0x2a4800000000000 83.7048 -28.7359 370.308 1.54026 0.890809 0.023747
2 1 0 2 37 -6 0 0x2a5200000000000 87.293 -14.5666 -370.308 1.6098 1.05606 -0.0339547
2 1 0 2 37 -5 0 0x2a5280000000000 87.293 -14.5666 -308.59 1.6098 1.05606 -0.0339547
2 1 0 2 37 -4 0 0x2a5300000000000 87.293 -14.5666 -246.872 1.6098 1.05606 -0.0339547
2 1 0 2 37 -3 0 0x2a5380000000000 87.293 -14.5666 -185.154 1.6098 1.05606 -0.0339547
2 1 0 2 37 -2 0 0x2a5400000000000 87.293 -14.5666 -123.436 1.6098 1.05606 -0.0339547
2 1 0 2 37 -1 0 0x2a5480000000000 87.293 -14.5666 -61.718 1.6098 1.05606 -0.0339547
2 1 0 2 37 0 0 0x2a5500000000000 86.7706 -14.2714 0 1.5708 1.05638 0
2 1 0 2 37 1 0 0x2a5580000000000 87.293 -14.5666 61.718 1.53179 1.05606 0.0339547
2 1 0 2 37 2 0 0x2a5600000000000 87.293 -14.5666 123.436 1.53179 1.05606 0.0339547
2 1 0 2 37 3 0 0x2a5680000000000 87.293 -14.5666 185.154 1.53179 1.05606 0.0339547
2 1 0 2 37 4 0 0x2a5700000000000 87.293 -14.5666 246.872 1.53179 1.05606 0.0339547
2 1 0 2 37 5 0 0x2a5780000000000 87.293 -14.5666 308.59 1.53179 1.05606 0.0339547
2 1 0 2 37 6 0 0x2a5800000000000 87.293 -14.5666 370.308 1.53179 1.05606 0.0339547
2 1 0 3 0 -6 0 0x2c0200000000000 122.277 7.38668 -370.308 1.63813 1.28145 -0.0645416
2 1 0 3 0 -5 0 0x2c0280000000000 122.277 7.38668 -308.59 1.63813 1.28145 -0.0645416
2 1 0 3 0 -4 0 0x2c0300000000000 122.277 7.38668 -246.872 1.63813 1.28145 -0.0645416
2 1 0 3 0 -3 0 0x2c0380000000000 122.277 7.38668 -185.154 1.63813 1.28145 -0.0645416
2 1 0 3 0 -2 0 0x2c0400000000000 122.277 7.38668 -123.436 1.63813 1.28145 -0.0645416
2 1 0 3 0 -1 0 0x2c0480000000000 122.277 7.38668 -61.718 1.63813 1.28145 -0.0645416
2 1 0 3 0 0 0 0x2c0500000000000 121.702 7.55752 0 1.5708 1.28207 0
2 1 0 3 0 1 0 0x2c0580000000000 122.277 7.38668 61.718 1.50346 1.28145 0.0645416
2 1 0 3 0 2 0 0x2c0600000000000 122.277 7.38668 123.436 1.50346 1.28145 0.0645416
2 1 0 3 0 3 0 0x2c0680000000000 122.277 7.38668 185.154 1.50346 1.28145 0.0645416
2 1 0 3 0 4 0 0x2c0700000000000 122.277 7.38668 246.872 1.50346 1.28145 0.0645416
2 1 0 3 0 5 0 0x2c0780000000000 122.277 7.38668 308.59 1.50346 1.28145 0.0645416
2 1 0 3 0 6 0 0x2c0800000000000 122.277 7.38668 370.308 1.50346 1.28145 0.0645416
2 1 0 3 1 -6 0 0x2c1200000000000 120.495 22.0717 -370.308 1.68519 1.40181 -0.112782
2 1 0 3 1 -5 0 0x2c1280000000000 120.495 22.0717 -308.59 1.68519 1.40181 -0.112782
2 1 0 3 1 -4 0 0x2c1300000000000 120.495 22.0717 -246.872 1.68519 1.40181 -0.112782
2 1 0 3 1 -3 0 0x2c1380000000000 120.495 22.0717 -185.154 1.68519 1.40181 -0.112782
2 1 0 3 1 -2 0 0x2c1400000000000 120.495 22.0717 -123.436 1.68519 1.40181 -0.112782
2 1 0 3 1 -1 0 0x2c1480000000000 120.495 22.0717 -61.718 1.68519 1.40181 -0.112782
2 1 0 3 1 0 0 0x2c1500000000000 119.904 22.172 0 1.5708 1.4029 0
2 1 0 3 1 1 0 0x2c1580000000000 120.495 22.0717 61.718 1.4564 1.40181 0.112782
2 1 0 3 1 2 0 0x2c1600000000000 120.495 22.0717 123.436 1.4564 1.40181 0.112782
2 1 0 3 1 3 0 0x2c1680000000000 120.495 22.0717 185.154 1.4564 1.40181 0.112782
2 1 0 3 1 4 0 0x2c1700000000000 120.495 22.0717 246.872 1.4564 1.40181 0.112782
2 1 0 3 1 5 0 0x2c1780000000000 120.495 22.0717 308.59 1.4564 1.40181 0.112782
2 1 0 3 1 6 0 0x2c1800000000000 120.495 22.0717 370.308 1.4564 1.40181 0.112782
2 1 0 3 2 -6 0 0x2c2200000000000 116.956 36.4349 -370.308 1.95825 1.51997 -0.387004
2 1 0 3 2 -5 0 0x2c2280000000000 116.956 36.4349 -308.59 1.95825 1.51997 -0.387004
2 1 0 3 2 -4 0 0x2c2300000000000 116.956 36.4349 -246.872 1.95825 1.51997 -0.387004
2 1 0 3 2 -3 0 0x2c2380000000000 116.956 36.4349 -185.154 1.95825 1.51997 -0.387004
2 1 0 3 2 -2 0 0x2c2400000000000 116.956 36.4349 -123.436 1.95825 1.51997 -0.387004
2 1 0 3 2 -1 0 0x2c2480000000000 116.956 36.4349 -61.718 1.95825 1.51997 -0.387004
2 1 0 3 2 0 0 0x2c2500000000000 116.357 36.4631 0 1.5708 1.52373 0
2 1 0 3 2 1 0 0x2c2580000000000 116.956 36.4349 61.718 1.18334 1.51997 0.387004
2 1 0 3 2 2 0 0x2c2600000000000 116.956 36.4349 123.436 1.18334 1.51997 0.387004
2 1 0 3 2 3 0 0x2c2680000000000 116.956 36.4349 185.154 1.18334 1.51997 0.387004
2 1 0 3 2 4 0 0x2c2700000000000 116.956 36.4349 246.872 1.18334 1.51997 0.387004
2 1 0 3 2 5 0 0x2c2780000000000 116.956 36.4349 308.59 1.18334 1.51997 0.387004
2 1 0 3 2 6 0 0x2c2800000000000 116.956 36.4349 370.308 1.18334 1.51997 0.387004
2 1 0 3 3 -6 0 0x2c3200000000000 111.712 50.2667 -370.308 -1.82568 1.49458 -2.88742
2 1 0 3 3 -5 0 0x2c3280000000000 111.712 50.2667 -308.59 -1.82568 1.49458 -2.88742
2 1 0 3 3 -4 0 0x2c3300000000000 111.712 50.2667 -246.872 -1.82568 1.49458 -2.88742
2 1 0 3 3 -3 0 0x2c3380000000000 111.712 50.2667 -185.154 -1.82568 1.49458 -2.88742
2 1 0 3 3 -2 0 0x2c3400000000000 111.712 50.2667 -123.436 -1.82568 1.49458 -2.88742
2 1 0 3 3 -1 0 0x2c3480000000000 111.712 50.2667 -61.718 -1.82568 1.49458 -2.88742
2 1 0 3 3 0 0 0x2c3500000000000 111.113 50.2225 0 -1.5708 1.49703 -3.14159
2 1 0 3 3 1 0 0x2c3580000000000 111.712 50.2667 61.718 -1.31592 1.49458 2.88742
2 1 0 3 3 2 0 0x2c3600000000000 111.712 50.2667 123.436 -1.31592 1.49458 2.88742
2 1 0 3 3 3 0 0x2c3680000000000 111.712 50.2667 185.154 -1.31592 1.49458 2.88742
2 1 0 3 3 4 0 0x2c3700000000000 111.712 50.2667 246.872 -1.31592 1.49458 2.88742
2 1 0 3 3 5 0 0x2c3780000000000 111.712 50.2667 308.59 -1.31592 1.49458 2.88742
2 1 0 3 3 6 0 0x2c3800000000000 111.712 50.2667 370.308 -1.31592 1.49458 2.88742
2 1 0 3 4 -6 0 0x2c4200000000000 104.838 63.3656 -370.308 -1.66977 1.37527 -3.04449
2 1 0 3 4 -5 0 0x2c4280000000000 104.838 63.3656 -308.59 -1.66977 1.37527 -3.04449
2 1 0 3 4 -4 0 0x2c4300000000000 104.838 63.3656 -246.872 -1.66977 1.37527 -3.04449
2 1 0 3 4 -3 0 0x2c4380000000000 104.838 63.3656 -185.154 -1.66977 1.37527 -3.04449
2 1 0 3 4 -2 0 0x2c4400000000000 104.838 63.3656 -123.436 -1.66977 1.37527 -3.04449
2 1 0 3 4 -1 0 0x2c4480000000000 104.838 63.3656 -61.718 -1.66977 1.37527 -3.04449
2 1 0 3 4 0 0 0x2c4500000000000 104.25 63.2496 0 -1.5708 1.3762 -3.14159
2 1 0 3 4 1 0 0x2c4580000000000 104.838 63.3656 61.718 -1.47182 1.37527 3.04449
2 1 0 3 4 2 0 0x2c4600000000000 104.838 63.3656 123.436 -1.47182 1.37527 3.04449
2 1 0 3 4 3 0 0x2c4680000000000 104.838 63.3656 185.154 -1.47182 1.37527 3.04449
2 1 0 3 4 4 0 0x2c4700000000000 104.838 63.3656 246.872 -1.47182 1.37527 3.04449
2 1 0 3 4 5 0 0x2c4780000000000 104.838 63.3656 308.59 -1.47182 1.37527 3.04449
2 1 0 3 4 6 0 0x2c4800000000000 104.838 63.3656 370.308 -1.47182 1.37527 3.04449
2 1 0 3 5 -6 0 0x2c5200000000000 96.436 75.5404 -370.308 -1.63261 1.25481 -3.08283
2 1 0 3 5 -5 0 0x2c5280000000000 96.436 75.5404 -308.59 -1.63261 1.25481 -3.08283
2 1 0 3 5 -4 0 0x2c5300000000000 96.436 75.5404 -246.872 -1.63261 1.25481 -3.08283
2 1 0 3 5 -3 0 0x2c5380000000000 96.436 75.5404 -185.154 -1.63261 1.25481 -3.08283
2 1 0 3 5 -2 0 0x2c5400000000000 96.436 75.5404 -123.436 -1.63261 1.25481 -3.08283
2 1 0 3 5 -1 0 0x2c5480000000000 96.436 75.5404 -61.718 -1.63261 1.25481 -3.08283
2 1 0 3 5 0 0 0x2c5500000000000 95.8656 75.3543 0 -1.5708 1.25537 -3.14159
2 1 0 3 5 1 0 0x2c5580000000000 96.436 75.5404 61.718 -1.50898 1.25481 3.08283
2 1 0 3 5 2 0 0x2c5600000000000 96.436 75.5404 123.436 -1.50898 1.25481 3.08283
2 1 0 3 5 3 0 0x2c5680000000000 96.436 75.5404 185.154 -1.50898 1.25481 3.08283
2 1 0 3 5 4 0 0x2c5700000000000 96.436 75.5404 246.872 -1.50898 1.25481 3.08283
2 1 0 3 5 5 0 0x2c5780000000000 96.436 75.5404 308.59 -1.50898 1.25481 3.08283
2 1 0 3 5 6 0 0x2c5800000000000 96.436 75.5404 370.308 -1.50898 1.25481 3.08283
2 1 0 3 6 -6 0 0x2c6200000000000 86.6274 86.6137 -370.308 -1.61621 1.13415 -3.10044
2 1 0 3 6 -5 0 0x2c6280000000000 86.6274 86.6137 -308.59 -1.61621 1.13415 -3.10044
2 1 0 3 6 -4 0 0x2c6300000000000 86.6274 86.6137 -246.872 -1.61621 1.13415 -3.10044
2 1 0 3 6 -3 0 0x2c6380000000000 86.6274 86.6137 -185.154 -1.61621 1.13415 -3.10044
2 1 0 3 6 -2 0 0x2c6400000000000 86.6274 86.6137 -123.436 -1.61621 1.13415 -3.10044
2 1 0 3 6 -1 0 0x2c6480000000000 86.6274 86.6137 -61.718 -1.61621 1.13415 -3.10044
2 1 0 3 6 0 0 0x2c6500000000000 86.0836 86.3602 0 -1.5708 1.13454 -3.14159
2 1 0 3 6 1 0 0x2c6580000000000 86.6274 86.6137 61.718 -1.52539 1.13415 3.10044
2 1 0 3 6 2 0 0x2c6600000000000 86.6274 86.6137 123.436 -1.52539 1.13415 3.10044
2 1 0 3 6 3 0 0x2c6680000000000 86.6274 86.6137 185.154 -1.52539 1.13415 3.10044
2 1 0 3 6 4 0 0x2c6700000000000 86.6274 86.6137 246.872 -1.52539 1.13415 3.10044
2 1 0 3 6 5 0 0x2c6780000000000 86.6274 86.6137 308.59 -1.52539 1.13415 3.10044
2 1 0 3 6 6 0 0x2c6800000000000 86.6274 86.6137 370.308 -1.52539 1.13415 3.10044
2 1 0 3 7 -6 0 0x2c7200000000000 75.5557 96.424 -370.308 -1.6071 1.01342 -3.11078
2 1 0 3 7 -5 0 0x2c7280000000000 75.5557 96.424 -308.59 -1.6071 1.01342 -3.11078
2 1 0 3 7 -4 0 0x2c7300000000000 75.5557 96.424 -246.872 -1.6071 1.01342 -3.11078
2 1 0 3 7 -3 0 0x2c7380000000000 75.5557 96.424 -185.154 -1.6071 1.01342 -3.11078
2 1 0 3 7 -2 0 0x2c7400000000000 75.5557 96.424 -123.436 -1.6071 1.01342 -3.11078
2 1 0 3 7 -1 0 0x2c7480000000000 75.5557 96.424 -61.718 -1.6071 1.01342 -3.11078
2 1 0 3 7 0 0 0x2c7500000000000 75.0464 96.1068 0 -1.5708 1.01371 -3.14159
2 1 0 3 7 1 0 0x2c7580000000000 75.5557 96.424 61.718 -1.5345 1.01342 3.11078
2 1 0 3 7 2 0 0x2c7600000000000 75.5557 96.424 123.436 -1.5345 1.01342 3.11078
2 1 0 3 7 3 0 0x2c7680000000000 75.5557 96.424 185.154 -1.5345 1.01342 3.11078
2 1 0 3 7 4 0 0x2c7700000000000 75.5557 96.424 246.872 -1.5345 1.01342 3.11078
2 1 0 3 7 5 0 0x2c7780000000000 75.5557 96.424 308.59 -1.5345 1.01342 3.11078
2 1 0 3 7 6 0 0x2c7800000000000 75.5557 96.424 370.308 -1.5345 1.01342 3.11078
2 1 0 3 8 -6 0 0x2c8200000000000 63.3822 104.828 -370.308 -1.6014 0.892653 -3.11776
2 1 0 3 8 -5 0 0x2c8280000000000 63.3822 104.828 -308.59 -1.6014 0.892653 -3.11776
2 1 0 3 8 -4 0 0x2c8300000000000 63.3822 104.828 -246.872 -1.6014 0.892653 -3.11776
2 1 0 3 8 -3 0 0x2c8380000000000 63.3822 104.828 -185.154 -1.6014 0.892653 -3.11776
2 1 0 3 8 -2 0 0x2c8400000000000 63.3822 104.828 -123.436 -1.6014 0.892653 -3.11776
2 1 0 3 8 -1 0 0x2c8480000000000 63.3822 104.828 -61.718 -1.6014 0.892653 -3.11776
2 1 0 3 8 0 0 0x2c8500000000000 62.9149 104.452 0 -1.5708 0.892882 -3.14159
2 1 0 3 8 1 0 0x2c8580000000000 63.3822 104.828 61.718 -1.54019 0.892653 3.11776
2 1 0 3 8 2 0 0x2c8600000000000 63.3822 104.828 123.436 -1.54019 0.892653 3.11776
2 1 0 3 8 3 0 0x2c8680000000000 63.3822 104.828 185.154 -1.54019 0.892653 3.11776
2 1 0 3 8 4 0 0x2c8700000000000 63.3822 104.828 246.872 -1.54019 0.892653 3.11776
2 1 0 3 8 5 0 0x2c8780000000000 63.3822 104.828 308.59 -1.54019 0.892653 3.11776
2 1 0 3 8 6 0 0x2c8800000000000 63.3822 104.828 370.308 -1.54019 0.892653 3.11776
2 1 0 3 9 -6 0 0x2c9200000000000 50.2844 111.704 -370.308 -1.59759 0.771872 -3.1229
2 1 0 3 9 -5 0 0x2c9280000000000 50.2844 111.704 -308.59 -1.59759 0.771872 -3.1229
2 1 0 3 9 -4 0 0x2c9300000000000 50.2844 111.704 -246.872 -1.59759 0.771872 -3.1229
2 1 0 3 9 -3 0 0x2c9380000000000 50.2844 111.704 -185.154 -1.59759 0.771872 -3.1229
2 1 0 3 9 -2 0 0x2c9400000000000 50.2844 111.704 -123.436 -1.59759 0.771872 -3.1229
2 1 0 3 9 -1 0 0x2c9480000000000 50.2844 111.704 -61.718 -1.59759 0.771872 -3.1229
2 1 0 3 9 0 0 0x2c9500000000000 49.8659 111.274 0 -1.5708 0.772052 -3.14159
2 1 0 3 9 1 0 0x2c9580000000000 50.2844 111.704 61.718 -1.544 0.771872 3.1229
2 1 0 3 9 2 0 0x2c9600000000000 50.2844 111.704 123.436 -1.544 0.771872 3.1229
2 1 0 3 9 3 0 0x2c9680000000000 50.2844 111.704 185.154 -1.544 0.771872 3.1229
2 1 0 3 9 4 0 0x2c9700000000000 50.2844 111.704 246.872 -1.544 0.771872 3.1229
2 1 0 3 9 5 0 0x2c9780000000000 50.2844 111.704 308.59 -1.544 0.771872 3.1229
2 1 0 3 9 6 0 0x2c9800000000000 50.2844 111.704 370.308 -1.544 0.771872 3.1229
2 1 0 3 10 -6 0 0x2ca200000000000 36.4534 116.95 -370.308 -1.59493 0.651081 -3.12696
2 1 0 3 10 -5 0 0x2ca280000000000 36.4534 116.95 -308.59 -1.59493 0.651081 -3.12696
2 1 0 3 10 -4 0 0x2ca300000000000 36.4534 116.95 -246.872 -1.59493 0.651081 -3.12696
2 1 0 3 10 -3 0 0x2ca380000000000 36.4534 116.95 -185.154 -1.59493 0.651081 -3.12696
2 1 0 3 10 -2 0 0x2ca400000000000 36.4534 116.95 -123.436 -1.59493 0.651081 -3.12696
2 1 0 3 10 -1 0 0x2ca480000000000 36.4534 116.95 -61.718 -1.59493 0.651081 -3.12696
2 1 0 3 10 0 0 0x2ca500000000000 36.0897 116.473 0 -1.5708 0.651221 -3.14159
2 1 0 3 10 1 0 0x2ca580000000000 36.4534 116.95 61.718 -1.54666 0.651081 3.12696
2 1 0 3 10 2 0 0x2ca600000000000 36.4534 116.95 123.436 -1.54666 0.651081 3.12696
2 1 0 3 10 3 0 0x2ca680000000000 36.4534 116.95 185.154 -1.54666 0.651081 3.12696
2 1 0 3 10 4 0 0x2ca700000000000 36.4534 116.95 246.872 -1.54666 0.651081 3.12696
2 1 0 3 10 5 0 0x2ca780000000000 36.4534 116.95 308.59 -1.54666 0.651081 3.12696
2 1 0 3 10 6 0 0x2ca800000000000 36.4534 116.95 370.308 -1.54666 0.651081 3.12696
2 1 0 3 11 -6 0 0x2cb200000000000 22.0908 120.492 -370.308 -1.59305 0.530283 -3.13033
2 1 0 3 11 -5 0 0x2cb280000000000 22.0908 120.492 -308.59 -1.59305 0.530283 -3.13033
2 1 0 3 11 -4 0 0x2cb300000000000 22.0908 120.492 -246.872 -1.59305 0.530283 -3.13033
2 1 0 3 11 -3 0 0x2cb380000000000 22.0908 120.492 -185.154 -1.59305 0.530283 -3.13033
2 1 0 3 11 -2 0 0x2cb400000000000 22.0908 120.492 -123.436 -1.59305 0.530283 -3.13033
2 1 0 3 11 -1 0 0x2cb480000000000 22.0908 120.492 -61.718 -1.59305 0.530283 -3.13033
2 1 0 3 11 0 0 0x2cb500000000000 21.7873 119.974 0 -1.5708 0.530391 -3.14159
2 1 0 3 11 1 0 0x2cb580000000000 22.0908 120.492 61.718 -1.54854 0.530283 3.13033
2 1 0 3 11 2 0 0x2cb600000000000 22.0908 120.492 123.436 -1.54854 0.530283 3.13033
2 1 0 3 11 3 0 0x2cb680000000000 22.0908 120.492 185.154 -1.54854 0.530283 3.13033
2 1 0 3 11 4 0 0x2cb700000000000 22.0908 120.492 246.872 -1.54854 0.530283 3.13033
2 1 0 3 11 5 0 0x2cb780000000000 22.0908 120.492 308.59 -1.54854 0.530283 3.13033
2 1 0 3 11 6 0 0x2cb800000000000 22.0908 120.492 370.308 -1.54854 0.530283 3.13033
2 1 0 3 12 -6 0 0x2cc200000000000 7.40605 122.276 -370.308 -1.59173 0.40948 -3.13326
2 1 0 3 12 -5 0 0x2cc280000000000 7.40605 122.276 -308.59 -1.59173 0.40948 -3.13326
2 1 0 3 12 -4 0 0x2cc300000000000 7.40605 122.276 -246.872 -1.59173 0.40948 -3.13326
2 1 0 3 12 -3 0 0x2cc380000000000 7.40605 122.276 -185.154 -1.59173 0.40948 -3.13326
2 1 0 3 12 -2 0 0x2cc400000000000 7.40605 122.276 -123.436 -1.59173 0.40948 -3.13326
2 1 0 3 12 -1 0 0x2cc480000000000 7.40605 122.276 -61.718 -1.59173 0.40948 -3.13326
2 1 0 3 12 0 0 0x2cc500000000000 7.16713 121.726 0 -1.5708 0.40956 -3.14159
2 1 0 3 12 1 0 0x2cc580000000000 7.40605 122.276 61.718 -1.54987 0.40948 3.13326
2 1 0 3 12 2 0 0x2cc600000000000 7.40605 122.276 123.436 -1.54987 0.40948 3.13326
2 1 0 3 12 3 0 0x2cc680000000000 7.40605 122.276 185.154 -1.54987 0.40948 3.13326
2 1 0 3 12 4 0 0x2cc700000000000 7.40605 122.276 246.872 -1.54987 0.40948 3.13326
2 1 0 3 12 5 0 0x2cc780000000000 7.40605 122.276 308.59 -1.54987 0.40948 3.13326
2 1 0 3 12 6 0 0x2cc800000000000 7.40605 122.276 370.308 -1.54987 0.40948 3.13326
2 1 0 3 13 -6 0 0x2cd200000000000 -7.38668 122.277 -370.308 -1.59082 0.288675 -3.13589
2 1 0 3 13 -5 0 0x2cd280000000000 -7.38668 122.277 -308.59 -1.59082 0.288675 -3.13589
2 1 0 3 13 -4 0 0x2cd300000000000 -7.38668 122.277 -246.872 -1.59082 0.288675 -3.13589
2 1 0 3 13 -3 0 0x2cd380000000000 -7.38668 122.277 -185.154 -1.59082 0.288675 -3.13589
2 1 0 3 13 -2 0 0x2cd400000000000 -7.38668 122.277 -123.436 -1.59082 0.288675 -3.13589
2 1 0 3 13 -1 0 0x2cd480000000000 -7.38668 122.277 -61.718 -1.59082 0.288675 -3.13589
2 1 0 3 13 0 0 0x2cd500000000000 -7.55752 121.702 0 -1.5708 0.28873 -3.14159
2 1 0 3 13 1 0 0x2cd580000000000 -7.38668 122.277 61.718 -1.55077 0.288675 3.13589
2 1 0 3 13 2 0 0x2cd600000000000 -7.38668 122.277 123.436 -1.55077 0.288675 3.13589
2 1 0 3 13 3 0 0x2cd680000000000 -7.38668 122.277 185.154 -1.55077 0.288675 3.13589
2 1 0 3 13 4 0 0x2cd700000000000 -7.38668 122.277 246.872 -1.55077 0.288675 3.13589
2 1 0 3 13 5 0 0x2cd780000000000 -7.38668 122.277 308.59 -1.55077 0.288675 3.13589
2 1 0 3 13 6 0 0x2cd800000000000 -7.38668 122.277 370.308 -1.55077 0.288675 3.13589
2 1 0 3 14 -6 0 0x2ce200000000000 -22.0717 120.495 -370.308 -1.59027 0.167868 -3.13834
2 1 0 3 14 -5 0 0x2ce280000000000 -22.0717 120.495 -308.59 -1.59027 0.167868 -3.13834
2 1 0 3 14 -4 0 0x2ce300000000000 -22.0717 120.495 -246.872 -1.59027 0.167868 -3.13834
2 1 0 3 14 -3 0 0x2ce380000000000 -22.0717 120.495 -185.154 -1.59027 0.167868 -3.13834
2 1 0 3 14 -2 0 0x2ce400000000000 -22.0717 120.495 -123.436 -1.59027 0.167868 -3.13834
2 1 0 3 14 -1 0 0x2ce480000000000 -22.0717 120.495 -61.718 -1.59027 0.167868 -3.13834
2 1 0 3 14 0 0 0x2ce500000000000 -22.172 119.904 0 -1.5708 0.167899 -3.14159
2 1 0 3 14 1 0 0x2ce580000000000 -22.0717 120.495 61.718 -1.55132 0.167868 3.13834
2 1 0 3 14 2 0 0x2ce600000000000 -22.0717 120.495 123.436 -1.55132 0.167868 3.13834
2 1 0 3 14 3 0 0x2ce680000000000 -22.0717 120.495 185.154 -1.55132 0.167868 3.13834
2 1 0 3 14 4 0 0x2ce700000000000 -22.0717 120.495 246.872 -1.55132 0.167868 3.13834
2 1 0 3 14 5 0 0x2ce780000000000 -22.0717 120.495 308.59 -1.55132 0.167868 3.13834
2 1 0 3 14 6 0 0x2ce800000000000 -22.0717 120.495 370.308 -1.55132 0.167868 3.13834
2 1 0 3 15 -6 0 0x2cf200000000000 -36.4349 116.956 -370.308 -1.59002 0.0470602 -3.14069
2 1 0 3 15 -5 0 0x2cf280000000000 -36.4349 116.956 -308.59 -1.59002 0.0470602 -3.14069
2 1 0 3 15 -4 0 0x2cf300000000000 -36.4349 116.956 -246.872 -1.59002 0.0470602 -3.14069
2 1 0 3 15 -3 0 0x2cf380000000000 -36.4349 116.956 -185.154 -1.59002 0.0470602 -3.14069
2 1 0 3 15 -2 0 0x2cf400000000000 -36.4349 116.956 -123.436 -1.59002 0.0470602 -3.14069
2 1 0 3 15 -1 0 0x2cf480000000000 -36.4349 116.956 -61.718 -1.59002 0.0470602 -3.14069
2 1 0 3 15 0 0 0x2cf500000000000 -36.4631 116.357 0 -1.5708 0.0470688 -3.14159
2 1 0 3 15 1 0 0x2cf580000000000 -36.4349 116.956 61.718 -1.55158 0.0470602 3.14069
2 1 0 3 15 2 0 0x2cf600000000000 -36.4349 116.956 123.436 -1.55158 0.0470602 3.14069
2 1 0 3 15 3 0 0x2cf680000000000 -36.4349 116.956 185.154 -1.55158 0.0470602 3.14069
2 1 0 3 15 4 0 0x2cf700000000000 -36.4349 116.956 246.872 -1.55158 0.0470602 3.14069
2 1 0 3 15 5 0 0x2cf780000000000 -36.4349 116.956 308.59 -1.55158 0.0470602 3.14069
2 1 0 3 15 6 0 0x2cf800000000000 -36.4349 116.956 370.308 -1.55158 0.0470602 3.14069
2 1 0 3 16 -6 0 0x2d0200000000000 -50.2667 111.712 -370.308 -1.59005 -0.073748 3.14017
2 1 0 3 16 -5 0 0x2d0280000000000 -50.2667 111.712 -308.59 -1.59005 -0.073748 3.14017
2 1 0 3 16 -4 0 0x2d0300000000000 -50.2667 111.712 -246.872 -1.59005 -0.073748 3.14017
2 1 0 3 16 -3 0 0x2d0380000000000 -50.2667 111.712 -185.154 -1.59005 -0.073748 3.14017
2 1 0 3 16 -2 0 0x2d0400000000000 -50.2667 111.712 -123.436 -1.59005 -0.073748 3.14017
2 1 0 3 16 -1 0 0x2d0480000000000 -50.2667 111.712 -61.718 -1.59005 -0.073748 3.14017
2 1 0 3 16 0 0 0x2d0500000000000 -50.2225 111.113 0 -1.5708 -0.0737616 -3.14159
2 1 0 3 16 1 0 0x2d0580000000000 -50.2667 111.712 61.718 -1.55155 -0.073748 -3.14017
2 1 0 3 16 2 0 0x2d0600000000000 -50.2667 111.712 123.436 -1.55155 -0.073748 -3.14017
2 1 0 3 16 3 0 0x2d0680000000000 -50.2667 111.712 185.154 -1.55155 -0.073748 -3.14017
2 1 0 3 16 4 0 0x2d0700000000000 -50.2667 111.712 246.872 -1.55155 -0.073748 -3.14017
2 1 0 3 16 5 0 0x2d0780000000000 -50.2667 111.712 308.59 -1.55155 -0.073748 -3.14017
2 1 0 3 16 6 0 0x2d0800000000000 -50.2667 111.712 370.308 -1.55155 -0.073748 -3.14017
2 1 0 3 17 -6 0 0x2d1200000000000 -63.3656 104.838 -370.308 -1.59036 -0.194556 3.13781
2 1 0 3 17 -5 0 0x2d1280000000000 -63.3656 104.838 -308.59 -1.59036 -0.194556 3.13781
2 1 0 3 17 -4 0 0x2d1300000000000 -63.3656 104.838 -246.872 -1.59036 -0.194556 3.13781
2 1 0 3 17 -3 0 0x2d1380000000000 -63.3656 104.838 -185.154 -1.59036 -0.194556 3.13781
2 1 0 3 17 -2 0 0x2d1400000000000 -63.3656 104.838 -123.436 -1.59036 -0.194556 3.13781
2 1 0 3 17 -1 0 0x2d1480000000000 -63.3656 104.838 -61.718 -1.59036 -0.194556 3.13781
2 1 0 3 17 0 0 0x2d1500000000000 -63.2496 104.25 0 -1.5708 -0.194592 -3.14159
2 1 0 3 17 1 0 0x2d1580000000000 -63.3656 104.838 61.718 -1.55123 -0.194556 -3.13781
2 1 0 3 17 2 0 0x2d1600000000000 -63.3656 104.838 123.436 -1.55123 -0.194556 -3.13781
2 1 0 3 17 3 0 0x2d1680000000000 -63.3656 104.838 185.154 -1.55123 -0.194556 -3.13781
2 1 0 3 17 4 0 0x2d1700000000000 -63.3656 104.838 246.872 -1.55123 -0.194556 -3.13781
2 1 0 3 17 5 0 0x2d1780000000000 -63.3656 104.838 308.59 -1.55123 -0.194556 -3.13781
2 1 0 3 17 6 0 0x2d1800000000000 -63.3656 104.838 370.308 -1.55123 -0.194556 -3.13781
2 1 0 3 18 -6 0 0x2d2200000000000 -75.5404 96.436 -370.308 -1.59099 -0.315362 3.13533
2 1 0 3 18 -5 0 0x2d2280000000000 -75.5404 96.436 -308.59 -1.59099 -0.315362 3.13533
2 1 0 3 18 -4 0 0x2d2300000000000 -75.5404 96.436 -246.872 -1.59099 -0.315362 3.13533
2 1 0 3 18 -3 0 0x2d2380000000000 -75.5404 96.436 -185.154 -1.59099 -0.315362 3.13533
2 1 0 3 18 -2 0 0x2d2400000000000 -75.5404 96.436 -123.436 -1.59099 -0.315362 3.13533
2 1 0 3 18 -1 0 0x2d2480000000000 -75.5404 96.436 -61.718 -1.59099 -0.315362 3.13533
2 1 0 3 18 0 0 0x2d2500000000000 -75.3543 95.8656 0 -1.5708 -0.315423 -3.14159
2 1 0 3 18 1 0 0x2d2580000000000 -75.5404 96.436 61.718 -1.5506 -0.315362 -3.13533
2 1 0 3 18 2 0 0x2d2600000000000 -75.5404 96.436 123.436 -1.5506 -0.315362 -3.13533
2 1 0 3 18 3 0 0x2d2680000000000 -75.5404 96.436 185.154 -1.5506 -0.315362 -3.13533
2 1 0 3 18 4 0 0x2d2700000000000 -75.5404 96.436 246.872 -1.5506 -0.315362 -3.13533
2 1 0 3 18 5 0 0x2d2780000000000 -75.5404 96.436 308.59 -1.5506 -0.315362 -3.13533
2 1 0 3 18 6 0 0x2d2800000000000 -75.5404 96.436 370.308 -1.5506 -0.315362 -3.13533
2 1 0 3 19 -6 0 0x2d3200000000000 -86.6137 86.6274 -370.308 -1.59198 -0.436167 3.13264
2 1 0 3 19 -5 0 0x2d3280000000000 -86.6137 86.6274 -308.59 -1.59198 -0.436167 3.13264
2 1 0 3 19 -4 0 0x2d3300000000000 -86.6137 86.6274 -246.872 -1.59198 -0.436167 3.13264
2 1 0 3 19 -3 0 0x2d3380000000000 -86.6137 86.6274 -185.154 -1.59198 -0.436167 3.13264
2 1 0 3 19 -2 0 0x2d3400000000000 -86.6137 86.6274 -123.436 -1.59198 -0.436167 3.13264
2 1 0 3 19 -1 0 0x2d3480000000000 -86.6137 86.6274 -61.718 -1.59198 -0.436167 3.13264
2 1 0 3 19 0 0 0x2d3500000000000 -86.3602 86.0836 0 -1.5708 -0.436253 -3.14159
2 1 0 3 19 1 0 0x2d3580000000000 -86.6137 86.6274 61.718 -1.54961 -0.436167 -3.13264
2 1 0 3 19 2 0 0x2d3600000000000 -86.6137 86.6274 123.436 -1.54961 -0.436167 -3.13264
2 1 0 3 19 3 0 0x2d3680000000000 -86.6137 86.6274 185.154 -1.54961 -0.436167 -3.13264
2 1 0 3 19 4 0 0x2d3700000000000 -86.6137 86.6274 246.872 -1.54961 -0.436167 -3.13264
2 1 0 3 19 5 0 0x2d3780000000000 -86.6137 86.6274 308.59 -1.54961 -0.436167 -3.13264
2 1 0 3 19 6 0 0x2d3800000000000 -86.6137 86.6274 370.308 -1.54961 -0.436167 -3.13264
2 1 0 3 20 -6 0 0x2d4200000000000 -96.424 75.5557 -370.308 -1.59341 -0.556969 3.12964
2 1 0 3 20 -5 0 0x2d4280000000000 -96.424 75.5557 -308.59 -1.59341 -0.556969 3.12964
2 1 0 3 20 -4 0 0x2d4300000000000 -96.424 75.5557 -246.872 -1.59341 -0.556969 3.12964
2 1 0 3 20 -3 0 0x2d4380000000000 -96.424 75.5557 -185.154 -1.59341 -0.556969 3.12964
2 1 0 3 20 -2 0 0x2d4400000000000 -96.424 75.5557 -123.436 -1.59341 -0.556969 3.12964
2 1 0 3 20 -1 0 0x2d4480000000000 -96.424 75.5557 -61.718 -1.59341 -0.556969 3.12964
2 1 0 3 20 0 0 0x2d4500000000000 -96.1068 75.0464 0 -1.5708 -0.557084 -3.14159
2 1 0 3 20 1 0 0x2d4580000000000 -96.424 75.5557 61.718 -1.54818 -0.556969 -3.12964
2 1 0 3 20 2 0 0x2d4600000000000 -96.424 75.5557 123.436 -1.54818 -0.556969 -3.12964
2 1 0 3 20 3 0 0x2d4680000000000 -96.424 75.5557 185.154 -1.54818 -0.556969 -3.12964
2 1 0 3 20 4 0 0x2d4700000000000 -96.424 75.5557 246.872 -1.54818 -0.556969 -3.12964
2 1 0 3 20 5 0 0x2d4780000000000 -96.424 75.5557 308.59 -1.54818 -0.556969 -3.12964
2 1 0 3 20 6 0 0x2d4800000000000 -96.424 75.5557 370.308 -1.54818 -0.556969 -3.12964
2 1 0 3 21 -6 0 0x2d5200000000000 -104.828 63.3822 -370.308 -1.59544 -0.677766 3.12614
2 1 0 3 21 -5 0 0x2d5280000000000 -104.828 63.3822 -308.59 -1.59544 -0.677766 3.12614
2 1 0 3 21 -4 0 0x2d5300000000000 -104.828 63.3822 -246.872 -1.59544 -0.677766 3.12614
2 1 0 3 21 -3 0 0x2d5380000000000 -104.828 63.3822 -185.154 -1.59544 -0.677766 3.12614
2 1 0 3 21 -2 0 0x2d5400000000000 -104.828 63.3822 -123.436 -1.59544 -0.677766 3.12614
2 1 0 3 21 -1 0 0x2d5480000000000 -104.828 63.3822 -61.718 -1.59544 -0.677766 3.12614
2 1 0 3 21 0 0 0x2d5500000000000 -104.452 62.9149 0 -1.5708 -0.677914 -3.14159
2 1 0 3 21 1 0 0x2d5580000000000 -104.828 63.3822 61.718 -1.54615 -0.677766 -3.12614
2 1 0 3 21 2 0 0x2d5600000000000 -104.828 63.3822 123.436 -1.54615 -0.677766 -3.12614
2 1 0 3 21 3 0 0x2d5680000000000 -104.828 63.3822 185.154 -1.54615 -0.677766 -3.12614
2 1 0 3 21 4 0 0x2d5700000000000 -104.828 63.3822 246.872 -1.54615 -0.677766 -3.12614
2 1 0 3 21 5 0 0x2d5780000000000 -104.828 63.3822 308.59 -1.54615 -0.677766 -3.12614
2 1 0 3 21 6 0 0x2d5800000000000 -104.828 63.3822 370.308 -1.54615 -0.677766 -3.12614
2 1 0 3 22 -6 0 0x2d6200000000000 -111.704 50.2844 -370.308 -1.59831 -0.798555 3.12188
2 1 0 3 22 -5 0 0x2d6280000000000 -111.704 50.2844 -308.59 -1.59831 -0.798555 3.12188
2 1 0 3 22 -4 0 0x2d6300000000000 -111.704 50.2844 -246.872 -1.59831 -0.798555 3.12188
2 1 0 3 22 -3 0 0x2d6380000000000 -111.704 50.2844 -185.154 -1.59831 -0.798555 3.12188
2 1 0 3 22 -2 0 0x2d6400000000000 -111.704 50.2844 -123.436 -1.59831 -0.798555 3.12188
2 1 0 3 22 -1 0 0x2d6480000000000 -111.704 50.2844 -61.718 -1.59831 -0.798555 3.12188
2 1 0 3 22 0 0 0x2d6500000000000 -111.274 49.8659 0 -1.5708 -0.798745 -3.14159
2 1 0 3 22 1 0 0x2d6580000000000 -111.704 50.2844 61.718 -1.54328 -0.798555 -3.12188
2 1 0 3 22 2 0 0x2d6600000000000 -111.704 50.2844 123.436 -1.54328 -0.798555 -3.12188
2 1 0 3 22 3 0 0x2d6680000000000 -111.704 50.2844 185.154 -1.54328 -0.798555 -3.12188
2 1 0 3 22 4 0 0x2d6700000000000 -111.704 50.2844 246.872 -1.54328 -0.798555 -3.12188
2 1 0 3 22 5 0 0x2d6780000000000 -111.704 50.2844 308.59 -1.54328 -0.798555 -3.12188
2 1 0 3 22 6 0 0x2d6800000000000 -111.704 50.2844 370.308 -1.54328 -0.798555 -3.12188
2 1 0 3 23 -6 0 0x2d7200000000000 -116.95 36.4534 -370.308 -1.60246 -0.919333 3.11641
2 1 0 3 23 -5 0 0x2d7280000000000 -116.95 36.4534 -308.59 -1.60246 -0.919333 3.11641
2 1 0 3 23 -4 0 0x2d7300000000000 -116.95 36.4534 -246.872 -1.60246 -0.919333 3.11641
2 1 0 3 23 -3 0 0x2d7380000000000 -116.95 36.4534 -185.154 -1.60246 -0.919333 3.11641
2 1 0 3 23 -2 0 0x2d7400000000000 -116.95 36.4534 -123.436 -1.60246 -0.919333 3.11641
2 1 0 3 23 -1 0 0x2d7480000000000 -116.95 36.4534 -61.718 -1.60246 -0.919333 3.11641
2 1 0 3 23 0 0 0x2d7500000000000 -116.473 36.0897 0 -1.5708 -0.919575 -3.14159
2 1 0 3 23 1 0 0x2d7580000000000 -116.95 36.4534 61.718 -1.53913 -0.919333 -3.11641
2 1 0 3 23 2 0 0x2d7600000000000 -116.95 36.4534 123.436 -1.53913 -0.919333 -3.11641
2 1 0 3 23 3 0 0x2d7680000000000 -116.95 36.4534 185.154 -1.53913 -0.919333 -3.11641
2 1 0 3 23 4 0 0x2d7700000000000 -116.95 36.4534 246.872 -1.53913 -0.919333 -3.11641
2 1 0 3 23 5 0 0x2d7780000000000 -116.95 36.4534 308.59 -1.53913 -0.919333 -3.11641
2 1 0 3 23 6 0 0x2d7800000000000 -116.95 36.4534 370.308 -1.53913 -0.919333 -3.11641
2 1 0 3 24 -6 0 0x2d8200000000000 -120.492 22.0908 -370.308 -1.60873 -1.04009 3.10887
2 1 0 3 24 -5 0 0x2d8280000000000 -120.492 22.0908 -308.59 -1.60873 -1.04009 3.10887
2 1 0 3 24 -4 0 0x2d8300000000000 -120.492 22.0908 -246.872 -1.60873 -1.04009 3.10887
2 1 0 3 24 -3 0 0x2d8380000000000 -120.492 22.0908 -185.154 -1.60873 -1.04009 3.10887
2 1 0 3 24 -2 0 0x2d8400000000000 -120.492 22.0908 -123.436 -1.60873 -1.04009 3.10887
2 1 0 3 24 -1 0 0x2d8480000000000 -120.492 22.0908 -61.718 -1.60873 -1.04009 3.10887
2 1 0 3 24 0 0 0x2d8500000000000 -119.974 21.7873 0 -1.5708 -1.04041 -3.14159
2 1 0 3 24 1 0 0x2d8580000000000 -120.492 22.0908 61.718 -1.53286 -1.04009 -3.10887
2 1 0 3 24 2 0 0x2d8600000000000 -120.492 22.0908 123.436 -1.53286 -1.04009 -3.10887
2 1 0 3 24 3 0 0x2d8680000000000 -120.492 22.0908 185.154 -1.53286 -1.04009 -3.10887
2 1 0 3 24 4 0 0x2d8700000000000 -120.492 22.0908 246.872 -1.53286 -1.04009 -3.10887
2 1 0 3 24 5 0 0x2d8780000000000 -120.492 22.0908 308.59 -1.53286 -1.04009 -3.10887
2 1 0 3 24 6 0 0x2d8800000000000 -120.492 22.0908 370.308 -1.53286 -1.04009 -3.10887
2 1 0 3 25 -6 0 0x2d9200000000000 -122.276 7.40605 -370.308 -1.61898 -1.16081 3.0974
2 1 0 3 25 -5 0 0x2d9280000000000 -122.276 7.40605 -308.59 -1.61898 -1.16081 3.0974
2 1 0 3 25 -4 0 0x2d9300000000000 -122.276 7.40605 -246.872 -1.61898 -1.16081 3.0974
2 1 0 3 25 -3 0 0x2d9380000000000 -122.276 7.40605 -185.154 -1.61898 -1.16081 3.0974
2 1 0 3 25 -2 0 0x2d9400000000000 -122.276 7.40605 -123.436 -1.61898 -1.16081 3.0974
2 1 0 3 25 -1 0 0x2d9480000000000 -122.276 7.40605 -61.718 -1.61898 -1.16081 3.0974
2 1 0 3 25 0 0 0x2d9500000000000 -121.726 7.16713 0 -1.5708 -1.16124 -3.14159
2 1 0 3 25 1 0 0x2d9580000000000 -122.276 7.40605 61.718 -1.52261 -1.16081 -3.0974
2 1 0 3 25 2 0 0x2d9600000000000 -122.276 7.40605 123.436 -1.52261 -1.16081 -3.0974
2 1 0 3 25 3 0 0x2d9680000000000 -122.276 7.40605 185.154 -1.52261 -1.16081 -3.0974
2 1 0 3 25 4 0 0x2d9700000000000 -122.276 7.40605 246.872 -1.52261 -1.16081 -3.0974
2 1 0 3 25 5 0 0x2d9780000000000 -122.276 7.40605 308.59 -1.52261 -1.16081 -3.0974
2 1 0 3 25 6 0 0x2d9800000000000 -122.276 7.40605 370.308 -1.52261 -1.16081 -3.0974
2 1 0 3 26 -6 0 0x2da200000000000 -122.277 -7.38668 -370.308 -1.63813 -1.28145 3.07705
2 1 0 3 26 -5 0 0x2da280000000000 -122.277 -7.38668 -308.59 -1.63813 -1.28145 3.07705
2 1 0 3 26 -4 0 0x2da300000000000 -122.277 -7.38668 -246.872 -1.63813 -1.28145 3.07705
2 1 0 3 26 -3 0 0x2da380000000000 -122.277 -7.38668 -185.154 -1.63813 -1.28145 3.07705
2 1 0 3 26 -2 0 0x2da400000000000 -122.277 -7.38668 -123.436 -1.63813 -1.28145 3.07705
2 1 0 3 26 -1 0 0x2da480000000000 -122.277 -7.38668 -61.718 -1.63813 -1.28145 3.07705
2 1 0 3 26 0 0 0x2da500000000000 -121.702 -7.55752 0 -1.5708 -1.28207 -3.14159
2 1 0 3 26 1 0 0x2da580000000000 -122.277 -7.38668 61.718 -1.50346 -1.28145 -3.07705
2 1 0 3 26 2 0 0x2da600000000000 -122.277 -7.38668 123.436 -1.50346 -1.28145 -3.07705
2 1 0 3 26 3 0 0x2da680000000000 -122.277 -7.38668 185.154 -1.50346 -1.28145 -3.07705
2 1 0 3 26 4 0 0x2da700000000000 -122.277 -7.38668 246.872 -1.50346 -1.28145 -3.07705
2 1 0 3 26 5 0 0x2da780000000000 -122.277 -7.38668 308.59 -1.50346 -1.28145 -3.07705
2 1 0 3 26 6 0 0x2da800000000000 -122.277 -7.38668 370.308 -1.50346 -1.28145 -3.07705
2 1 0 3 27 -6 0 0x2db200000000000 -120.495 -22.0717 -370.308 -1.68519 -1.40181 3.02881
2 1 0 3 27 -5 0 0x2db280000000000 -120.495 -22.0717 -308.59 -1.68519 -1.40181 3.02881
2 1 0 3 27 -4 0 0x2db300000000000 -120.495 -22.0717 -246.872 -1.68519 -1.40181 3.02881
2 1 0 3 27 -3 0 0x2db380000000000 -120.495 -22.0717 -185.154 -1.68519 -1.40181 3.02881
2 1 0 3 27 -2 0 0x2db400000000000 -120.495 -22.0717 -123.436 -1.68519 -1.40181 3.02881
2 1 0 3 27 -1 0 0x2db480000000000 -120.495 -22.0717 -61.718 -1.68519 -1.40181 3.02881
2 1 0 3 27 0 0 0x2db500000000000 -119.904 -22.172 0 -1.5708 -1.4029 -3.14159
2 1 0 3 27 1 0 0x2db580000000000 -120.495 -22.0717 61.718 -1.4564 -1.40181 -3.02881
2 1 0 3 27 2 0 0x2db600000000000 -120.495 -22.0717 123.436 -1.4564 -1.40181 -3.02881
2 1 0 3 27 3 0 0x2db680000000000 -120.495 -22.0717 185.154 -1.4564 -1.40181 -3.02881
2 1 0 3 27 4 0 0x2db700000000000 -120.495 -22.0717 246.872 -1.4564 -1.40181 -3.02881
2 1 0 3 27 5 0 0x2db780000000000 -120.495 -22.0717 308.59 -1.4564 -1.40181 -3.02881
2 1 0 3 27 6 0 0x2db800000000000 -120.495 -22.0717 370.308 -1.4564 -1.40181 -3.02881
2 1 0 3 28 -6 0 0x2dc200000000000 -116.956 -36.4349 -370.308 -1.95825 -1.51997 2.75459
2 1 0 3 28 -5 0 0x2dc280000000000 -116.956 -36.4349 -308.59 -1.95825 -1.51997 2.75459
2 1 0 3 28 -4 0 0x2dc300000000000 -116.956 -36.4349 -246.872 -1.95825 -1.51997 2.75459
2 1 0 3 28 -3 0 0x2dc380000000000 -116.956 -36.4349 -185.154 -1.95825 -1.51997 2.75459
2 1 0 3 28 -2 0 0x2dc400000000000 -116.956 -36.4349 -123.436 -1.95825 -1.51997 2.75459
2 1 0 3 28 -1 0 0x2dc480000000000 -116.956 -36.4349 -61.718 -1.95825 -1.51997 2.75459
2 1 0 3 28 0 0 0x2dc500000000000 -116.357 -36.4631 0 -1.5708 -1.52373 -3.14159
2 1 0 3 28 1 0 0x2dc580000000000 -116.956 -36.4349 61.718 -1.18334 -1.51997 -2.75459
2 1 0 3 28 2 0 0x2dc600000000000 -116.956 -36.4349 123.436 -1.18334 -1.51997 -2.75459
2 1 0 3 28 3 0 0x2dc680000000000 -116.956 -36.4349 185.154 -1.18334 -1.51997 -2.75459
2 1 0 3 28 4 0 0x2dc700000000000 -116.956 -36.4349 246.872 -1.18334 -1.51997 -2.75459
2 1 0 3 28 5 0 0x2dc780000000000 -116.956 -36.4349 308.59 -1.18334 -1.51997 -2.75459
2 1 0 3 28 6 0 0x2dc800000000000 -116.956 -36.4349 370.308 -1.18334 -1.51997 -2.75459
2 1 0 3 29 -6 0 0x2dd200000000000 -111.712 -50.2667 -370.308 1.82568 -1.49458 0.254172
2 1 0 3 29 -5 0 0x2dd280000000000 -111.712 -50.2667 -308.59 1.82568 -1.49458 0.254172
2 1 0 3 29 -4 0 0x2dd300000000000 -111.712 -50.2667 -246.872 1.82568 -1.49458 0.254172
2 1 0 3 29 -3 0 0x2dd380000000000 -111.712 -50.2667 -185.154 1.82568 -1.49458 0.254172
2 1 0 3 29 -2 0 0x2dd400000000000 -111.712 -50.2667 -123.436 1.82568 -1.49458 0.254172
2 1 0 3 29 -1 0 0x2dd480000000000 -111.712 -50.2667 -61.718 1.82568 -1.49458 0.254172
2 1 0 3 29 0 0 0x2dd500000000000 -111.113 -50.2225 0 1.5708 -1.49703 0
2 1 0 3 29 1 0 0x2dd580000000000 -111.712 -50.2667 61.718 1.31592 -1.49458 -0.254172
2 1 0 3 29 2 0 0x2dd600000000000 -111.712 -50.2667 123.436 1.31592 -1.49458 -0.254172
2 1 0 3 29 3 0 0x2dd680000000000 -111.712 -50.2667 185.154 1.31592 -1.49458 -0.254172
2 1 0 3 29 4 0 0x2dd700000000000 -111.712 -50.2667 246.872 1.31592 -1.49458 -0.254172
2 1 0 3 29 5 0 0x2dd780000000000 -111.712 -50.2667 308.59 1.31592 -1.49458 -0.254172
2 1 0 3 29 6 0 0x2dd800000000000 -111.712 -50.2667 370.308 1.31592 -1.49458 -0.254172
2 1 0 3 30 -6 0 0x2de200000000000 -104.838 -63.3656 -370.308 1.66977 -1.37527 0.0971001
2 1 0 3 30 -5 0 0x2de280000000000 -104.838 -63.3656 -308.59 1.66977 -1.37527 0.0971001
2 1 0 3 30 -4 0 0x2de300000000000 -104.838 -63.3656 -246.872 1.66977 -1.37527 0.0971001
2 1 0 3 30 -3 0 0x2de380000000000 -104.838 -63.3656 -185.154 1.66977 -1.37527 0.0971001
2 1 0 3 30 -2 0 0x2de400000000000 -104.838 -63.3656 -123.436 1.66977 -1.37527 0.0971001
2 1 0 3 30 -1 0 0x2de480000000000 -104.838 -63.3656 -61.718 1.66977 -1.37527 0.0971001
2 1 0 3 30 0 0 0x2de500000000000 -104.25 -63.2496 0 1.5708 -1.3762 0
2 1 0 3 30 1 0 0x2de580000000000 -104.838 -63.3656 61.718 1.47182 -1.37527 -0.0971001
2 1 0 3 30 2 0 0x2de600000000000 -104.838 -63.3656 123.436 1.47182 -1.37527 -0.0971001
2 1 0 3 30 3 0 0x2de680000000000 -104.838 -63.3656 185.154 1.47182 -1.37527 -0.0971001
2 1 0 3 30 4 0 0x2de700000000000 -104.838 -63.3656 246.872 1.47182 -1.37527 -0.0971001
2 1 0 3 30 5 0 0x2de780000000000 -104.838 -63.3656 308.59 1.47182 -1.37527 -0.0971001
2 1 0 3 30 6 0 0x2de800000000000 -104.838 -63.3656 370.308 1.47182 -1.37527 -0.0971001
2 1 0 3 31 -6 0 0x2df200000000000 -96.436 -75.5404 -370.308 1.63261 -1.25481 0.0587629
2 1 0 3 31 -5 0 0x2df280000000000 -96.436 -75.5404 -308.59 1.63261 -1.25481 0.0587629
2 1 0 3 31 -4 0 0x2df300000000000 -96.436 -75.5404 -246.872 1.63261 -1.25481 0.0587629
2 1 0 3 31 -3 0 0x2df380000000000 -96.436 -75.5404 -185.154 1.63261 -1.25481 0.0587629
2 1 0 3 31 -2 0 0x2df400000000000 -96.436 -75.5404 -123.436 1.63261 -1.25481 0.0587629
2 1 0 3 31 -1 0 0x2df480000000000 -96.436 -75.5404 -61.718 1.63261 -1.25481 0.0587629
2 1 0 3 31 0 0 0x2df500000000000 -95.8656 -75.3543 0 1.5708 -1.25537 0
2 1 0 3 31 1 0 0x2df580000000000 -96.436 -75.5404 61.718 1.50898 -1.25481 -0.0587629
2 1 0 3 31 2 0 0x2df600000000000 -96.436 -75.5404 123.436 1.50898 -1.25481 -0.0587629
2 1 0 3 31 3 0 0x2df680000000000 -96.436 -75.5404 185.154 1.50898 -1.25481 -0.0587629
2 1 0 3 31 4 0 0x2df700000000000 -96.436 -75.5404 246.872 1.50898 -1.25481 -0.0587629
2 1 0 3 31 5 0 0x2df780000000000 -96.436 -75.5404 308.59 1.50898 -1.25481 -0.0587629
2 1 0 3 31 6 0 0x2df800000000000 -96.436 -75.5404 370.308 1.50898 -1.25481 -0.0587629
2 1 0 3 32 -6 0 0x2e0200000000000 -86.6274 -86.6137 -370.308 1.61621 -1.13415 0.0411543
2 1 0 3 32 -5 0 0x2e0280000000000 -86.6274 -86.6137 -308.59 1.61621 -1.13415 0.0411543
2 1 0 3 32 -4 0 0x2e0300000000000 -86.6274 -86.6137 -246.872 1.61621 -1.13415 0.0411543
2 1 0 3 32 -3 0 0x2e0380000000000 -86.6274 -86.6137 -185.154 1.61621 -1.13415 0.0411543
2 1 0 3 32 -2 0 0x2e0400000000000 -86.6274 -86.6137 -123.436 1.61621 -1.13415 0.0411543
2 1 0 3 32 -1 0 0x2e0480000000000 -86.6274 -86.6137 -61.718 1.61621 -1.13415 0.0411543
2 1 0 3 32 0 0 0x2e0500000000000 -86.0836 -86.3602 0 1.5708 -1.13454 0
2 1 0 3 32 1 0 0x2e0580000000000 -86.6274 -86.6137 61.718 1.52539 -1.13415 -0.0411543
2 1 0 3 32 2 0 0x2e0600000000000 -86.6274 -86.6137 123.436 1.52539 -1.13415 -0.0411543
2 1 0 3 32 3 0 0x2e0680000000000 -86.6274 -86.6137 185.154 1.52539 -1.13415 -0.0411543
2 1 0 3 32 4 0 0x2e0700000000000 -86.6274 -86.6137 246.872 1.52539 -1.13415 -0.0411543
2 1 0 3 32 5 0 0x2e0780000000000 -86.6274 -86.6137 308.59 1.52539 -1.13415 -0.0411543
2 1 0 3 32 6 0 0x2e0800000000000 -86.6274 -86.6137 370.308 1.52539 -1.13415 -0.0411543
2 1 0 3 33 -6 0 0x2e1200000000000 -75.5557 -96.424 -370.308 1.6071 -1.01342 0.03081
2 1 0 3 33 -5 0 0x2e1280000000000 -75.5557 -96.424 -308.59 1.6071 -1.01342 0.03081
2 1 0 3 33 -4 0 0x2e1300000000000 -75.5557 -96.424 -246.872 1.6071 -1.01342 0.03081
2 1 0 3 33 -3 0 0x2e1380000000000 -75.5557 -96.424 -185.154 1.6071 -1.01342 0.03081
2 1 0 3 33 -2 0 0x2e1400000000000 -75.5557 -96.424 -123.436 1.6071 -1.01342 0.03081
2 1 0 3 33 -1 0 0x2e1480000000000 -75.5557 -96.424 -61.718 1.6071 -1.01342 0.03081
2 1 0 3 33 0 0 0x2e1500000000000 -75.0464 -96.1068 0 1.5708 -1.01371 0
2 1 0 3 33 1 0 0x2e1580000000000 -75.5557 -96.424 61.718 1.5345 -1.01342 -0.03081
2 1 0 3 33 2 0 0x2e1600000000000 -75.5557 -96.424 123.436 1.5345 -1.01342 -0.03081
2 1 0 3 33 3 0 0x2e1680000000000 -75.5557 -96.424 185.154 1.5345 -1.01342 -0.03081
2 1 0 3 33 4 0 0x2e1700000000000 -75.5557 -96.424 246.872 1.5345 -1.01342 -0.03081
2 1 0 3 33 5 0 0x2e1780000000000 -75.5557 -96.424 308.59 1.5345 -1.01342 -0.03081
2 1 0 3 33 6 0 0x2e1800000000000 -75.5557 -96.424 370.308 1.5345 -1.01342 -0.03081
2 1 0 3 34 -6 0 0x2e2200000000000 -63.3822 -104.828 -370.308 1.6014 -0.892653 0.0238368
2 1 0 3 34 -5 0 0x2e2280000000000 -63.3822 -104.828 -308.59 1.6014 -0.892653 0.0238368
2 1 0 3 34 -4 0 0x2e2300000000000 -63.3822 -104.828 -246.872 1.6014 -0.892653 0.0238368
2 1 0 3 34 -3 0 0x2e2380000000000 -63.3822 -104.828 -185.154 1.6014 -0.892653 0.0238368
2 1 0 3 34 -2 0 0x2e2400000000000 -63.3822 -104.828 -123.436 1.6014 -0.892653 0.0238368
2 1 0 3 34 -1 0 0x2e2480000000000 -63.3822 -104.828 -61.718 1.6014 -0.892653 0.0238368
2 1 0 3 34 0 0 0x2e2500000000000 -62.9149 -104.452 0 1.5708 -0.892882 0
2 1 0 3 34 1 0 0x2e2580000000000 -63.3822 -104.828 61.718 1.54019 -0.892653 -0.0238368
2 1 0 3 34 2 0 0x2e2600000000000 -63.3822 -104.828 123.436 1.54019 -0.892653 -0.0238368
2 1 0 3 34 3 0 0x2e2680000000000 -63.3822 -104.828 185.154 1.54019 -0.892653 -0.0238368
2 1 0 3 34 4 0 0x2e2700000000000 -63.3822 -104.828 246.872 1.54019 -0.892653 -0.0238368
2 1 0 3 34 5 0 0x2e2780000000000 -63.3822 -104.828 308.59 1.54019 -0.892653 -0.0238368
2 1 0 3 34 6 0 0x2e2800000000000 -63.3822 -104.828 370.308 1.54019 -0.892653 -0.0238368
2 1 0 3 35 -6 0 0x2e3200000000000 -50.2844 -111.704 -370.308 1.59759 -0.771872 0.0186896
2 1 0 3 35 -5 0 0x2e3280000000000 -50.2844 -111.704 -308.59 1.59759 -0.771872 0.0186896
2 1 0 3 35 -4 0 0x2e3300000000000 -50.2844 -111.704 -246.872 1.59759 -0.771872 0.0186896
2 1 0 3 35 -3 0 0x2e3380000000000 -50.2844 -111.704 -185.154 1.59759 -0.771872 0.0186896
2 1 0 3 35 -2 0 0x2e3400000000000 -50.2844 -111.704 -123.436 1.59759 -0.771872 0.0186896
2 1 0 3 35 -1 0 0x2e3480000000000 -50.2844 -111.704 -61.718 1.59759 -0.771872 0.0186896
2 1 0 3 35 0 0 0x2e3500000000000 -49.8659 -111.274 0 1.5708 -0.772052 0
2 1 0 3 35 1 0 0x2e3580000000000 -50.2844 -111.704 61.718 1.544 -0.771872 -0.0186896
2 1 0 3 35 2 0 0x2e3600000000000 -50.2844 -111.704 123.436 1.544 -0.771872 -0.0186896
2 1 0 3 35 3 0 0x2e3680000000000 -50.2844 -111.704 185.154 1.544 -0.771872 -0.0186896
2 1 0 3 35 4 0 0x2e3700000000000 -50.2844 -111.704 246.872 1.544 -0.771872 -0.0186896
2 1 0 3 35 5 0 0x2e3780000000000 -50.2844 -111.704 308.59 1.544 -0.771872 -0.0186896
2 1 0 3 35 6 0 0x2e3800000000000 -50.2844 -111.704 370.308 1.544 -0.771872 -0.0186896
2 1 0 3 36 -6 0 0x2e4200000000000 -36.4534 -116.95 -370.308 1.59493 -0.651081 0.01463
2 1 0 3 36 -5 0 0x2e4280000000000 -36.4534 -116.95 -308.59 1.59493 -0.651081 0.01463
2 1 0 3 36 -4 0 0x2e4300000000000 -36.4534 -116.95 -246.872 1.59493 -0.651081 0.01463
2 1 0 3 36 -3 0 0x2e4380000000000 -36.4534 -116.95 -185.154 1.59493 -0.651081 0.01463
2 1 0 3 36 -2 0 0x2e4400000000000 -36.4534 -116.95 -123.436 1.59493 -0.651081 0.01463
2 1 0 3 36 -1 0 0x2e4480000000000 -36.4534 -116.95 -61.718 1.59493 -0.651081 0.01463
2 1 0 3 36 0 0 0x2e4500000000000 -36.0897 -116.473 0 1.5708 -0.651221 0
2 1 0 3 36 1 0 0x2e4580000000000 -36.4534 -116.95 61.718 1.54666 -0.651081 -0.01463
2 1 0 3 36 2 0 0x2e4600000000000 -36.4534 -116.95 123.436 1.54666 -0.651081 -0.01463
2 1 0 3 36 3 0 0x2e4680000000000 -36.4534 -116.95 185.154 1.54666 -0.651081 -0.01463
2 1 0 3 36 4 0 0x2e4700000000000 -36.4534 -116.95 246.872 1.54666 -0.651081 -0.01463
2 1 0 3 36 5 0 0x2e4780000000000 -36.4534 -116.95 308.59 1.54666 -0.651081 -0.01463
2 1 0 3 36 6 0 0x2e4800000000000 -36.4534 -116.95 370.308 1.54666 -0.651081 -0.01463
2 1 0 3 37 -6 0 0x2e5200000000000 -22.0908 -120.492 -370.308 1.59305 -0.530283 0.0112577
2 1 0 3 37 -5 0 0x2e5280000000000 -22.0908 -120.492 -308.59 1.59305 -0.530283 0.0112577
2 1 0 3 37 -4 0 0x2e5300000000000 -22.0908 -120.492 -246.872 1.59305 -0.530283 0.0112577
2 1 0 3 37 -3 0 0x2e5380000000000 -22.0908 -120.492 -185.154 1.59305 -0.530283 0.0112577
2 1 0 3 37 -2 0 0x2e5400000000000 -22.0908 -120.492 -123.436 1.59305 -0.530283 0.0112577
2 1 0 3 37 -1 0 0x2e5480000000000 -22.0908 -120.492 -61.718 1.59305 -0.530283 0.0112577
2 1 0 3 37 0 0 0x2e5500000000000 -21.7873 -119.974 0 1.5708 -0.530391 0
2 1 0 3 37 1 0 0x2e5580000000000 -22.0908 -120.492 61.718 1.54854 -0.530283 -0.0112577
2 1 0 3 37 2 0 0x2e5600000000000 -22.0908 -120.492 123.436 1.54854 -0.530283 -0.0112577
2 1 0 3 37 3 0 0x2e5680000000000 -22.0908 -120.492 185.154 1.54854 -0.530283 -0.0112577
2 1 0 3 37 4 0 0x2e5700000000000 -22.0908 -120.492 246.872 1.54854 -0.530283 -0.0112577
2 1 0 3 37 5 0 0x2e5780000000000 -22.0908 -120.492 308.59 1.54854 -0.530283 -0.0112577
2 1 0 3 37 6 0 0x2e5800000000000 -22.0908 -120.492 370.308 1.54854 -0.530283 -0.0112577
2 1 0 3 38 -6 0 0x2e6200000000000 -7.40605 -122.276 -370.308 1.59173 -0.40948 0.00833358
2 1 0 3 38 -5 0 0x2e6280000000000 -7.40605 -122.276 -308.59 1.59173 -0.40948 0.00833358
2 1 0 3 38 -4 0 0x2e6300000000000 -7.40605 -122.276 -246.872 1.59173 -0.40948 0.00833358
2 1 0 3 38 -3 0 0x2e6380000000000 -7.40605 -122.276 -185.154 1.59173 -0.40948 0.00833358
2 1 0 3 38 -2 0 0x2e6400000000000 -7.40605 -122.276 -123.436 1.59173 -0.40948 0.00833358
2 1 0 3 38 -1 0 0x2e6480000000000 -7.40605 -122.276 -61.718 1.59173 -0.40948 0.00833358
2 1 0 3 38 0 0 0x2e6500000000000 -7.16713 -121.726 0 1.5708 -0.40956 0
2 1 0 3 38 1 0 0x2e6580000000000 -7.40605 -122.276 61.718 1.54987 -0.40948 -0.00833358
2 1 0 3 38 2 0 0x2e6600000000000 -7.40605 -122.276 123.436 1.54987 -0.40948 -0.00833358
2 1 0 3 38 3 0 0x2e6680000000000 -7.40605 -122.276 185.154 1.54987 -0.40948 -0.00833358
2 1 0 3 38 4 0 0x2e6700000000000 -7.40605 -122.276 246.872 1.54987 -0.40948 -0.00833358
2 1 0 3 38 5 0 0x2e6780000000000 -7.40605 -122.276 308.59 1.54987 -0.40948 -0.00833358
2 1 0 3 38 6 0 0x2e6800000000000 -7.40605 -122.276 370.308 1.54987 -0.40948 -0.00833358
2 1 0 3 39 -6 0 0x2e7200000000000 7.38668 -122.277 -370.308 1.59082 -0.288675 0.00570215
2 1 0 3 39 -5 0 0x2e7280000000000 7.38668 -122.277 -308.59 1.59082 -0.288675 0.00570215
2 1 0 3 39 -4 0 0x2e7300000000000 7.38668 -122.277 -246.872 1.59082 -0.288675 0.00570215
2 1 0 3 39 -3 0 0x2e7380000000000 7.38668 -122.277 -185.154 1.59082 -0.288675 0.00570215
2 1 0 3 39 -2 0 0x2e7400000000000 7.38668 -122.277 -123.436 1.59082 -0.288675 0.00570215
2 1 0 3 39 -1 0 0x2e7480000000000 7.38668 -122.277 -61.718 1.59082 -0.288675 0.00570215
2 1 0 3 39 0 0 0x2e7500000000000 7.55752 -121.702 0 1.5708 -0.28873 0
2 1 0 3 39 1 0 0x2e7580000000000 7.38668 -122.277 61.718 1.55077 -0.288675 -0.00570215
2 1 0 3 39 2 0 0x2e7600000000000 7.38668 -122.277 123.436 1.55077 -0.288675 -0.00570215
2 1 0 3 39 3 0 0x2e7680000000000 7.38668 -122.277 185.154 1.55077 -0.288675 -0.00570215
2 1 0 3 39 4 0 0x2e7700000000000 7.38668 -122.277 246.872 1.55077 -0.288675 -0.00570215
2 1 0 3 39 5 0 0x2e7780000000000 7.38668 -122.277 308.59 1.55077 -0.288675 -0.00570215
2 1 0 3 39 6 0 0x2e7800000000000 7.38668 -122.277 370.308 1.55077 -0.288675 -0.00570215
2 1 0 3 40 -6 0 0x2e8200000000000 22.0717 -120.495 -370.308 1.59027 -0.167868 0.00325386
2 1 0 3 40 -5 0 0x2e8280000000000 22.0717 -120.495 -308.59 1.59027 -0.167868 0.00325386
2 1 0 3 40 -4 0 0x2e8300000000000 22.0717 -120.495 -246.872 1.59027 -0.167868 0.00325386
2 1 0 3 40 -3 0 0x2e8380000000000 22.0717 -120.495 -185.154 1.59027 -0.167868 0.00325386
2 1 0 3 40 -2 0 0x2e8400000000000 22.0717 -120.495 -123.436 1.59027 -0.167868 0.00325386
2 1 0 3 40 -1 0 0x2e8480000000000 22.0717 -120.495 -61.718 1.59027 -0.167868 0.00325386
2 1 0 3 40 0 0 0x2e8500000000000 22.172 -119.904 0 1.5708 -0.167899 0
2 1 0 3 40 1 0 0x2e8580000000000 22.0717 -120.495 61.718 1.55132 -0.167868 -0.00325386
2 1 0 3 40 2 0 0x2e8600000000000 22.0717 -120.495 123.436 1.55132 -0.167868 -0.00325386
2 1 0 3 40 3 0 0x2e8680000000000 22.0717 -120.495 185.154 1.55132 -0.167868 -0.00325386
2 1 0 3 40 4 0 0x2e8700000000000 22.0717 -120.495 246.872 1.55132 -0.167868 -0.00325386
2 1 0 3 40 5 0 0x2e8780000000000 22.0717 -120.495 308.59 1.55132 -0.167868 -0.00325386
2 1 0 3 40 6 0 0x2e8800000000000 22.0717 -120.495 370.308 1.55132 -0.167868 -0.00325386
2 1 0 3 41 -6 0 0x2e9200000000000 36.4349 -116.956 -370.308 1.59002 -0.0470602 0.000904269
2 1 0 3 41 -5 0 0x2e9280000000000 36.4349 -116.956 -308.59 1.59002 -0.0470602 0.000904269
2 1 0 3 41 -4 0 0x2e9300000000000 36.4349 -116.956 -246.872 1.59002 -0.0470602 0.000904269
2 1 0 3 41 -3 0 0x2e9380000000000 36.4349 -116.956 -185.154 1.59002 -0.0470602 0.000904269
2 1 0 3 41 -2 0 0x2e9400000000000 36.4349 -116.956 -123.436 1.59002 -0.0470602 0.000904269
2 1 0 3 41 -1 0 0x2e9480000000000 36.4349 -116.956 -61.718 1.59002 -0.0470602 0.000904269
2 1 0 3 41 0 0 0x2e9500000000000 36.4631 -116.357 0 1.5708 -0.0470688 0
2 1 0 3 41 1 0 0x2e9580000000000 36.4349 -116.956 61.718 1.55158 -0.0470602 -0.000904269
2 1 0 3 41 2 0 0x2e9600000000000 36.4349 -116.956 123.436 1.55158 -0.0470602 -0.000904269
2 1 0 3 41 3 0 0x2e9680000000000 36.4349 -116.956 185.154 1.55158 -0.0470602 -0.000904269
2 1 0 3 41 4 0 0x2e9700000000000 36.4349 -116.956 246.872 1.55158 -0.0470602 -0.000904269
2 1 0 3 41 5 0 0x2e9780000000000 36.4349 -116.956 308.59 1.55158 -0.0470602 -0.000904269
2 1 0 3 41 6 0 0x2e9800000000000 36.4349 -116.956 370.308 1.55158 -0.0470602 -0.000904269
2 1 0 3 42 -6 0 0x2ea200000000000 50.2667 -111.712 -370.308 1.59005 0.073748 -0.00141861
2 1 0 3 42 -5 0 0x2ea280000000000 50.2667 -111.712 -308.59 1.59005 0.073748 -0.00141861
2 1 0 3 42 -4 0 0x2ea300000000000 50.2667 -111.712 -246.872 1.59005 0.073748 -0.00141861
2 1 0 3 42 -3 0 0x2ea380000000000 50.2667 -111.712 -185.154 1.59005 0.073748 -0.00141861
2 1 0 3 42 -2 0 0x2ea400000000000 50.2667 -111.712 -123.436 1.59005 0.073748 -0.00141861
2 1 0 3 42 -1 0 0x2ea480000000000 50.2667 -111.712 -61.718 1.59005 0.073748 -0.00141861
2 1 0 3 42 0 0 0x2ea500000000000 50.2225 -111.113 0 1.5708 0.0737616 0
2 1 0 3 42 1 0 0x2ea580000000000 50.2667 -111.712 61.718 1.55155 0.073748 0.00141861
2 1 0 3 42 2 0 0x2ea600000000000 50.2667 -111.712 123.436 1.55155 0.073748 0.00141861
2 1 0 3 42 3 0 0x2ea680000000000 50.2667 -111.712 185.154 1.55155 0.073748 0.00141861
2 1 0 3 42 4 0 0x2ea700000000000 50.2667 -111.712 246.872 1.55155 0.073748 0.00141861
2 1 0 3 42 5 0 0x2ea780000000000 50.2667 -111.712 308.59 1.55155 0.073748 0.00141861
2 1 0 3 42 6 0 0x2ea800000000000 50.2667 -111.712 370.308 1.55155 0.073748 0.00141861
2 1 0 3 43 -6 0 0x2eb200000000000 63.3656 -104.838 -370.308 1.59036 0.194556 -0.00378353
2 1 0 3 43 -5 0 0x2eb280000000000 63.3656 -104.838 -308.59 1.59036 0.194556 -0.00378353
2 1 0 3 43 -4 0 0x2eb300000000000 63.3656 -104.838 -246.872 1.59036 0.194556 -0.00378353
2 1 0 3 43 -3 0 0x2eb380000000000 63.3656 -104.838 -185.154 1.59036 0.194556 -0.00378353
2 1 0 3 43 -2 0 0x2eb400000000000 63.3656 -104.838 -123.436 1.59036 0.194556 -0.00378353
2 1 0 3 43 -1 0 0x2eb480000000000 63.3656 -104.838 -61.718 1.59036 0.194556 -0.00378353
2 1 0 3 43 0 0 0x2eb500000000000 63.2496 -104.25 0 1.5708 0.194592 0
2 1 0 3 43 1 0 0x2eb580000000000 63.3656 -104.838 61.718 1.55123 0.194556 0.00378353
2 1 0 3 43 2 0 0x2eb600000000000 63.3656 -104.838 123.436 1.55123 0.194556 0.00378353
2 1 0 3 43 3 0 0x2eb680000000000 63.3656 -104.838 185.154 1.55123 0.194556 0.00378353
2 1 0 3 43 4 0 0x2eb700000000000 63.3656 -104.838 246.872 1.55123 0.194556 0.00378353
2 1 0 3 43 5 0 0x2eb780000000000 63.3656 -104.838 308.59 1.55123 0.194556 0.00378353
2 1 0 3 43 6 0 0x2eb800000000000 63.3656 -104.838 370.308 1.55123 0.194556 0.00378353
2 1 0 3 44 -6 0 0x2ec200000000000 75.5404 -96.436 -370.308 1.59099 0.315362 -0.00626437
2 1 0 3 44 -5 0 0x2ec280000000000 75.5404 -96.436 -308.59 1.59099 0.315362 -0.00626437
2 1 0 3 44 -4 0 0x2ec300000000000 75.5404 -96.436 -246.872 1.59099 0.315362 -0.00626437
2 1 0 3 44 -3 0 0x2ec380000000000 75.5404 -96.436 -185.154 1.59099 0.315362 -0.00626437
2 1 0 3 44 -2 0 0x2ec400000000000 75.5404 -96.436 -123.436 1.59099 0.315362 -0.00626437
2 1 0 3 44 -1 0 0x2ec480000000000 75.5404 -96.436 -61.718 1.59099 0.315362 -0.00626437
2 1 0 3 44 0 0 0x2ec500000000000 75.3543 -95.8656 0 1.5708 0.315423 0
2 1 0 3 44 1 0 0x2ec580000000000 75.5404 -96.436 61.718 1.5506 0.315362 0.00626437
2 1 0 3 44 2 0 0x2ec600000000000 75.5404 -96.436 123.436 1.5506 0.315362 0.00626437
2 1 0 3 44 3 0 0x2ec680000000000 75.5404 -96.436 185.154 1.5506 0.315362 0.00626437
2 1 0 3 44 4 0 0x2ec700000000000 75.5404 -96.436 246.872 1.5506 0.315362 0.00626437
2 1 0 3 44 5 0 0x2ec780000000000 75.5404 -96.436 308.59 1.5506 0.315362 0.00626437
2 1 0 3 44 6 0 0x2ec800000000000 75.5404 -96.436 370.308 1.5506 0.315362 0.00626437
2 1 0 3 45 -6 0 0x2ed200000000000 86.6137 -86.6274 -370.308 1.59198 0.436167 -0.00894982
2 1 0 3 45 -5 0 0x2ed280000000000 86.6137 -86.6274 -308.59 1.59198 0.436167 -0.00894982
2 1 0 3 45 -4 0 0x2ed300000000000 86.6137 -86.6274 -246.872 1.59198 0.436167 -0.00894982
2 1 0 3 45 -3 0 0x2ed380000000000 86.6137 -86.6274 -185.154 1.59198 0.436167 -0.00894982
2 1 0 3 45 -2 0 0x2ed400000000000 86.6137 -86.6274 -123.436 1.59198 0.436167 -0.00894982
2 1 0 3 45 -1 0 0x2ed480000000000 86.6137 -86.6274 -61.718 1.59198 0.436167 -0.00894982
2 1 0 3 45 0 0 0x2ed500000000000 86.3602 -86.0836 0 1.5708 0.436253 0
2 1 0 3 45 1 0 0x2ed580000000000 86.6137 -86.6274 61.718 1.54961 0.436167 0.00894982
2 1 0 3 45 2 0 0x2ed600000000000 86.6137 -86.6274 123.436 1.54961 0.436167 0.00894982
2 1 0 3 45 3 0 0x2ed680000000000 86.6137 -86.6274 185.154 1.54961 0.436167 0.00894982
2 1 0 3 45 4 0 0x2ed700000000000 86.6137 -86.6274 246.872 1.54961 0.436167 0.00894982
2 1 0 3 45 5 0 0x2ed780000000000 86.6137 -86.6274 308.59 1.54961 0.436167 0.00894982
2 1 0 3 45 6 0 0x2ed800000000000 86.6137 -86.6274 370.308 1.54961 0.436167 0.00894982
2 1 0 3 46 -6 0 0x2ee200000000000 96.424 -75.5557 -370.308 1.59341 0.556969 -0.0119574
2 1 0 3 46 -5 0 0x2ee280000000000 96.424 -75.5557 -308.59 1.59341 0.556969 -0.0119574
2 1 0 3 46 -4 0 0x2ee300000000000 96.424 -75.5557 -246.872 1.59341 0.556969 -0.0119574
2 1 0 3 46 -3 0 0x2ee380000000000 96.424 -75.5557 -185.154 1.59341 0.556969 -0.0119574
2 1 0 3 46 -2 0 0x2ee400000000000 96.424 -75.5557 -123.436 1.59341 0.556969 -0.0119574
2 1 0 3 46 -1 0 0x2ee480000000000 96.424 -75.5557 -61.718 1.59341 0.556969 -0.0119574
2 1 0 3 46 0 0 0x2ee500000000000 96.1068 -75.0464 0 1.5708 0.557084 0
2 1 0 3 46 1 0 0x2ee580000000000 96.424 -75.5557 61.718 1.54818 0.556969 0.0119574
2 1 0 3 46 2 0 0x2ee600000000000 96.424 -75.5557 123.436 1.54818 0.556969 0.0119574
2 1 0 3 46 3 0 0x2ee680000000000 96.424 -75.5557 185.154 1.54818 0.556969 0.0119574
2 1 0 3 46 4 0 0x2ee700000000000 96.424 -75.5557 246.872 1.54818 0.556969 0.0119574
2 1 0 3 46 5 0 0x2ee780000000000 96.424 -75.5557 308.59 1.54818 0.556969 0.0119574
2 1 0 3 46 6 0 0x2ee800000000000 96.424 -75.5557 370.308 1.54818 0.556969 0.0119574
2 1 0 3 47 -6 0 0x2ef200000000000 104.828 -63.3822 -370.308 1.59544 0.677766 -0.0154569
2 1 0 3 47 -5 0 0x2ef280000000000 104.828 -63.3822 -308.59 1.59544 0.677766 -0.0154569
2 1 0 3 47 -4 0 0x2ef300000000000 104.828 -63.3822 -246.872 1.59544 0.677766 -0.0154569
2 1 0 3 47 -3 0 0x2ef380000000000 104.828 -63.3822 -185.154 1.59544 0.677766 -0.0154569
2 1 0 3 47 -2 0 0x2ef400000000000 104.828 -63.3822 -123.436 1.59544 0.677766 -0.0154569
2 1 0 3 47 -1 0 0x2ef480000000000 104.828 -63.3822 -61.718 1.59544 0.677766 -0.0154569
2 1 0 3 47 0 0 0x2ef500000000000 104.452 -62.9149 0 1.5708 0.677914 0
2 1 0 3 47 1 0 0x2ef580000000000 104.828 -63.3822 61.718 1.54615 0.677766 0.0154569
2 1 0 3 47 2 0 0x2ef600000000000 104.828 -63.3822 123.436 1.54615 0.677766 0.0154569
2 1 0 3 47 3 0 0x2ef680000000000 104.828 -63.3822 185.154 1.54615 0.677766 0.0154569
2 1 0 3 47 4 0 0x2ef700000000000 104.828 -63.3822 246.872 1.54615 0.677766 0.0154569
2 1 0 3 47 5 0 0x2ef780000000000 104.828 -63.3822 308.59 1.54615 0.677766 0.0154569
2 1 0 3 47 6 0 0x2ef800000000000 104.828 -63.3822 370.308 1.54615 0.677766 0.0154569
2 1 0 3 48 -6 0 0x2f0200000000000 111.704 -50.2844 -370.308 1.59831 0.798555 -0.0197143
2 1 0 3 48 -5 0 0x2f0280000000000 111.704 -50.2844 -308.59 1.59831 0.798555 -0.0197143
2 1 0 3 48 -4 0 0x2f0300000000000 111.704 -50.2844 -246.872 1.59831 0.798555 -0.0197143
2 1 0 3 48 -3 0 0x2f0380000000000 111.704 -50.2844 -185.154 1.59831 0.798555 -0.0197143
2 1 0 3 48 -2 0 0x2f0400000000000 111.704 -50.2844 -123.436 1.59831 0.798555 -0.0197143
2 1 0 3 48 -1 0 0x2f0480000000000 111.704 -50.2844 -61.718 1.59831 0.798555 -0.0197143
2 1 0 3 48 0 0 0x2f0500000000000 111.274 -49.8659 0 1.5708 0.798745 0
2 1 0 3 48 1 0 0x2f0580000000000 111.704 -50.2844 61.718 1.54328 0.798555 0.0197143
2 1 0 3 48 2 0 0x2f0600000000000 111.704 -50.2844 123.436 1.54328 0.798555 0.0197143
2 1 0 3 48 3 0 0x2f0680000000000 111.704 -50.2844 185.154 1.54328 0.798555 0.0197143
2 1 0 3 48 4 0 0x2f0700000000000 111.704 -50.2844 246.872 1.54328 0.798555 0.0197143
2 1 0 3 48 5 0 0x2f0780000000000 111.704 -50.2844 308.59 1.54328 0.798555 0.0197143
2 1 0 3 48 6 0 0x2f0800000000000 111.704 -50.2844 370.308 1.54328 0.798555 0.0197143
2 1 0 3 49 -6 0 0x2f1200000000000 116.95 -36.4534 -370.308 1.60246 0.919333 -0.0251838
2 1 0 3 49 -5 0 0x2f1280000000000 116.95 -36.4534 -308.59 1.60246 0.919333 -0.0251838
2 1 0 3 49 -4 0 0x2f1300000000000 116.95 -36.4534 -246.872 1.60246 0.919333 -0.0251838
2 1 0 3 49 -3 0 0x2f1380000000000 116.95 -36.4534 -185.154 1.60246 0.919333 -0.0251838
2 1 0 3 49 -2 0 0x2f1400000000000 116.95 -36.4534 -123.436 1.60246 0.919333 -0.0251838
2 1 0 3 49 -1 0 0x2f1480000000000 116.95 -36.4534 -61.718 1.60246 0.919333 -0.0251838
2 1 0 3 49 0 0 0x2f1500000000000 116.473 -36.0897 0 1.5708 0.919575 0
2 1 0 3 49 1 0 0x2f1580000000000 116.95 -36.4534 61.718 1.53913 0.919333 0.0251838
2 1 0 3 49 2 0 0x2f1600000000000 116.95 -36.4534 123.436 1.53913 0.919333 0.0251838
2 1 0 3 49 3 0 0x2f1680000000000 116.95 -36.4534 185.154 1.53913 0.919333 0.0251838
2 1 0 3 49 4 0 0x2f1700000000000 116.95 -36.4534 246.872 1.53913 0.919333 0.0251838
2 1 0 3 49 5 0 0x2f1780000000000 116.95 -36.4534 308.59 1.53913 0.919333 0.0251838
2 1 0 3 49 6 0 0x2f1800000000000 116.95 -36.4534 370.308 1.53913 0.919333 0.0251838
2 1 0 3 50 -6 0 0x2f2200000000000 120.492 -22.0908 -370.308 1.60873 1.04009 -0.0327238
2 1 0 3 50 -5 0 0x2f2280000000000 120.492 -22.0908 -308.59 1.60873 1.04009 -0.0327238
2 1 0 3 50 -4 0 0x2f2300000000000 120.492 -22.0908 -246.872 1.60873 1.04009 -0.0327238
2 1 0 3 50 -3 0 0x2f2380000000000 120.492 -22.0908 -185.154 1.60873 1.04009 -0.0327238
2 1 0 3 50 -2 0 0x2f2400000000000 120.492 -22.0908 -123.436 1.60873 1.04009 -0.0327238
2 1 0 3 50 -1 0 0x2f2480000000000 120.492 -22.0908 -61.718 1.60873 1.04009 -0.0327238
2 1 0 3 50 0 0 0x2f2500000000000 119.974 -21.7873 0 1.5708 1.04041 0
2 1 0 3 50 1 0 0x2f2580000000000 120.492 -22.0908 61.718 1.53286 1.04009 0.0327238
2 1 0 3 50 2 0 0x2f2600000000000 120.492 -22.0908 123.436 1.53286 1.04009 0.0327238
2 1 0 3 50 3 0 0x2f2680000000000 120.492 -22.0908 185.154 1.53286 1.04009 0.0327238
2 1 0 3 50 4 0 0x2f2700000000000 120.492 -22.0908 246.872 1.53286 1.04009 0.0327238
2 1 0 3 50 5 0 0x2f2780000000000 120.492 -22.0908 308.59 1.53286 1.04009 0.0327238
2 1 0 3 50 6 0 0x2f2800000000000 120.492 -22.0908 370.308 1.53286 1.04009 0.0327238
2 1 0 3 51 -6 0 0x2f3200000000000 122.276 -7.40605 -370.308 1.61898 1.16081 -0.0441939
2 1 0 3 51 -5 0 0x2f3280000000000 122.276 -7.40605 -308.59 1.61898 1.16081 -0.0441939
2 1 0 3 51 -4 0 0x2f3300000000000 122.276 -7.40605 -246.872 1.61898 1.16081 -0.0441939
2 1 0 3 51 -3 0 0x2f3380000000000 122.276 -7.40605 -185.154 1.61898 1.16081 -0.0441939
2 1 0 3 51 -2 0 0x2f3400000000000 122.276 -7.40605 -123.436 1.61898 1.16081 -0.0441939
2 1 0 3 51 -1 0 0x2f3480000000000 122.276 -7.40605 -61.718 1.61898 1.16081 -0.0441939
2 1 0 3 51 0 0 0x2f3500000000000 121.726 -7.16713 0 1.5708 1.16124 0
2 1 0 3 51 1 0 0x2f3580000000000 122.276 -7.40605 61.718 1.52261 1.16081 0.0441939
2 1 0 3 51 2 0 0x2f3600000000000 122.276 -7.40605 123.436 1.52261 1.16081 0.0441939
2 1 0 3 51 3 0 0x2f3680000000000 122.276 -7.40605 185.154 1.52261 1.16081 0.0441939
2 1 0 3 51 4 0 0x2f3700000000000 122.276 -7.40605 246.872 1.52261 1.16081 0.0441939
2 1 0 3 51 5 0 0x2f3780000000000 122.276 -7.40605 308.59 1.52261 1.16081 0.0441939
2 1 0 3 51 6 0 0x2f3800000000000 122.276 -7.40605 370.308 1.52261 1.16081 0.0441939
2 1 2 0 0 0 0 0x300500000000000 118.915 7.79409 492.9 3.14159 -5.30917e-17 -1.63625
2 1 2 0 1 0 0 0x301500000000000 116.88 23.2489 497.1 -3.14159 6.00558e-17 -1.76715
2 1 2 0 2 0 0 0x302500000000000 112.846 38.3059 492.9 3.14159 -1.86178e-17 -1.89805
2 1 2 0 3 0 0 0x303500000000000 106.88 52.7075 497.1 -3.14159 5.49176e-17 -2.02895
2 1 2 0 4 0 0 0x304500000000000 99.0862 66.2073 492.9 3.14159 1.71249e-17 -2.15984
2 1 2 0 5 0 0 0x305500000000000 89.5967 78.5742 497.1 -3.14159 4.60369e-17 -2.29074
2 1 2 0 6 0 0 0x306500000000000 78.5742 89.5967 492.9 3.14159 5.17005e-17 -2.42164
2 1 2 0 7 0 0 0x307500000000000 66.2073 99.0862 497.1 -3.14159 3.40189e-17 -2.55254
2 1 2 0 8 0 0 0x308500000000000 52.7075 106.88 492.9 3.14159 8.27529e-17 -2.68344
2 1 2 0 9 0 0 0x309500000000000 38.3059 112.846 497.1 -3.14159 1.96825e-17 -2.81434
2 1 2 0 10 0 0 0x30a500000000000 23.2489 116.88 492.9 3.14159 1.08166e-16 -2.94524
2 1 2 0 11 0 0 0x30b500000000000 7.79409 118.915 497.1 -3.14159 4.00479e-18 -3.07614
2 1 2 0 12 0 0 0x30c500000000000 -7.79409 118.915 492.9 3.14159 1.26207e-16 3.07614
2 1 2 0 13 0 0 0x30d500000000000 -23.2489 116.88 497.1 -3.14159 -1.19458e-17 2.94524
2 1 2 0 14 0 0 0x30e500000000000 -38.3059 112.846 492.9 3.14159 1.35648e-16 2.81434
2 1 2 0 15 0 0 0x30f500000000000 -52.7075 106.88 497.1 -3.14159 -2.70824e-17 2.68344
2 1 2 0 16 0 0 0x310500000000000 -66.2073 99.0862 492.9 -3.14159 1.35845e-16 2.55254
2 1 2 0 17 0 0 0x311500000000000 -78.5742 89.5967 497.1 -3.14159 -4.03733e-17 2.42164
2 1 2 0 18 0 0 0x312500000000000 -89.5967 78.5742 492.9 -3.14159 1.26783e-16 2.29074
2 1 2 0 19 0 0 0x313500000000000 -99.0862 66.2073 497.1 -3.14159 -5.09128e-17 2.15984
2 1 2 0 20 0 0 0x314500000000000 -106.88 52.7075 492.9 -3.14159 1.09082e-16 2.02895
2 1 2 0 21 0 0 0x315500000000000 -112.846 38.3059 497.1 -3.14159 -5.79827e-17 1.89805
2 1 2 0 22 0 0 0x316500000000000 -116.88 23.2489 492.9 -3.14159 8.39475e-17 1.76715
2 1 2 0 23 0 0 0x317500000000000 -118.915 7.79409 497.1 -3.14159 -6.11012e-17 1.63625
2 1 2 0 24 0 0 0x318500000000000 -118.915 -7.79409 492.9 -3.14159 5.30917e-17 1.50535
2 1 2 0 25 0 0 0x319500000000000 -116.88 -23.2489 497.1 3.14159 -6.00558e-17 1.37445
2 1 2 0 26 0 0 0x31a500000000000 -112.846 -38.3059 492.9 -3.14159 1.86178e-17 1.24355
2 1 2 0 27 0 0 0x31b500000000000 -106.88 -52.7075 497.1 3.14159 -5.49176e-17 1.11265
2 1 2 0 28 0 0 0x31c500000000000 -99.0862 -66.2073 492.9 -3.14159 -1.71249e-17 0.981748
2 1 2 0 29 0 0 0x31d500000000000 -89.5967 -78.5742 497.1 3.14159 -4.60369e-17 0.850848
2 1 2 0 30 0 0 0x31e500000000000 -78.5742 -89.5967 492.9 -3.14159 -5.17005e-17 0.719948
2 1 2 0 31 0 0 0x31f500000000000 -66.2073 -99.0862 497.1 3.14159 -3.40189e-17 0.589049
2 1 2 0 32 0 0 0x320500000000000 -52.7075 -106.88 492.9 -3.14159 -8.27529e-17 0.458149
2 1 2 0 33 0 0 0x321500000000000 -38.3059 -112.846 497.1 3.14159 -1.96825e-17 0.327249
2 1 2 0 34 0 0 0x322500000000000 -23.2489 -116.88 492.9 -3.14159 -1.08166e-16 0.19635
2 1 2 0 35 0 0 0x323500000000000 -7.79409 -118.915 497.1 3.14159 -4.00479e-18 0.0654498
2 1 2 0 36 0 0 0x324500000000000 7.79409 -118.915 492.9 -3.14159 -1.26207e-16 -0.0654498
2 1 2 0 37 0 0 0x325500000000000 23.2489 -116.88 497.1 3.14159 1.19458e-17 -0.19635
2 1 2 0 38 0 0 0x326500000000000 38.3059 -112.846 492.9 -3.14159 -1.35648e-16 -0.327249
2 1 2 0 39 0 0 0x327500000000000 52.7075 -106.88 497.1 3.14159 2.70824e-17 -0.458149
2 1 2 0 40 0 0 0x328500000000000 66.2073 -99.0862 492.9 3.14159 -1.35845e-16 -0.589049
2 1 2 0 41 0 0 0x329500000000000 78.5742 -89.5967 497.1 3.14159 4.03733e-17 -0.719948
2 1 2 0 42 0 0 0x32a500000000000 89.5967 -78.5742 492.9 3.14159 -1.26783e-16 -0.850848
2 1 2 0 43 0 0 0x32b500000000000 99.0862 -66.2073 497.1 3.14159 5.09128e-17 -0.981748
2 1 2 0 44 0 0 0x32c500000000000 106.88 -52.7075 492.9 3.14159 -1.09082e-16 -1.11265
2 1 2 0 45 0 0 0x32d500000000000 112.846 -38.3059 497.1 3.14159 5.79827e-17 -1.24355
2 1 2 0 46 0 0 0x32e500000000000 116.88 -23.2489 492.9 3.14159 -8.39475e-17 -1.37445
2 1 2 0 47 0 0 0x32f500000000000 118.915 -7.79409 497.1 3.14159 6.11012e-17 -1.50535
2 1 2 1 0 0 0 0x340500000000000 118.915 7.79409 577.9 3.14159 -5.30917e-17 -1.63625
2 1 2 1 1 0 0 0x341500000000000 116.88 23.2489 582.1 -3.14159 6.00558e-17 -1.76715
2 1 2 1 2 0 0 0x342500000000000 112.846 38.3059 577.9 3.14159 -1.86178e-17 -1.89805
2 1 2 1 3 0 0 0x343500000000000 106.88 52.7075 582.1 -3.14159 5.49176e-17 -2.02895
2 1 2 1 4 0 0 0x344500000000000 99.0862 66.2073 577.9 3.14159 1.71249e-17 -2.15984
2 1 2 1 5 0 0 0x345500000000000 89.5967 78.5742 582.1 -3.14159 4.60369e-17 -2.29074
2 1 2 1 6 0 0 0x346500000000000 78.5742 89.5967 577.9 3.14159 5.17005e-17 -2.42164
2 1 2 1 7 0 0 0x347500000000000 66.2073 99.0862 582.1 -3.14159 3.40189e-17 -2.55254
2 1 2 1 8 0 0 0x348500000000000 52.7075 106.88 577.9 3.14159 8.27529e-17 -2.68344
2 1 2 1 9 0 0 0x349500000000000 38.3059 112.846 582.1 -3.14159 1.96825e-17 -2.81434
2 1 2 1 10 0 0 0x34a500000000000 23.2489 116.88 577.9 3.14159 1.08166e-16 -2.94524
2 1 2 1 11 0 0 0x34b500000000000 7.79409 118.915 582.1 -3.14159 4.00479e-18 -3.07614
2 1 2 1 12 0 0 0x34c500000000000 -7.79409 118.915 577.9 3.14159 1.26207e-16 3.07614
2 1 2 1 13 0 0 0x34d500000000000 -23.2489 116.88 582.1 -3.14159 -1.19458e-17 2.94524
2 1 2 1 14 0 0 0x34e500000000000 -38.3059 112.846 577.9 3.14159 1.35648e-16 2.81434
2 1 2 1 15 0 0 0x34f500000000000 -52.7075 106.88 582.1 -3.14159 -2.70824e-17 2.68344
2 1 2 1 16 0 0 0x350500000000000 -66.2073 99.0862 577.9 -3.14159 1.35845e-16 2.55254
2 1 2 1 17 0 0 0x351500000000000 -78.5742 89.5967 582.1 -3.14159 -4.03733e-17 2.42164
2 1 2 1 18 0 0 0x352500000000000 -89.5967 78.5742 577.9 -3.14159 1.26783e-16 2.29074
2 1 2 1 19 0 0 0x353500000000000 -99.0862 66.2073 582.1 -3.14159 -5.09128e-17 2.15984
2 1 2 1 20 0 0 0x354500000000000 -106.88 52.7075 577.9 -3.14159 1.09082e-16 2.02895
2 1 2 1 21 0 0 0x355500000000000 -112.846 38.3059 582.1 -3.14159 -5.79827e-17 1.89805
2 1 2 1 22 0 0 0x356500000000000 -116.88 23.2489 577.9 -3.14159 8.39475e-17 1.76715
2 1 2 1 23 0 0 0x357500000000000 -118.915 7.79409 582.1 -3.14159 -6.11012e-17 1.63625
2 1 2 1 24 0 0 0x358500000000000 -118.915 -7.79409 577.9 -3.14159 5.30917e-17 1.50535
2 1 2 1 25 0 0 0x359500000000000 -116.88 -23.2489 582.1 3.14159 -6.00558e-17 1.37445
2 1 2 1 26 0 0 0x35a500000000000 -112.846 -38.3059 577.9 -3.14159 1.86178e-17 1.24355
2 1 2 1 27 0 0 0x35b500000000000 -106.88 -52.7075 582.1 3.14159 -5.49176e-17 1.11265
2 1 2 1 28 0 0 0x35c500000000000 -99.0862 -66.2073 577.9 -3.14159 -1.71249e-17 0.981748
2 1 2 1 29 0 0 0x35d500000000000 -89.5967 -78.5742 582.1 3.14159 -4.60369e-17 0.850848
2 1 2 1 30 0 0 0x35e500000000000 -78.5742 -89.5967 577.9 -3.14159 -5.17005e-17 0.719948
2 1 2 1 31 0 0 0x35f500000000000 -66.2073 -99.0862 582.1 3.14159 -3.40189e-17 0.589049
2 1 2 1 32 0 0 0x360500000000000 -52.7075 -106.88 577.9 -3.14159 -8.27529e-17 0.458149
2 1 2 1 33 0 0 0x361500000000000 -38.3059 -112.846 582.1 3.14159 -1.96825e-17 0.327249
2 1 2 1 34 0 0 0x362500000000000 -23.2489 -116.88 577.9 -3.14159 -1.08166e-16 0.19635
2 1 2 1 35 0 0 0x363500000000000 -7.79409 -118.915 582.1 3.14159 -4.00479e-18 0.0654498
2 1 2 1 36 0 0 0x364500000000000 7.79409 -118.915 577.9 -3.14159 -1.26207e-16 -0.0654498
2 1 2 1 37 0 0 0x365500000000000 23.2489 -116.88 582.1 3.14159 1.19458e-17 -0.19635
2 1 2 1 38 0 0 0x366500000000000 38.3059 -112.846 577.9 -3.14159 -1.35648e-16 -0.327249
2 1 2 1 39 0 0 0x367500000000000 52.7075 -106.88 582.1 3.14159 2.70824e-17 -0.458149
2 1 2 1 40 0 0 0x368500000000000 66.2073 -99.0862 577.9 3.14159 -1.35845e-16 -0.589049
2 1 2 1 41 0 0 0x369500000000000 78.5742 -89.5967 582.1 3.14159 4.03733e-17 -0.719948
2 1 2 1 42 0 0 0x36a500000000000 89.5967 -78.5742 577.9 3.14159 -1.26783e-16 -0.850848
2 1 2 1 43 0 0 0x36b500000000000 99.0862 -66.2073 582.1 3.14159 5.09128e-17 -0.981748
2 1 2 1 44 0 0 0x36c500000000000 106.88 -52.7075 577.9 3.14159 -1.09082e-16 -1.11265
2 1 2 1 45 0 0 0x36d500000000000 112.846 -38.3059 582.1 3.14159 5.79827e-17 -1.24355
2 1 2 1 46 0 0 0x36e500000000000 116.88 -23.2489 577.9 3.14159 -8.39475e-17 -1.37445
2 1 2 1 47 0 0 0x36f500000000000 118.915 -7.79409 582.1 3.14159 6.11012e-17 -1.50535
2 1 2 2 0 0 0 0x380500000000000 118.915 7.79409 647.9 3.14159 -5.30917e-17 -1.63625
2 1 2 2 1 0 0 0x381500000000000 116.88 23.2489 652.1 -3.14159 6.00558e-17 -1.76715
2 1 2 2 2 0 0 0x382500000000000 112.846 38.3059 647.9 3.14159 -1.86178e-17 -1.89805
2 1 2 2 3 0 0 0x383500000000000 106.88 52.7075 652.1 -3.14159 5.49176e-17 -2.02895
2 1 2 2 4 0 0 0x384500000000000 99.0862 66.2073 647.9 3.14159 1.71249e-17 -2.15984
2 1 2 2 5 0 0 0x385500000000000 89.5967 78.5742 652.1 -3.14159 4.60369e-17 -2.29074
2 1 2 2 6 0 0 0x386500000000000 78.5742 89.5967 647.9 3.14159 5.17005e-17 -2.42164
2 1 2 2 7 0 0 0x387500000000000 66.2073 99.0862 652.1 -3.14159 3.40189e-17 -2.55254
2 1 2 2 8 0 0 0x388500000000000 52.7075 106.88 647.9 3.14159 8.27529e-17 -2.68344
2 1 2 2 9 0 0 0x389500000000000 38.3059 112.846 652.1 -3.14159 1.96825e-17 -2.81434
2 1 2 2 10 0 0 0x38a500000000000 23.2489 116.88 647.9 3.14159 1.08166e-16 -2.94524
2 1 2 2 11 0 0 0x38b500000000000 7.79409 118.915 652.1 -3.14159 4.00479e-18 -3.07614
2 1 2 2 12 0 0 0x38c500000000000 -7.79409 118.915 647.9 3.14159 1.26207e-16 3.07614
2 1 2 2 13 0 0 0x38d500000000000 -23.2489 116.88 652.1 -3.14159 -1.19458e-17 2.94524
2 1 2 2 14 0 0 0x38e500000000000 -38.3059 112.846 647.9 3.14159 1.35648e-16 2.81434
2 1 2 2 15 0 0 0x38f500000000000 -52.7075 106.88 652.1 -3.14159 -2.70824e-17 2.68344
2 1 2 2 16 0 0 0x390500000000000 -66.2073 99.0862 647.9 -3.14159 1.35845e-16 2.55254
2 1 2 2 17 0 0 0x391500000000000 -78.5742 89.5967 652.1 -3.14159 -4.03733e-17 2.42164
2 1 2 2 18 0 0 0x392500000000000 -89.5967 78.5742 647.9 -3.14159 1.26783e-16 2.29074
2 1 2 2 19 0 0 0x393500000000000 -99.0862 66.2073 652.1 -3.14159 -5.09128e-17 2.15984
2 1 2 2 20 0 0 0x394500000000000 -106.88 52.7075 647.9 -3.14159 1.09082e-16 2.02895
2 1 2 2 21 0 0 0x395500000000000 -112.846 38.3059 652.1 -3.14159 -5.79827e-17 1.89805
2 1 2 2 22 0 0 0x396500000000000 -116.88 23.2489 647.9 -3.14159 8.39475e-17 1.76715
2 1 2 2 23 0 0 0x397500000000000 -118.915 7.79409 652.1 -3.14159 -6.11012e-17 1.63625
2 1 2 2 24 0 0 0x398500000000000 -118.915 -7.79409 647.9 -3.14159 5.30917e-17 1.50535
2 1 2 2 25 0 0 0x399500000000000 -116.88 -23.2489 652.1 3.14159 -6.00558e-17 1.37445
2 1 2 2 26 0 0 0x39a500000000000 -112.846 -38.3059 647.9 -3.14159 1.86178e-17 1.24355
2 1 2 2 27 0 0 0x39b500000000000 -106.88 -52.7075 652.1 3.14159 -5.49176e-17 1.11265
2 1 2 2 28 0 0 0x39c500000000000 -99.0862 -66.2073 647.9 -3.14159 -1.71249e-17 0.981748
2 1 2 2 29 0 0 0x39d500000000000 -89.5967 -78.5742 652.1 3.14159 -4.60369e-17 0.850848
2 1 2 2 30 0 0 0x39e500000000000 -78.5742 -89.5967 647.9 -3.14159 -5.17005e-17 0.719948
2 1 2 2 31 0 0 0x39f500000000000 -66.2073 -99.0862 652.1 3.14159 -3.40189e-17 0.589049
2 1 2 2 32 0 0 0x3a0500000000000 -52.7075 -106.88 647.9 -3.14159 -8.27529e-17 0.458149
2 1 2 2 33 0 0 0x3a1500000000000 -38.3059 -112.846 652.1 3.14159 -1.96825e-17 0.327249
2 1 2 2 34 0 0 0x3a2500000000000 -23.2489 -116.88 647.9 -3.14159 -1.08166e-16 0.19635
2 1 2 2 35 0 0 0x3a3500000000000 -7.79409 -118.915 652.1 3.14159 -4.00479e-18 0.0654498
2 1 2 2 36 0 0 0x3a4500000000000 7.79409 -118.915 647.9 -3.14159 -1.26207e-16 -0.0654498
2 1 2 2 37 0 0 0x3a5500000000000 23.2489 -116.88 652.1 3.14159 1.19458e-17 -0.19635
2 1 2 2 38 0 0 0x3a6500000000000 38.3059 -112.846 647.9 -3.14159 -1.35648e-16 -0.327249
2 1 2 2 39 0 0 0x3a7500000000000 52.7075 -106.88 652.1 3.14159 2.70824e-17 -0.458149
2 1 2 2 40 0 0 0x3a8500000000000 66.2073 -99.0862 647.9 3.14159 -1.35845e-16 -0.589049
2 1 2 2 41 0 0 0x3a9500000000000 78.5742 -89.5967 652.1 3.14159 4.03733e-17 -0.719948
2 1 2 2 42 0 0 0x3aa500000000000 89.5967 -78.5742 647.9 3.14159 -1.26783e-16 -0.850848
2 1 2 2 43 0 0 0x3ab500000000000 99.0862 -66.2073 652.1 3.14159 5.09128e-17 -0.981748
2 1 2 2 44 0 0 0x3ac500000000000 106.88 -52.7075 647.9 3.14159 -1.09082e-16 -1.11265
2 1 2 2 45 0 0 0x3ad500000000000 112.846 -38.3059 652.1 3.14159 5.79827e-17 -1.24355
2 1 2 2 46 0 0 0x3ae500000000000 116.88 -23.2489 647.9 3.14159 -8.39475e-17 -1.37445
2 1 2 2 47 0 0 0x3af500000000000 118.915 -7.79409 652.1 3.14159 6.11012e-17 -1.50535
2 1 4 0 0 0 0 0x400500000000000 70.5954 2.26545e-15 917.334 -3.14159 -0.174533 -1.5708
2 1 4 0 1 0 0 0x401500000000000 0 70.5954 917.334 2.96706 1.12482e-32 -3.14159
2 1 4 0 2 0 0 0x402500000000000 -70.5954 -7.55151e-16 917.334 3.14159 0.174533 1.5708
2 1 4 0 3 0 0 0x403500000000000 1.5103e-15 -70.5954 917.334 -2.96706 2.12658e-17 1.81837e-16
2 1 4 1 0 0 0 0x440500000000000 74.6 1.52983e-15 967.399 -3.14159 -0.174533 -1.5708
2 1 4 1 1 0 0 0x441500000000000 0 74.6 967.399 2.96706 1.12482e-32 -3.14159
2 1 4 1 2 0 0 0x442500000000000 -74.6 -5.09942e-16 967.399 3.14159 0.174533 1.5708
2 1 4 1 3 0 0 0x443500000000000 1.01988e-15 -74.6 967.399 -2.96706 2.12658e-17 1.81837e-16
2 1 4 2 0 0 0 0x480500000000000 78.6046 7.94197e-16 1017.46 -3.14159 -0.174533 -1.5708
2 1 4 2 1 0 0 0x481500000000000 0 78.6046 1017.46 2.96706 1.12482e-32 -3.14159
2 1 4 2 2 0 0 0x482500000000000 -78.6046 -2.64732e-16 1017.46 3.14159 0.174533 1.5708
2 1 4 2 3 0 0 0x483500000000000 5.29465e-16 -78.6046 1017.46 -2.96706 2.12658e-17 1.81837e-16
